Copyright 1986-2022 Xilinx, Inc. All Rights Reserved. Copyright 2022-2024 Advanced Micro Devices, Inc. All Rights Reserved.
---------------------------------------------------------------------------------------------------------------------------------------------
| Tool Version : Vivado v.2024.2 (win64) Build 5239630 Fri Nov 08 22:35:27 MST 2024
| Date         : Sat May  9 20:11:28 2026
| Host         : C27-5CG31326ZG running 64-bit major release  (build 9200)
| Command      : report_drc -file final_project_drc_routed.rpt -pb final_project_drc_routed.pb -rpx final_project_drc_routed.rpx
| Design       : final_project
| Device       : xc7a200tsbg484-1
| Speed File   : -1
| Design State : Fully Routed
---------------------------------------------------------------------------------------------------------------------------------------------

Report DRC

Table of Contents
-----------------
1. REPORT SUMMARY
2. REPORT DETAILS

1. REPORT SUMMARY
-----------------
            Netlist: netlist
          Floorplan: design_1
      Design limits: <entire design considered>
           Ruledeck: default
             Max checks: <unlimited>
             Checks found: 442
+----------+----------+-----------------------------------------------------+--------+
| Rule     | Severity | Description                                         | Checks |
+----------+----------+-----------------------------------------------------+--------+
| CFGBVS-1 | Warning  | Missing CFGBVS and CONFIG_VOLTAGE Design Properties | 1      |
| DPIP-1   | Warning  | Input pipelining                                    | 104    |
| DPOP-1   | Warning  | PREG Output pipelining                              | 200    |
| DPOP-2   | Warning  | MREG Output pipelining                              | 136    |
| PDRC-153 | Warning  | Gated clock check                                   | 1      |
+----------+----------+-----------------------------------------------------+--------+

2. REPORT DETAILS
-----------------
CFGBVS-1#1 Warning
Missing CFGBVS and CONFIG_VOLTAGE Design Properties  
Neither the CFGBVS nor CONFIG_VOLTAGE voltage property is set in the current_design.  Configuration bank voltage select (CFGBVS) must be set to VCCO or GND, and CONFIG_VOLTAGE must be set to the correct configuration voltage, in order to determine the I/O voltage support for the pins in bank 0.  It is suggested to specify these either using the 'Edit Device Properties' function in the GUI or directly in the XDC file using the following syntax:

 set_property CFGBVS value1 [current_design]
 #where value1 is either VCCO or GND

 set_property CONFIG_VOLTAGE value2 [current_design]
 #where value2 is the voltage provided to configuration bank 0

Refer to the device configuration user guide for more information.
Related violations: <none>

DPIP-1#1 Warning
Input pipelining  
DSP frequency_discern_inst/gtz_1209/addmulres_p_Q64000__3 input frequency_discern_inst/gtz_1209/addmulres_p_Q64000__3/A[29:0] is not pipelined. Pipelining DSP48 input will improve performance.
Related violations: <none>

DPIP-1#2 Warning
Input pipelining  
DSP frequency_discern_inst/gtz_1209/addmulres_p_Q64000__3 input frequency_discern_inst/gtz_1209/addmulres_p_Q64000__3/B[17:0] is not pipelined. Pipelining DSP48 input will improve performance.
Related violations: <none>

DPIP-1#3 Warning
Input pipelining  
DSP frequency_discern_inst/gtz_1209/addmulres_p_Q64000__4 input frequency_discern_inst/gtz_1209/addmulres_p_Q64000__4/A[29:0] is not pipelined. Pipelining DSP48 input will improve performance.
Related violations: <none>

DPIP-1#4 Warning
Input pipelining  
DSP frequency_discern_inst/gtz_1209/addmulres_p_Q64000__4 input frequency_discern_inst/gtz_1209/addmulres_p_Q64000__4/B[17:0] is not pipelined. Pipelining DSP48 input will improve performance.
Related violations: <none>

DPIP-1#5 Warning
Input pipelining  
DSP frequency_discern_inst/gtz_1209/addmulres_p_Q64000__5 input frequency_discern_inst/gtz_1209/addmulres_p_Q64000__5/A[29:0] is not pipelined. Pipelining DSP48 input will improve performance.
Related violations: <none>

DPIP-1#6 Warning
Input pipelining  
DSP frequency_discern_inst/gtz_1209/addmulres_p_Q64000__5 input frequency_discern_inst/gtz_1209/addmulres_p_Q64000__5/B[17:0] is not pipelined. Pipelining DSP48 input will improve performance.
Related violations: <none>

DPIP-1#7 Warning
Input pipelining  
DSP frequency_discern_inst/gtz_1209/addmulres_p_Q64000__6 input frequency_discern_inst/gtz_1209/addmulres_p_Q64000__6/A[29:0] is not pipelined. Pipelining DSP48 input will improve performance.
Related violations: <none>

DPIP-1#8 Warning
Input pipelining  
DSP frequency_discern_inst/gtz_1209/addmulres_p_Q64000__6 input frequency_discern_inst/gtz_1209/addmulres_p_Q64000__6/B[17:0] is not pipelined. Pipelining DSP48 input will improve performance.
Related violations: <none>

DPIP-1#9 Warning
Input pipelining  
DSP frequency_discern_inst/gtz_1209/p_out_Q66301 input frequency_discern_inst/gtz_1209/p_out_Q66301/A[29:0] is not pipelined. Pipelining DSP48 input will improve performance.
Related violations: <none>

DPIP-1#10 Warning
Input pipelining  
DSP frequency_discern_inst/gtz_1209/p_out_Q66301__0 input frequency_discern_inst/gtz_1209/p_out_Q66301__0/B[17:0] is not pipelined. Pipelining DSP48 input will improve performance.
Related violations: <none>

DPIP-1#11 Warning
Input pipelining  
DSP frequency_discern_inst/gtz_1209/p_out_Q66301__1 input frequency_discern_inst/gtz_1209/p_out_Q66301__1/A[29:0] is not pipelined. Pipelining DSP48 input will improve performance.
Related violations: <none>

DPIP-1#12 Warning
Input pipelining  
DSP frequency_discern_inst/gtz_1209/p_out_Q66301__3 input frequency_discern_inst/gtz_1209/p_out_Q66301__3/A[29:0] is not pipelined. Pipelining DSP48 input will improve performance.
Related violations: <none>

DPIP-1#13 Warning
Input pipelining  
DSP frequency_discern_inst/gtz_1209/p_out_Q66301__5 input frequency_discern_inst/gtz_1209/p_out_Q66301__5/A[29:0] is not pipelined. Pipelining DSP48 input will improve performance.
Related violations: <none>

DPIP-1#14 Warning
Input pipelining  
DSP frequency_discern_inst/gtz_1336/addmulres_p_Q64000__3 input frequency_discern_inst/gtz_1336/addmulres_p_Q64000__3/A[29:0] is not pipelined. Pipelining DSP48 input will improve performance.
Related violations: <none>

DPIP-1#15 Warning
Input pipelining  
DSP frequency_discern_inst/gtz_1336/addmulres_p_Q64000__3 input frequency_discern_inst/gtz_1336/addmulres_p_Q64000__3/B[17:0] is not pipelined. Pipelining DSP48 input will improve performance.
Related violations: <none>

DPIP-1#16 Warning
Input pipelining  
DSP frequency_discern_inst/gtz_1336/addmulres_p_Q64000__4 input frequency_discern_inst/gtz_1336/addmulres_p_Q64000__4/A[29:0] is not pipelined. Pipelining DSP48 input will improve performance.
Related violations: <none>

DPIP-1#17 Warning
Input pipelining  
DSP frequency_discern_inst/gtz_1336/addmulres_p_Q64000__4 input frequency_discern_inst/gtz_1336/addmulres_p_Q64000__4/B[17:0] is not pipelined. Pipelining DSP48 input will improve performance.
Related violations: <none>

DPIP-1#18 Warning
Input pipelining  
DSP frequency_discern_inst/gtz_1336/addmulres_p_Q64000__5 input frequency_discern_inst/gtz_1336/addmulres_p_Q64000__5/A[29:0] is not pipelined. Pipelining DSP48 input will improve performance.
Related violations: <none>

DPIP-1#19 Warning
Input pipelining  
DSP frequency_discern_inst/gtz_1336/addmulres_p_Q64000__5 input frequency_discern_inst/gtz_1336/addmulres_p_Q64000__5/B[17:0] is not pipelined. Pipelining DSP48 input will improve performance.
Related violations: <none>

DPIP-1#20 Warning
Input pipelining  
DSP frequency_discern_inst/gtz_1336/addmulres_p_Q64000__6 input frequency_discern_inst/gtz_1336/addmulres_p_Q64000__6/A[29:0] is not pipelined. Pipelining DSP48 input will improve performance.
Related violations: <none>

DPIP-1#21 Warning
Input pipelining  
DSP frequency_discern_inst/gtz_1336/addmulres_p_Q64000__6 input frequency_discern_inst/gtz_1336/addmulres_p_Q64000__6/B[17:0] is not pipelined. Pipelining DSP48 input will improve performance.
Related violations: <none>

DPIP-1#22 Warning
Input pipelining  
DSP frequency_discern_inst/gtz_1336/p_out_Q66301 input frequency_discern_inst/gtz_1336/p_out_Q66301/A[29:0] is not pipelined. Pipelining DSP48 input will improve performance.
Related violations: <none>

DPIP-1#23 Warning
Input pipelining  
DSP frequency_discern_inst/gtz_1336/p_out_Q66301__0 input frequency_discern_inst/gtz_1336/p_out_Q66301__0/B[17:0] is not pipelined. Pipelining DSP48 input will improve performance.
Related violations: <none>

DPIP-1#24 Warning
Input pipelining  
DSP frequency_discern_inst/gtz_1336/p_out_Q66301__1 input frequency_discern_inst/gtz_1336/p_out_Q66301__1/A[29:0] is not pipelined. Pipelining DSP48 input will improve performance.
Related violations: <none>

DPIP-1#25 Warning
Input pipelining  
DSP frequency_discern_inst/gtz_1336/p_out_Q66301__3 input frequency_discern_inst/gtz_1336/p_out_Q66301__3/A[29:0] is not pipelined. Pipelining DSP48 input will improve performance.
Related violations: <none>

DPIP-1#26 Warning
Input pipelining  
DSP frequency_discern_inst/gtz_1336/p_out_Q66301__5 input frequency_discern_inst/gtz_1336/p_out_Q66301__5/A[29:0] is not pipelined. Pipelining DSP48 input will improve performance.
Related violations: <none>

DPIP-1#27 Warning
Input pipelining  
DSP frequency_discern_inst/gtz_1477/addmulres_p_Q64000__3 input frequency_discern_inst/gtz_1477/addmulres_p_Q64000__3/A[29:0] is not pipelined. Pipelining DSP48 input will improve performance.
Related violations: <none>

DPIP-1#28 Warning
Input pipelining  
DSP frequency_discern_inst/gtz_1477/addmulres_p_Q64000__3 input frequency_discern_inst/gtz_1477/addmulres_p_Q64000__3/B[17:0] is not pipelined. Pipelining DSP48 input will improve performance.
Related violations: <none>

DPIP-1#29 Warning
Input pipelining  
DSP frequency_discern_inst/gtz_1477/addmulres_p_Q64000__4 input frequency_discern_inst/gtz_1477/addmulres_p_Q64000__4/A[29:0] is not pipelined. Pipelining DSP48 input will improve performance.
Related violations: <none>

DPIP-1#30 Warning
Input pipelining  
DSP frequency_discern_inst/gtz_1477/addmulres_p_Q64000__4 input frequency_discern_inst/gtz_1477/addmulres_p_Q64000__4/B[17:0] is not pipelined. Pipelining DSP48 input will improve performance.
Related violations: <none>

DPIP-1#31 Warning
Input pipelining  
DSP frequency_discern_inst/gtz_1477/addmulres_p_Q64000__5 input frequency_discern_inst/gtz_1477/addmulres_p_Q64000__5/A[29:0] is not pipelined. Pipelining DSP48 input will improve performance.
Related violations: <none>

DPIP-1#32 Warning
Input pipelining  
DSP frequency_discern_inst/gtz_1477/addmulres_p_Q64000__5 input frequency_discern_inst/gtz_1477/addmulres_p_Q64000__5/B[17:0] is not pipelined. Pipelining DSP48 input will improve performance.
Related violations: <none>

DPIP-1#33 Warning
Input pipelining  
DSP frequency_discern_inst/gtz_1477/addmulres_p_Q64000__6 input frequency_discern_inst/gtz_1477/addmulres_p_Q64000__6/A[29:0] is not pipelined. Pipelining DSP48 input will improve performance.
Related violations: <none>

DPIP-1#34 Warning
Input pipelining  
DSP frequency_discern_inst/gtz_1477/addmulres_p_Q64000__6 input frequency_discern_inst/gtz_1477/addmulres_p_Q64000__6/B[17:0] is not pipelined. Pipelining DSP48 input will improve performance.
Related violations: <none>

DPIP-1#35 Warning
Input pipelining  
DSP frequency_discern_inst/gtz_1477/p_out_Q66301 input frequency_discern_inst/gtz_1477/p_out_Q66301/B[17:0] is not pipelined. Pipelining DSP48 input will improve performance.
Related violations: <none>

DPIP-1#36 Warning
Input pipelining  
DSP frequency_discern_inst/gtz_1477/p_out_Q66301__0 input frequency_discern_inst/gtz_1477/p_out_Q66301__0/B[17:0] is not pipelined. Pipelining DSP48 input will improve performance.
Related violations: <none>

DPIP-1#37 Warning
Input pipelining  
DSP frequency_discern_inst/gtz_1477/p_out_Q66301__1 input frequency_discern_inst/gtz_1477/p_out_Q66301__1/A[29:0] is not pipelined. Pipelining DSP48 input will improve performance.
Related violations: <none>

DPIP-1#38 Warning
Input pipelining  
DSP frequency_discern_inst/gtz_1477/p_out_Q66301__3 input frequency_discern_inst/gtz_1477/p_out_Q66301__3/A[29:0] is not pipelined. Pipelining DSP48 input will improve performance.
Related violations: <none>

DPIP-1#39 Warning
Input pipelining  
DSP frequency_discern_inst/gtz_1477/p_out_Q66301__5 input frequency_discern_inst/gtz_1477/p_out_Q66301__5/A[29:0] is not pipelined. Pipelining DSP48 input will improve performance.
Related violations: <none>

DPIP-1#40 Warning
Input pipelining  
DSP frequency_discern_inst/gtz_1633/addmulres_p_Q64000__3 input frequency_discern_inst/gtz_1633/addmulres_p_Q64000__3/A[29:0] is not pipelined. Pipelining DSP48 input will improve performance.
Related violations: <none>

DPIP-1#41 Warning
Input pipelining  
DSP frequency_discern_inst/gtz_1633/addmulres_p_Q64000__3 input frequency_discern_inst/gtz_1633/addmulres_p_Q64000__3/B[17:0] is not pipelined. Pipelining DSP48 input will improve performance.
Related violations: <none>

DPIP-1#42 Warning
Input pipelining  
DSP frequency_discern_inst/gtz_1633/addmulres_p_Q64000__4 input frequency_discern_inst/gtz_1633/addmulres_p_Q64000__4/A[29:0] is not pipelined. Pipelining DSP48 input will improve performance.
Related violations: <none>

DPIP-1#43 Warning
Input pipelining  
DSP frequency_discern_inst/gtz_1633/addmulres_p_Q64000__4 input frequency_discern_inst/gtz_1633/addmulres_p_Q64000__4/B[17:0] is not pipelined. Pipelining DSP48 input will improve performance.
Related violations: <none>

DPIP-1#44 Warning
Input pipelining  
DSP frequency_discern_inst/gtz_1633/addmulres_p_Q64000__5 input frequency_discern_inst/gtz_1633/addmulres_p_Q64000__5/A[29:0] is not pipelined. Pipelining DSP48 input will improve performance.
Related violations: <none>

DPIP-1#45 Warning
Input pipelining  
DSP frequency_discern_inst/gtz_1633/addmulres_p_Q64000__5 input frequency_discern_inst/gtz_1633/addmulres_p_Q64000__5/B[17:0] is not pipelined. Pipelining DSP48 input will improve performance.
Related violations: <none>

DPIP-1#46 Warning
Input pipelining  
DSP frequency_discern_inst/gtz_1633/addmulres_p_Q64000__6 input frequency_discern_inst/gtz_1633/addmulres_p_Q64000__6/A[29:0] is not pipelined. Pipelining DSP48 input will improve performance.
Related violations: <none>

DPIP-1#47 Warning
Input pipelining  
DSP frequency_discern_inst/gtz_1633/addmulres_p_Q64000__6 input frequency_discern_inst/gtz_1633/addmulres_p_Q64000__6/B[17:0] is not pipelined. Pipelining DSP48 input will improve performance.
Related violations: <none>

DPIP-1#48 Warning
Input pipelining  
DSP frequency_discern_inst/gtz_1633/p_out_Q66301 input frequency_discern_inst/gtz_1633/p_out_Q66301/A[29:0] is not pipelined. Pipelining DSP48 input will improve performance.
Related violations: <none>

DPIP-1#49 Warning
Input pipelining  
DSP frequency_discern_inst/gtz_1633/p_out_Q66301__0 input frequency_discern_inst/gtz_1633/p_out_Q66301__0/B[17:0] is not pipelined. Pipelining DSP48 input will improve performance.
Related violations: <none>

DPIP-1#50 Warning
Input pipelining  
DSP frequency_discern_inst/gtz_1633/p_out_Q66301__1 input frequency_discern_inst/gtz_1633/p_out_Q66301__1/A[29:0] is not pipelined. Pipelining DSP48 input will improve performance.
Related violations: <none>

DPIP-1#51 Warning
Input pipelining  
DSP frequency_discern_inst/gtz_1633/p_out_Q66301__3 input frequency_discern_inst/gtz_1633/p_out_Q66301__3/A[29:0] is not pipelined. Pipelining DSP48 input will improve performance.
Related violations: <none>

DPIP-1#52 Warning
Input pipelining  
DSP frequency_discern_inst/gtz_1633/p_out_Q66301__5 input frequency_discern_inst/gtz_1633/p_out_Q66301__5/A[29:0] is not pipelined. Pipelining DSP48 input will improve performance.
Related violations: <none>

DPIP-1#53 Warning
Input pipelining  
DSP frequency_discern_inst/gtz_697/addmulres_p_Q64000__3 input frequency_discern_inst/gtz_697/addmulres_p_Q64000__3/A[29:0] is not pipelined. Pipelining DSP48 input will improve performance.
Related violations: <none>

DPIP-1#54 Warning
Input pipelining  
DSP frequency_discern_inst/gtz_697/addmulres_p_Q64000__3 input frequency_discern_inst/gtz_697/addmulres_p_Q64000__3/B[17:0] is not pipelined. Pipelining DSP48 input will improve performance.
Related violations: <none>

DPIP-1#55 Warning
Input pipelining  
DSP frequency_discern_inst/gtz_697/addmulres_p_Q64000__4 input frequency_discern_inst/gtz_697/addmulres_p_Q64000__4/A[29:0] is not pipelined. Pipelining DSP48 input will improve performance.
Related violations: <none>

DPIP-1#56 Warning
Input pipelining  
DSP frequency_discern_inst/gtz_697/addmulres_p_Q64000__4 input frequency_discern_inst/gtz_697/addmulres_p_Q64000__4/B[17:0] is not pipelined. Pipelining DSP48 input will improve performance.
Related violations: <none>

DPIP-1#57 Warning
Input pipelining  
DSP frequency_discern_inst/gtz_697/addmulres_p_Q64000__5 input frequency_discern_inst/gtz_697/addmulres_p_Q64000__5/A[29:0] is not pipelined. Pipelining DSP48 input will improve performance.
Related violations: <none>

DPIP-1#58 Warning
Input pipelining  
DSP frequency_discern_inst/gtz_697/addmulres_p_Q64000__5 input frequency_discern_inst/gtz_697/addmulres_p_Q64000__5/B[17:0] is not pipelined. Pipelining DSP48 input will improve performance.
Related violations: <none>

DPIP-1#59 Warning
Input pipelining  
DSP frequency_discern_inst/gtz_697/addmulres_p_Q64000__6 input frequency_discern_inst/gtz_697/addmulres_p_Q64000__6/A[29:0] is not pipelined. Pipelining DSP48 input will improve performance.
Related violations: <none>

DPIP-1#60 Warning
Input pipelining  
DSP frequency_discern_inst/gtz_697/addmulres_p_Q64000__6 input frequency_discern_inst/gtz_697/addmulres_p_Q64000__6/B[17:0] is not pipelined. Pipelining DSP48 input will improve performance.
Related violations: <none>

DPIP-1#61 Warning
Input pipelining  
DSP frequency_discern_inst/gtz_697/p_out_Q66301 input frequency_discern_inst/gtz_697/p_out_Q66301/B[17:0] is not pipelined. Pipelining DSP48 input will improve performance.
Related violations: <none>

DPIP-1#62 Warning
Input pipelining  
DSP frequency_discern_inst/gtz_697/p_out_Q66301__0 input frequency_discern_inst/gtz_697/p_out_Q66301__0/B[17:0] is not pipelined. Pipelining DSP48 input will improve performance.
Related violations: <none>

DPIP-1#63 Warning
Input pipelining  
DSP frequency_discern_inst/gtz_697/p_out_Q66301__1 input frequency_discern_inst/gtz_697/p_out_Q66301__1/A[29:0] is not pipelined. Pipelining DSP48 input will improve performance.
Related violations: <none>

DPIP-1#64 Warning
Input pipelining  
DSP frequency_discern_inst/gtz_697/p_out_Q66301__3 input frequency_discern_inst/gtz_697/p_out_Q66301__3/A[29:0] is not pipelined. Pipelining DSP48 input will improve performance.
Related violations: <none>

DPIP-1#65 Warning
Input pipelining  
DSP frequency_discern_inst/gtz_697/p_out_Q66301__5 input frequency_discern_inst/gtz_697/p_out_Q66301__5/A[29:0] is not pipelined. Pipelining DSP48 input will improve performance.
Related violations: <none>

DPIP-1#66 Warning
Input pipelining  
DSP frequency_discern_inst/gtz_770/addmulres_p_Q64000__3 input frequency_discern_inst/gtz_770/addmulres_p_Q64000__3/A[29:0] is not pipelined. Pipelining DSP48 input will improve performance.
Related violations: <none>

DPIP-1#67 Warning
Input pipelining  
DSP frequency_discern_inst/gtz_770/addmulres_p_Q64000__3 input frequency_discern_inst/gtz_770/addmulres_p_Q64000__3/B[17:0] is not pipelined. Pipelining DSP48 input will improve performance.
Related violations: <none>

DPIP-1#68 Warning
Input pipelining  
DSP frequency_discern_inst/gtz_770/addmulres_p_Q64000__4 input frequency_discern_inst/gtz_770/addmulres_p_Q64000__4/A[29:0] is not pipelined. Pipelining DSP48 input will improve performance.
Related violations: <none>

DPIP-1#69 Warning
Input pipelining  
DSP frequency_discern_inst/gtz_770/addmulres_p_Q64000__4 input frequency_discern_inst/gtz_770/addmulres_p_Q64000__4/B[17:0] is not pipelined. Pipelining DSP48 input will improve performance.
Related violations: <none>

DPIP-1#70 Warning
Input pipelining  
DSP frequency_discern_inst/gtz_770/addmulres_p_Q64000__5 input frequency_discern_inst/gtz_770/addmulres_p_Q64000__5/A[29:0] is not pipelined. Pipelining DSP48 input will improve performance.
Related violations: <none>

DPIP-1#71 Warning
Input pipelining  
DSP frequency_discern_inst/gtz_770/addmulres_p_Q64000__5 input frequency_discern_inst/gtz_770/addmulres_p_Q64000__5/B[17:0] is not pipelined. Pipelining DSP48 input will improve performance.
Related violations: <none>

DPIP-1#72 Warning
Input pipelining  
DSP frequency_discern_inst/gtz_770/addmulres_p_Q64000__6 input frequency_discern_inst/gtz_770/addmulres_p_Q64000__6/A[29:0] is not pipelined. Pipelining DSP48 input will improve performance.
Related violations: <none>

DPIP-1#73 Warning
Input pipelining  
DSP frequency_discern_inst/gtz_770/addmulres_p_Q64000__6 input frequency_discern_inst/gtz_770/addmulres_p_Q64000__6/B[17:0] is not pipelined. Pipelining DSP48 input will improve performance.
Related violations: <none>

DPIP-1#74 Warning
Input pipelining  
DSP frequency_discern_inst/gtz_770/p_out_Q66301 input frequency_discern_inst/gtz_770/p_out_Q66301/B[17:0] is not pipelined. Pipelining DSP48 input will improve performance.
Related violations: <none>

DPIP-1#75 Warning
Input pipelining  
DSP frequency_discern_inst/gtz_770/p_out_Q66301__0 input frequency_discern_inst/gtz_770/p_out_Q66301__0/B[17:0] is not pipelined. Pipelining DSP48 input will improve performance.
Related violations: <none>

DPIP-1#76 Warning
Input pipelining  
DSP frequency_discern_inst/gtz_770/p_out_Q66301__1 input frequency_discern_inst/gtz_770/p_out_Q66301__1/A[29:0] is not pipelined. Pipelining DSP48 input will improve performance.
Related violations: <none>

DPIP-1#77 Warning
Input pipelining  
DSP frequency_discern_inst/gtz_770/p_out_Q66301__3 input frequency_discern_inst/gtz_770/p_out_Q66301__3/A[29:0] is not pipelined. Pipelining DSP48 input will improve performance.
Related violations: <none>

DPIP-1#78 Warning
Input pipelining  
DSP frequency_discern_inst/gtz_770/p_out_Q66301__5 input frequency_discern_inst/gtz_770/p_out_Q66301__5/A[29:0] is not pipelined. Pipelining DSP48 input will improve performance.
Related violations: <none>

DPIP-1#79 Warning
Input pipelining  
DSP frequency_discern_inst/gtz_852/addmulres_p_Q64000__3 input frequency_discern_inst/gtz_852/addmulres_p_Q64000__3/A[29:0] is not pipelined. Pipelining DSP48 input will improve performance.
Related violations: <none>

DPIP-1#80 Warning
Input pipelining  
DSP frequency_discern_inst/gtz_852/addmulres_p_Q64000__3 input frequency_discern_inst/gtz_852/addmulres_p_Q64000__3/B[17:0] is not pipelined. Pipelining DSP48 input will improve performance.
Related violations: <none>

DPIP-1#81 Warning
Input pipelining  
DSP frequency_discern_inst/gtz_852/addmulres_p_Q64000__4 input frequency_discern_inst/gtz_852/addmulres_p_Q64000__4/A[29:0] is not pipelined. Pipelining DSP48 input will improve performance.
Related violations: <none>

DPIP-1#82 Warning
Input pipelining  
DSP frequency_discern_inst/gtz_852/addmulres_p_Q64000__4 input frequency_discern_inst/gtz_852/addmulres_p_Q64000__4/B[17:0] is not pipelined. Pipelining DSP48 input will improve performance.
Related violations: <none>

DPIP-1#83 Warning
Input pipelining  
DSP frequency_discern_inst/gtz_852/addmulres_p_Q64000__5 input frequency_discern_inst/gtz_852/addmulres_p_Q64000__5/A[29:0] is not pipelined. Pipelining DSP48 input will improve performance.
Related violations: <none>

DPIP-1#84 Warning
Input pipelining  
DSP frequency_discern_inst/gtz_852/addmulres_p_Q64000__5 input frequency_discern_inst/gtz_852/addmulres_p_Q64000__5/B[17:0] is not pipelined. Pipelining DSP48 input will improve performance.
Related violations: <none>

DPIP-1#85 Warning
Input pipelining  
DSP frequency_discern_inst/gtz_852/addmulres_p_Q64000__6 input frequency_discern_inst/gtz_852/addmulres_p_Q64000__6/A[29:0] is not pipelined. Pipelining DSP48 input will improve performance.
Related violations: <none>

DPIP-1#86 Warning
Input pipelining  
DSP frequency_discern_inst/gtz_852/addmulres_p_Q64000__6 input frequency_discern_inst/gtz_852/addmulres_p_Q64000__6/B[17:0] is not pipelined. Pipelining DSP48 input will improve performance.
Related violations: <none>

DPIP-1#87 Warning
Input pipelining  
DSP frequency_discern_inst/gtz_852/p_out_Q66301 input frequency_discern_inst/gtz_852/p_out_Q66301/A[29:0] is not pipelined. Pipelining DSP48 input will improve performance.
Related violations: <none>

DPIP-1#88 Warning
Input pipelining  
DSP frequency_discern_inst/gtz_852/p_out_Q66301__0 input frequency_discern_inst/gtz_852/p_out_Q66301__0/B[17:0] is not pipelined. Pipelining DSP48 input will improve performance.
Related violations: <none>

DPIP-1#89 Warning
Input pipelining  
DSP frequency_discern_inst/gtz_852/p_out_Q66301__1 input frequency_discern_inst/gtz_852/p_out_Q66301__1/A[29:0] is not pipelined. Pipelining DSP48 input will improve performance.
Related violations: <none>

DPIP-1#90 Warning
Input pipelining  
DSP frequency_discern_inst/gtz_852/p_out_Q66301__3 input frequency_discern_inst/gtz_852/p_out_Q66301__3/A[29:0] is not pipelined. Pipelining DSP48 input will improve performance.
Related violations: <none>

DPIP-1#91 Warning
Input pipelining  
DSP frequency_discern_inst/gtz_852/p_out_Q66301__5 input frequency_discern_inst/gtz_852/p_out_Q66301__5/A[29:0] is not pipelined. Pipelining DSP48 input will improve performance.
Related violations: <none>

DPIP-1#92 Warning
Input pipelining  
DSP frequency_discern_inst/gtz_941/addmulres_p_Q64000__3 input frequency_discern_inst/gtz_941/addmulres_p_Q64000__3/A[29:0] is not pipelined. Pipelining DSP48 input will improve performance.
Related violations: <none>

DPIP-1#93 Warning
Input pipelining  
DSP frequency_discern_inst/gtz_941/addmulres_p_Q64000__3 input frequency_discern_inst/gtz_941/addmulres_p_Q64000__3/B[17:0] is not pipelined. Pipelining DSP48 input will improve performance.
Related violations: <none>

DPIP-1#94 Warning
Input pipelining  
DSP frequency_discern_inst/gtz_941/addmulres_p_Q64000__4 input frequency_discern_inst/gtz_941/addmulres_p_Q64000__4/A[29:0] is not pipelined. Pipelining DSP48 input will improve performance.
Related violations: <none>

DPIP-1#95 Warning
Input pipelining  
DSP frequency_discern_inst/gtz_941/addmulres_p_Q64000__4 input frequency_discern_inst/gtz_941/addmulres_p_Q64000__4/B[17:0] is not pipelined. Pipelining DSP48 input will improve performance.
Related violations: <none>

DPIP-1#96 Warning
Input pipelining  
DSP frequency_discern_inst/gtz_941/addmulres_p_Q64000__5 input frequency_discern_inst/gtz_941/addmulres_p_Q64000__5/A[29:0] is not pipelined. Pipelining DSP48 input will improve performance.
Related violations: <none>

DPIP-1#97 Warning
Input pipelining  
DSP frequency_discern_inst/gtz_941/addmulres_p_Q64000__5 input frequency_discern_inst/gtz_941/addmulres_p_Q64000__5/B[17:0] is not pipelined. Pipelining DSP48 input will improve performance.
Related violations: <none>

DPIP-1#98 Warning
Input pipelining  
DSP frequency_discern_inst/gtz_941/addmulres_p_Q64000__6 input frequency_discern_inst/gtz_941/addmulres_p_Q64000__6/A[29:0] is not pipelined. Pipelining DSP48 input will improve performance.
Related violations: <none>

DPIP-1#99 Warning
Input pipelining  
DSP frequency_discern_inst/gtz_941/addmulres_p_Q64000__6 input frequency_discern_inst/gtz_941/addmulres_p_Q64000__6/B[17:0] is not pipelined. Pipelining DSP48 input will improve performance.
Related violations: <none>

DPIP-1#100 Warning
Input pipelining  
DSP frequency_discern_inst/gtz_941/p_out_Q66301 input frequency_discern_inst/gtz_941/p_out_Q66301/B[17:0] is not pipelined. Pipelining DSP48 input will improve performance.
Related violations: <none>

DPIP-1#101 Warning
Input pipelining  
DSP frequency_discern_inst/gtz_941/p_out_Q66301__0 input frequency_discern_inst/gtz_941/p_out_Q66301__0/B[17:0] is not pipelined. Pipelining DSP48 input will improve performance.
Related violations: <none>

DPIP-1#102 Warning
Input pipelining  
DSP frequency_discern_inst/gtz_941/p_out_Q66301__1 input frequency_discern_inst/gtz_941/p_out_Q66301__1/A[29:0] is not pipelined. Pipelining DSP48 input will improve performance.
Related violations: <none>

DPIP-1#103 Warning
Input pipelining  
DSP frequency_discern_inst/gtz_941/p_out_Q66301__3 input frequency_discern_inst/gtz_941/p_out_Q66301__3/A[29:0] is not pipelined. Pipelining DSP48 input will improve performance.
Related violations: <none>

DPIP-1#104 Warning
Input pipelining  
DSP frequency_discern_inst/gtz_941/p_out_Q66301__5 input frequency_discern_inst/gtz_941/p_out_Q66301__5/A[29:0] is not pipelined. Pipelining DSP48 input will improve performance.
Related violations: <none>

DPOP-1#1 Warning
PREG Output pipelining  
DSP frequency_discern_inst/gtz_1209/addmulres_p_Q64000 output frequency_discern_inst/gtz_1209/addmulres_p_Q64000/P[47:0] is not pipelined (PREG=0). Pipelining the DSP48 output will improve performance and often saves power so it is suggested whenever possible to fully pipeline this function.  If this DSP48 function was inferred, it is suggested to describe an additional register stage after this function.  If the DSP48 was instantiated in the design, it is suggested to set the PREG attribute to 1.
Related violations: <none>

DPOP-1#2 Warning
PREG Output pipelining  
DSP frequency_discern_inst/gtz_1209/addmulres_p_Q64000__0 output frequency_discern_inst/gtz_1209/addmulres_p_Q64000__0/P[47:0] is not pipelined (PREG=0). Pipelining the DSP48 output will improve performance and often saves power so it is suggested whenever possible to fully pipeline this function.  If this DSP48 function was inferred, it is suggested to describe an additional register stage after this function.  If the DSP48 was instantiated in the design, it is suggested to set the PREG attribute to 1.
Related violations: <none>

DPOP-1#3 Warning
PREG Output pipelining  
DSP frequency_discern_inst/gtz_1209/addmulres_p_Q64000__1 output frequency_discern_inst/gtz_1209/addmulres_p_Q64000__1/P[47:0] is not pipelined (PREG=0). Pipelining the DSP48 output will improve performance and often saves power so it is suggested whenever possible to fully pipeline this function.  If this DSP48 function was inferred, it is suggested to describe an additional register stage after this function.  If the DSP48 was instantiated in the design, it is suggested to set the PREG attribute to 1.
Related violations: <none>

DPOP-1#4 Warning
PREG Output pipelining  
DSP frequency_discern_inst/gtz_1209/addmulres_p_Q64000__2 output frequency_discern_inst/gtz_1209/addmulres_p_Q64000__2/P[47:0] is not pipelined (PREG=0). Pipelining the DSP48 output will improve performance and often saves power so it is suggested whenever possible to fully pipeline this function.  If this DSP48 function was inferred, it is suggested to describe an additional register stage after this function.  If the DSP48 was instantiated in the design, it is suggested to set the PREG attribute to 1.
Related violations: <none>

DPOP-1#5 Warning
PREG Output pipelining  
DSP frequency_discern_inst/gtz_1209/addmulres_p_Q64000__3 output frequency_discern_inst/gtz_1209/addmulres_p_Q64000__3/P[47:0] is not pipelined (PREG=0). Pipelining the DSP48 output will improve performance and often saves power so it is suggested whenever possible to fully pipeline this function.  If this DSP48 function was inferred, it is suggested to describe an additional register stage after this function.  If the DSP48 was instantiated in the design, it is suggested to set the PREG attribute to 1.
Related violations: <none>

DPOP-1#6 Warning
PREG Output pipelining  
DSP frequency_discern_inst/gtz_1209/addmulres_p_Q64000__4 output frequency_discern_inst/gtz_1209/addmulres_p_Q64000__4/P[47:0] is not pipelined (PREG=0). Pipelining the DSP48 output will improve performance and often saves power so it is suggested whenever possible to fully pipeline this function.  If this DSP48 function was inferred, it is suggested to describe an additional register stage after this function.  If the DSP48 was instantiated in the design, it is suggested to set the PREG attribute to 1.
Related violations: <none>

DPOP-1#7 Warning
PREG Output pipelining  
DSP frequency_discern_inst/gtz_1209/addmulres_p_Q64000__5 output frequency_discern_inst/gtz_1209/addmulres_p_Q64000__5/P[47:0] is not pipelined (PREG=0). Pipelining the DSP48 output will improve performance and often saves power so it is suggested whenever possible to fully pipeline this function.  If this DSP48 function was inferred, it is suggested to describe an additional register stage after this function.  If the DSP48 was instantiated in the design, it is suggested to set the PREG attribute to 1.
Related violations: <none>

DPOP-1#8 Warning
PREG Output pipelining  
DSP frequency_discern_inst/gtz_1209/addmulres_p_Q64000__6 output frequency_discern_inst/gtz_1209/addmulres_p_Q64000__6/P[47:0] is not pipelined (PREG=0). Pipelining the DSP48 output will improve performance and often saves power so it is suggested whenever possible to fully pipeline this function.  If this DSP48 function was inferred, it is suggested to describe an additional register stage after this function.  If the DSP48 was instantiated in the design, it is suggested to set the PREG attribute to 1.
Related violations: <none>

DPOP-1#9 Warning
PREG Output pipelining  
DSP frequency_discern_inst/gtz_1209/mulres_s_Q6630 output frequency_discern_inst/gtz_1209/mulres_s_Q6630/P[47:0] is not pipelined (PREG=0). Pipelining the DSP48 output will improve performance and often saves power so it is suggested whenever possible to fully pipeline this function.  If this DSP48 function was inferred, it is suggested to describe an additional register stage after this function.  If the DSP48 was instantiated in the design, it is suggested to set the PREG attribute to 1.
Related violations: <none>

DPOP-1#10 Warning
PREG Output pipelining  
DSP frequency_discern_inst/gtz_1209/mulres_s_Q6630__1 output frequency_discern_inst/gtz_1209/mulres_s_Q6630__1/P[47:0] is not pipelined (PREG=0). Pipelining the DSP48 output will improve performance and often saves power so it is suggested whenever possible to fully pipeline this function.  If this DSP48 function was inferred, it is suggested to describe an additional register stage after this function.  If the DSP48 was instantiated in the design, it is suggested to set the PREG attribute to 1.
Related violations: <none>

DPOP-1#11 Warning
PREG Output pipelining  
DSP frequency_discern_inst/gtz_1209/mulres_s_Q6630__2 output frequency_discern_inst/gtz_1209/mulres_s_Q6630__2/P[47:0] is not pipelined (PREG=0). Pipelining the DSP48 output will improve performance and often saves power so it is suggested whenever possible to fully pipeline this function.  If this DSP48 function was inferred, it is suggested to describe an additional register stage after this function.  If the DSP48 was instantiated in the design, it is suggested to set the PREG attribute to 1.
Related violations: <none>

DPOP-1#12 Warning
PREG Output pipelining  
DSP frequency_discern_inst/gtz_1209/mulres_s_Q6630__3 output frequency_discern_inst/gtz_1209/mulres_s_Q6630__3/P[47:0] is not pipelined (PREG=0). Pipelining the DSP48 output will improve performance and often saves power so it is suggested whenever possible to fully pipeline this function.  If this DSP48 function was inferred, it is suggested to describe an additional register stage after this function.  If the DSP48 was instantiated in the design, it is suggested to set the PREG attribute to 1.
Related violations: <none>

DPOP-1#13 Warning
PREG Output pipelining  
DSP frequency_discern_inst/gtz_1209/mulres_s_Q6630__5 output frequency_discern_inst/gtz_1209/mulres_s_Q6630__5/P[47:0] is not pipelined (PREG=0). Pipelining the DSP48 output will improve performance and often saves power so it is suggested whenever possible to fully pipeline this function.  If this DSP48 function was inferred, it is suggested to describe an additional register stage after this function.  If the DSP48 was instantiated in the design, it is suggested to set the PREG attribute to 1.
Related violations: <none>

DPOP-1#14 Warning
PREG Output pipelining  
DSP frequency_discern_inst/gtz_1209/p_out_Q66301 output frequency_discern_inst/gtz_1209/p_out_Q66301/P[47:0] is not pipelined (PREG=0). Pipelining the DSP48 output will improve performance and often saves power so it is suggested whenever possible to fully pipeline this function.  If this DSP48 function was inferred, it is suggested to describe an additional register stage after this function.  If the DSP48 was instantiated in the design, it is suggested to set the PREG attribute to 1.
Related violations: <none>

DPOP-1#15 Warning
PREG Output pipelining  
DSP frequency_discern_inst/gtz_1209/p_out_Q66301__0 output frequency_discern_inst/gtz_1209/p_out_Q66301__0/P[47:0] is not pipelined (PREG=0). Pipelining the DSP48 output will improve performance and often saves power so it is suggested whenever possible to fully pipeline this function.  If this DSP48 function was inferred, it is suggested to describe an additional register stage after this function.  If the DSP48 was instantiated in the design, it is suggested to set the PREG attribute to 1.
Related violations: <none>

DPOP-1#16 Warning
PREG Output pipelining  
DSP frequency_discern_inst/gtz_1209/p_out_Q66301__1 output frequency_discern_inst/gtz_1209/p_out_Q66301__1/P[47:0] is not pipelined (PREG=0). Pipelining the DSP48 output will improve performance and often saves power so it is suggested whenever possible to fully pipeline this function.  If this DSP48 function was inferred, it is suggested to describe an additional register stage after this function.  If the DSP48 was instantiated in the design, it is suggested to set the PREG attribute to 1.
Related violations: <none>

DPOP-1#17 Warning
PREG Output pipelining  
DSP frequency_discern_inst/gtz_1209/p_out_Q66301__2 output frequency_discern_inst/gtz_1209/p_out_Q66301__2/P[47:0] is not pipelined (PREG=0). Pipelining the DSP48 output will improve performance and often saves power so it is suggested whenever possible to fully pipeline this function.  If this DSP48 function was inferred, it is suggested to describe an additional register stage after this function.  If the DSP48 was instantiated in the design, it is suggested to set the PREG attribute to 1.
Related violations: <none>

DPOP-1#18 Warning
PREG Output pipelining  
DSP frequency_discern_inst/gtz_1209/p_out_Q66301__3 output frequency_discern_inst/gtz_1209/p_out_Q66301__3/P[47:0] is not pipelined (PREG=0). Pipelining the DSP48 output will improve performance and often saves power so it is suggested whenever possible to fully pipeline this function.  If this DSP48 function was inferred, it is suggested to describe an additional register stage after this function.  If the DSP48 was instantiated in the design, it is suggested to set the PREG attribute to 1.
Related violations: <none>

DPOP-1#19 Warning
PREG Output pipelining  
DSP frequency_discern_inst/gtz_1209/p_out_Q66301__4 output frequency_discern_inst/gtz_1209/p_out_Q66301__4/P[47:0] is not pipelined (PREG=0). Pipelining the DSP48 output will improve performance and often saves power so it is suggested whenever possible to fully pipeline this function.  If this DSP48 function was inferred, it is suggested to describe an additional register stage after this function.  If the DSP48 was instantiated in the design, it is suggested to set the PREG attribute to 1.
Related violations: <none>

DPOP-1#20 Warning
PREG Output pipelining  
DSP frequency_discern_inst/gtz_1209/p_out_Q66301__5 output frequency_discern_inst/gtz_1209/p_out_Q66301__5/P[47:0] is not pipelined (PREG=0). Pipelining the DSP48 output will improve performance and often saves power so it is suggested whenever possible to fully pipeline this function.  If this DSP48 function was inferred, it is suggested to describe an additional register stage after this function.  If the DSP48 was instantiated in the design, it is suggested to set the PREG attribute to 1.
Related violations: <none>

DPOP-1#21 Warning
PREG Output pipelining  
DSP frequency_discern_inst/gtz_1209/p_out_Q66301__6 output frequency_discern_inst/gtz_1209/p_out_Q66301__6/P[47:0] is not pipelined (PREG=0). Pipelining the DSP48 output will improve performance and often saves power so it is suggested whenever possible to fully pipeline this function.  If this DSP48 function was inferred, it is suggested to describe an additional register stage after this function.  If the DSP48 was instantiated in the design, it is suggested to set the PREG attribute to 1.
Related violations: <none>

DPOP-1#22 Warning
PREG Output pipelining  
DSP frequency_discern_inst/gtz_1209/p_out_Q66302 output frequency_discern_inst/gtz_1209/p_out_Q66302/P[47:0] is not pipelined (PREG=0). Pipelining the DSP48 output will improve performance and often saves power so it is suggested whenever possible to fully pipeline this function.  If this DSP48 function was inferred, it is suggested to describe an additional register stage after this function.  If the DSP48 was instantiated in the design, it is suggested to set the PREG attribute to 1.
Related violations: <none>

DPOP-1#23 Warning
PREG Output pipelining  
DSP frequency_discern_inst/gtz_1209/p_out_Q66302__0 output frequency_discern_inst/gtz_1209/p_out_Q66302__0/P[47:0] is not pipelined (PREG=0). Pipelining the DSP48 output will improve performance and often saves power so it is suggested whenever possible to fully pipeline this function.  If this DSP48 function was inferred, it is suggested to describe an additional register stage after this function.  If the DSP48 was instantiated in the design, it is suggested to set the PREG attribute to 1.
Related violations: <none>

DPOP-1#24 Warning
PREG Output pipelining  
DSP frequency_discern_inst/gtz_1209/p_out_Q66302__1 output frequency_discern_inst/gtz_1209/p_out_Q66302__1/P[47:0] is not pipelined (PREG=0). Pipelining the DSP48 output will improve performance and often saves power so it is suggested whenever possible to fully pipeline this function.  If this DSP48 function was inferred, it is suggested to describe an additional register stage after this function.  If the DSP48 was instantiated in the design, it is suggested to set the PREG attribute to 1.
Related violations: <none>

DPOP-1#25 Warning
PREG Output pipelining  
DSP frequency_discern_inst/gtz_1209/p_out_Q66302__2 output frequency_discern_inst/gtz_1209/p_out_Q66302__2/P[47:0] is not pipelined (PREG=0). Pipelining the DSP48 output will improve performance and often saves power so it is suggested whenever possible to fully pipeline this function.  If this DSP48 function was inferred, it is suggested to describe an additional register stage after this function.  If the DSP48 was instantiated in the design, it is suggested to set the PREG attribute to 1.
Related violations: <none>

DPOP-1#26 Warning
PREG Output pipelining  
DSP frequency_discern_inst/gtz_1336/addmulres_p_Q64000 output frequency_discern_inst/gtz_1336/addmulres_p_Q64000/P[47:0] is not pipelined (PREG=0). Pipelining the DSP48 output will improve performance and often saves power so it is suggested whenever possible to fully pipeline this function.  If this DSP48 function was inferred, it is suggested to describe an additional register stage after this function.  If the DSP48 was instantiated in the design, it is suggested to set the PREG attribute to 1.
Related violations: <none>

DPOP-1#27 Warning
PREG Output pipelining  
DSP frequency_discern_inst/gtz_1336/addmulres_p_Q64000__0 output frequency_discern_inst/gtz_1336/addmulres_p_Q64000__0/P[47:0] is not pipelined (PREG=0). Pipelining the DSP48 output will improve performance and often saves power so it is suggested whenever possible to fully pipeline this function.  If this DSP48 function was inferred, it is suggested to describe an additional register stage after this function.  If the DSP48 was instantiated in the design, it is suggested to set the PREG attribute to 1.
Related violations: <none>

DPOP-1#28 Warning
PREG Output pipelining  
DSP frequency_discern_inst/gtz_1336/addmulres_p_Q64000__1 output frequency_discern_inst/gtz_1336/addmulres_p_Q64000__1/P[47:0] is not pipelined (PREG=0). Pipelining the DSP48 output will improve performance and often saves power so it is suggested whenever possible to fully pipeline this function.  If this DSP48 function was inferred, it is suggested to describe an additional register stage after this function.  If the DSP48 was instantiated in the design, it is suggested to set the PREG attribute to 1.
Related violations: <none>

DPOP-1#29 Warning
PREG Output pipelining  
DSP frequency_discern_inst/gtz_1336/addmulres_p_Q64000__2 output frequency_discern_inst/gtz_1336/addmulres_p_Q64000__2/P[47:0] is not pipelined (PREG=0). Pipelining the DSP48 output will improve performance and often saves power so it is suggested whenever possible to fully pipeline this function.  If this DSP48 function was inferred, it is suggested to describe an additional register stage after this function.  If the DSP48 was instantiated in the design, it is suggested to set the PREG attribute to 1.
Related violations: <none>

DPOP-1#30 Warning
PREG Output pipelining  
DSP frequency_discern_inst/gtz_1336/addmulres_p_Q64000__3 output frequency_discern_inst/gtz_1336/addmulres_p_Q64000__3/P[47:0] is not pipelined (PREG=0). Pipelining the DSP48 output will improve performance and often saves power so it is suggested whenever possible to fully pipeline this function.  If this DSP48 function was inferred, it is suggested to describe an additional register stage after this function.  If the DSP48 was instantiated in the design, it is suggested to set the PREG attribute to 1.
Related violations: <none>

DPOP-1#31 Warning
PREG Output pipelining  
DSP frequency_discern_inst/gtz_1336/addmulres_p_Q64000__4 output frequency_discern_inst/gtz_1336/addmulres_p_Q64000__4/P[47:0] is not pipelined (PREG=0). Pipelining the DSP48 output will improve performance and often saves power so it is suggested whenever possible to fully pipeline this function.  If this DSP48 function was inferred, it is suggested to describe an additional register stage after this function.  If the DSP48 was instantiated in the design, it is suggested to set the PREG attribute to 1.
Related violations: <none>

DPOP-1#32 Warning
PREG Output pipelining  
DSP frequency_discern_inst/gtz_1336/addmulres_p_Q64000__5 output frequency_discern_inst/gtz_1336/addmulres_p_Q64000__5/P[47:0] is not pipelined (PREG=0). Pipelining the DSP48 output will improve performance and often saves power so it is suggested whenever possible to fully pipeline this function.  If this DSP48 function was inferred, it is suggested to describe an additional register stage after this function.  If the DSP48 was instantiated in the design, it is suggested to set the PREG attribute to 1.
Related violations: <none>

DPOP-1#33 Warning
PREG Output pipelining  
DSP frequency_discern_inst/gtz_1336/addmulres_p_Q64000__6 output frequency_discern_inst/gtz_1336/addmulres_p_Q64000__6/P[47:0] is not pipelined (PREG=0). Pipelining the DSP48 output will improve performance and often saves power so it is suggested whenever possible to fully pipeline this function.  If this DSP48 function was inferred, it is suggested to describe an additional register stage after this function.  If the DSP48 was instantiated in the design, it is suggested to set the PREG attribute to 1.
Related violations: <none>

DPOP-1#34 Warning
PREG Output pipelining  
DSP frequency_discern_inst/gtz_1336/mulres_s_Q6630 output frequency_discern_inst/gtz_1336/mulres_s_Q6630/P[47:0] is not pipelined (PREG=0). Pipelining the DSP48 output will improve performance and often saves power so it is suggested whenever possible to fully pipeline this function.  If this DSP48 function was inferred, it is suggested to describe an additional register stage after this function.  If the DSP48 was instantiated in the design, it is suggested to set the PREG attribute to 1.
Related violations: <none>

DPOP-1#35 Warning
PREG Output pipelining  
DSP frequency_discern_inst/gtz_1336/mulres_s_Q6630__1 output frequency_discern_inst/gtz_1336/mulres_s_Q6630__1/P[47:0] is not pipelined (PREG=0). Pipelining the DSP48 output will improve performance and often saves power so it is suggested whenever possible to fully pipeline this function.  If this DSP48 function was inferred, it is suggested to describe an additional register stage after this function.  If the DSP48 was instantiated in the design, it is suggested to set the PREG attribute to 1.
Related violations: <none>

DPOP-1#36 Warning
PREG Output pipelining  
DSP frequency_discern_inst/gtz_1336/mulres_s_Q6630__2 output frequency_discern_inst/gtz_1336/mulres_s_Q6630__2/P[47:0] is not pipelined (PREG=0). Pipelining the DSP48 output will improve performance and often saves power so it is suggested whenever possible to fully pipeline this function.  If this DSP48 function was inferred, it is suggested to describe an additional register stage after this function.  If the DSP48 was instantiated in the design, it is suggested to set the PREG attribute to 1.
Related violations: <none>

DPOP-1#37 Warning
PREG Output pipelining  
DSP frequency_discern_inst/gtz_1336/mulres_s_Q6630__3 output frequency_discern_inst/gtz_1336/mulres_s_Q6630__3/P[47:0] is not pipelined (PREG=0). Pipelining the DSP48 output will improve performance and often saves power so it is suggested whenever possible to fully pipeline this function.  If this DSP48 function was inferred, it is suggested to describe an additional register stage after this function.  If the DSP48 was instantiated in the design, it is suggested to set the PREG attribute to 1.
Related violations: <none>

DPOP-1#38 Warning
PREG Output pipelining  
DSP frequency_discern_inst/gtz_1336/mulres_s_Q6630__5 output frequency_discern_inst/gtz_1336/mulres_s_Q6630__5/P[47:0] is not pipelined (PREG=0). Pipelining the DSP48 output will improve performance and often saves power so it is suggested whenever possible to fully pipeline this function.  If this DSP48 function was inferred, it is suggested to describe an additional register stage after this function.  If the DSP48 was instantiated in the design, it is suggested to set the PREG attribute to 1.
Related violations: <none>

DPOP-1#39 Warning
PREG Output pipelining  
DSP frequency_discern_inst/gtz_1336/p_out_Q66301 output frequency_discern_inst/gtz_1336/p_out_Q66301/P[47:0] is not pipelined (PREG=0). Pipelining the DSP48 output will improve performance and often saves power so it is suggested whenever possible to fully pipeline this function.  If this DSP48 function was inferred, it is suggested to describe an additional register stage after this function.  If the DSP48 was instantiated in the design, it is suggested to set the PREG attribute to 1.
Related violations: <none>

DPOP-1#40 Warning
PREG Output pipelining  
DSP frequency_discern_inst/gtz_1336/p_out_Q66301__0 output frequency_discern_inst/gtz_1336/p_out_Q66301__0/P[47:0] is not pipelined (PREG=0). Pipelining the DSP48 output will improve performance and often saves power so it is suggested whenever possible to fully pipeline this function.  If this DSP48 function was inferred, it is suggested to describe an additional register stage after this function.  If the DSP48 was instantiated in the design, it is suggested to set the PREG attribute to 1.
Related violations: <none>

DPOP-1#41 Warning
PREG Output pipelining  
DSP frequency_discern_inst/gtz_1336/p_out_Q66301__1 output frequency_discern_inst/gtz_1336/p_out_Q66301__1/P[47:0] is not pipelined (PREG=0). Pipelining the DSP48 output will improve performance and often saves power so it is suggested whenever possible to fully pipeline this function.  If this DSP48 function was inferred, it is suggested to describe an additional register stage after this function.  If the DSP48 was instantiated in the design, it is suggested to set the PREG attribute to 1.
Related violations: <none>

DPOP-1#42 Warning
PREG Output pipelining  
DSP frequency_discern_inst/gtz_1336/p_out_Q66301__2 output frequency_discern_inst/gtz_1336/p_out_Q66301__2/P[47:0] is not pipelined (PREG=0). Pipelining the DSP48 output will improve performance and often saves power so it is suggested whenever possible to fully pipeline this function.  If this DSP48 function was inferred, it is suggested to describe an additional register stage after this function.  If the DSP48 was instantiated in the design, it is suggested to set the PREG attribute to 1.
Related violations: <none>

DPOP-1#43 Warning
PREG Output pipelining  
DSP frequency_discern_inst/gtz_1336/p_out_Q66301__3 output frequency_discern_inst/gtz_1336/p_out_Q66301__3/P[47:0] is not pipelined (PREG=0). Pipelining the DSP48 output will improve performance and often saves power so it is suggested whenever possible to fully pipeline this function.  If this DSP48 function was inferred, it is suggested to describe an additional register stage after this function.  If the DSP48 was instantiated in the design, it is suggested to set the PREG attribute to 1.
Related violations: <none>

DPOP-1#44 Warning
PREG Output pipelining  
DSP frequency_discern_inst/gtz_1336/p_out_Q66301__4 output frequency_discern_inst/gtz_1336/p_out_Q66301__4/P[47:0] is not pipelined (PREG=0). Pipelining the DSP48 output will improve performance and often saves power so it is suggested whenever possible to fully pipeline this function.  If this DSP48 function was inferred, it is suggested to describe an additional register stage after this function.  If the DSP48 was instantiated in the design, it is suggested to set the PREG attribute to 1.
Related violations: <none>

DPOP-1#45 Warning
PREG Output pipelining  
DSP frequency_discern_inst/gtz_1336/p_out_Q66301__5 output frequency_discern_inst/gtz_1336/p_out_Q66301__5/P[47:0] is not pipelined (PREG=0). Pipelining the DSP48 output will improve performance and often saves power so it is suggested whenever possible to fully pipeline this function.  If this DSP48 function was inferred, it is suggested to describe an additional register stage after this function.  If the DSP48 was instantiated in the design, it is suggested to set the PREG attribute to 1.
Related violations: <none>

DPOP-1#46 Warning
PREG Output pipelining  
DSP frequency_discern_inst/gtz_1336/p_out_Q66301__6 output frequency_discern_inst/gtz_1336/p_out_Q66301__6/P[47:0] is not pipelined (PREG=0). Pipelining the DSP48 output will improve performance and often saves power so it is suggested whenever possible to fully pipeline this function.  If this DSP48 function was inferred, it is suggested to describe an additional register stage after this function.  If the DSP48 was instantiated in the design, it is suggested to set the PREG attribute to 1.
Related violations: <none>

DPOP-1#47 Warning
PREG Output pipelining  
DSP frequency_discern_inst/gtz_1336/p_out_Q66302 output frequency_discern_inst/gtz_1336/p_out_Q66302/P[47:0] is not pipelined (PREG=0). Pipelining the DSP48 output will improve performance and often saves power so it is suggested whenever possible to fully pipeline this function.  If this DSP48 function was inferred, it is suggested to describe an additional register stage after this function.  If the DSP48 was instantiated in the design, it is suggested to set the PREG attribute to 1.
Related violations: <none>

DPOP-1#48 Warning
PREG Output pipelining  
DSP frequency_discern_inst/gtz_1336/p_out_Q66302__0 output frequency_discern_inst/gtz_1336/p_out_Q66302__0/P[47:0] is not pipelined (PREG=0). Pipelining the DSP48 output will improve performance and often saves power so it is suggested whenever possible to fully pipeline this function.  If this DSP48 function was inferred, it is suggested to describe an additional register stage after this function.  If the DSP48 was instantiated in the design, it is suggested to set the PREG attribute to 1.
Related violations: <none>

DPOP-1#49 Warning
PREG Output pipelining  
DSP frequency_discern_inst/gtz_1336/p_out_Q66302__1 output frequency_discern_inst/gtz_1336/p_out_Q66302__1/P[47:0] is not pipelined (PREG=0). Pipelining the DSP48 output will improve performance and often saves power so it is suggested whenever possible to fully pipeline this function.  If this DSP48 function was inferred, it is suggested to describe an additional register stage after this function.  If the DSP48 was instantiated in the design, it is suggested to set the PREG attribute to 1.
Related violations: <none>

DPOP-1#50 Warning
PREG Output pipelining  
DSP frequency_discern_inst/gtz_1336/p_out_Q66302__2 output frequency_discern_inst/gtz_1336/p_out_Q66302__2/P[47:0] is not pipelined (PREG=0). Pipelining the DSP48 output will improve performance and often saves power so it is suggested whenever possible to fully pipeline this function.  If this DSP48 function was inferred, it is suggested to describe an additional register stage after this function.  If the DSP48 was instantiated in the design, it is suggested to set the PREG attribute to 1.
Related violations: <none>

DPOP-1#51 Warning
PREG Output pipelining  
DSP frequency_discern_inst/gtz_1477/addmulres_p_Q64000 output frequency_discern_inst/gtz_1477/addmulres_p_Q64000/P[47:0] is not pipelined (PREG=0). Pipelining the DSP48 output will improve performance and often saves power so it is suggested whenever possible to fully pipeline this function.  If this DSP48 function was inferred, it is suggested to describe an additional register stage after this function.  If the DSP48 was instantiated in the design, it is suggested to set the PREG attribute to 1.
Related violations: <none>

DPOP-1#52 Warning
PREG Output pipelining  
DSP frequency_discern_inst/gtz_1477/addmulres_p_Q64000__0 output frequency_discern_inst/gtz_1477/addmulres_p_Q64000__0/P[47:0] is not pipelined (PREG=0). Pipelining the DSP48 output will improve performance and often saves power so it is suggested whenever possible to fully pipeline this function.  If this DSP48 function was inferred, it is suggested to describe an additional register stage after this function.  If the DSP48 was instantiated in the design, it is suggested to set the PREG attribute to 1.
Related violations: <none>

DPOP-1#53 Warning
PREG Output pipelining  
DSP frequency_discern_inst/gtz_1477/addmulres_p_Q64000__1 output frequency_discern_inst/gtz_1477/addmulres_p_Q64000__1/P[47:0] is not pipelined (PREG=0). Pipelining the DSP48 output will improve performance and often saves power so it is suggested whenever possible to fully pipeline this function.  If this DSP48 function was inferred, it is suggested to describe an additional register stage after this function.  If the DSP48 was instantiated in the design, it is suggested to set the PREG attribute to 1.
Related violations: <none>

DPOP-1#54 Warning
PREG Output pipelining  
DSP frequency_discern_inst/gtz_1477/addmulres_p_Q64000__2 output frequency_discern_inst/gtz_1477/addmulres_p_Q64000__2/P[47:0] is not pipelined (PREG=0). Pipelining the DSP48 output will improve performance and often saves power so it is suggested whenever possible to fully pipeline this function.  If this DSP48 function was inferred, it is suggested to describe an additional register stage after this function.  If the DSP48 was instantiated in the design, it is suggested to set the PREG attribute to 1.
Related violations: <none>

DPOP-1#55 Warning
PREG Output pipelining  
DSP frequency_discern_inst/gtz_1477/addmulres_p_Q64000__3 output frequency_discern_inst/gtz_1477/addmulres_p_Q64000__3/P[47:0] is not pipelined (PREG=0). Pipelining the DSP48 output will improve performance and often saves power so it is suggested whenever possible to fully pipeline this function.  If this DSP48 function was inferred, it is suggested to describe an additional register stage after this function.  If the DSP48 was instantiated in the design, it is suggested to set the PREG attribute to 1.
Related violations: <none>

DPOP-1#56 Warning
PREG Output pipelining  
DSP frequency_discern_inst/gtz_1477/addmulres_p_Q64000__4 output frequency_discern_inst/gtz_1477/addmulres_p_Q64000__4/P[47:0] is not pipelined (PREG=0). Pipelining the DSP48 output will improve performance and often saves power so it is suggested whenever possible to fully pipeline this function.  If this DSP48 function was inferred, it is suggested to describe an additional register stage after this function.  If the DSP48 was instantiated in the design, it is suggested to set the PREG attribute to 1.
Related violations: <none>

DPOP-1#57 Warning
PREG Output pipelining  
DSP frequency_discern_inst/gtz_1477/addmulres_p_Q64000__5 output frequency_discern_inst/gtz_1477/addmulres_p_Q64000__5/P[47:0] is not pipelined (PREG=0). Pipelining the DSP48 output will improve performance and often saves power so it is suggested whenever possible to fully pipeline this function.  If this DSP48 function was inferred, it is suggested to describe an additional register stage after this function.  If the DSP48 was instantiated in the design, it is suggested to set the PREG attribute to 1.
Related violations: <none>

DPOP-1#58 Warning
PREG Output pipelining  
DSP frequency_discern_inst/gtz_1477/addmulres_p_Q64000__6 output frequency_discern_inst/gtz_1477/addmulres_p_Q64000__6/P[47:0] is not pipelined (PREG=0). Pipelining the DSP48 output will improve performance and often saves power so it is suggested whenever possible to fully pipeline this function.  If this DSP48 function was inferred, it is suggested to describe an additional register stage after this function.  If the DSP48 was instantiated in the design, it is suggested to set the PREG attribute to 1.
Related violations: <none>

DPOP-1#59 Warning
PREG Output pipelining  
DSP frequency_discern_inst/gtz_1477/mulres_s_Q6630 output frequency_discern_inst/gtz_1477/mulres_s_Q6630/P[47:0] is not pipelined (PREG=0). Pipelining the DSP48 output will improve performance and often saves power so it is suggested whenever possible to fully pipeline this function.  If this DSP48 function was inferred, it is suggested to describe an additional register stage after this function.  If the DSP48 was instantiated in the design, it is suggested to set the PREG attribute to 1.
Related violations: <none>

DPOP-1#60 Warning
PREG Output pipelining  
DSP frequency_discern_inst/gtz_1477/mulres_s_Q6630__1 output frequency_discern_inst/gtz_1477/mulres_s_Q6630__1/P[47:0] is not pipelined (PREG=0). Pipelining the DSP48 output will improve performance and often saves power so it is suggested whenever possible to fully pipeline this function.  If this DSP48 function was inferred, it is suggested to describe an additional register stage after this function.  If the DSP48 was instantiated in the design, it is suggested to set the PREG attribute to 1.
Related violations: <none>

DPOP-1#61 Warning
PREG Output pipelining  
DSP frequency_discern_inst/gtz_1477/mulres_s_Q6630__2 output frequency_discern_inst/gtz_1477/mulres_s_Q6630__2/P[47:0] is not pipelined (PREG=0). Pipelining the DSP48 output will improve performance and often saves power so it is suggested whenever possible to fully pipeline this function.  If this DSP48 function was inferred, it is suggested to describe an additional register stage after this function.  If the DSP48 was instantiated in the design, it is suggested to set the PREG attribute to 1.
Related violations: <none>

DPOP-1#62 Warning
PREG Output pipelining  
DSP frequency_discern_inst/gtz_1477/mulres_s_Q6630__3 output frequency_discern_inst/gtz_1477/mulres_s_Q6630__3/P[47:0] is not pipelined (PREG=0). Pipelining the DSP48 output will improve performance and often saves power so it is suggested whenever possible to fully pipeline this function.  If this DSP48 function was inferred, it is suggested to describe an additional register stage after this function.  If the DSP48 was instantiated in the design, it is suggested to set the PREG attribute to 1.
Related violations: <none>

DPOP-1#63 Warning
PREG Output pipelining  
DSP frequency_discern_inst/gtz_1477/mulres_s_Q6630__5 output frequency_discern_inst/gtz_1477/mulres_s_Q6630__5/P[47:0] is not pipelined (PREG=0). Pipelining the DSP48 output will improve performance and often saves power so it is suggested whenever possible to fully pipeline this function.  If this DSP48 function was inferred, it is suggested to describe an additional register stage after this function.  If the DSP48 was instantiated in the design, it is suggested to set the PREG attribute to 1.
Related violations: <none>

DPOP-1#64 Warning
PREG Output pipelining  
DSP frequency_discern_inst/gtz_1477/p_out_Q66301 output frequency_discern_inst/gtz_1477/p_out_Q66301/P[47:0] is not pipelined (PREG=0). Pipelining the DSP48 output will improve performance and often saves power so it is suggested whenever possible to fully pipeline this function.  If this DSP48 function was inferred, it is suggested to describe an additional register stage after this function.  If the DSP48 was instantiated in the design, it is suggested to set the PREG attribute to 1.
Related violations: <none>

DPOP-1#65 Warning
PREG Output pipelining  
DSP frequency_discern_inst/gtz_1477/p_out_Q66301__0 output frequency_discern_inst/gtz_1477/p_out_Q66301__0/P[47:0] is not pipelined (PREG=0). Pipelining the DSP48 output will improve performance and often saves power so it is suggested whenever possible to fully pipeline this function.  If this DSP48 function was inferred, it is suggested to describe an additional register stage after this function.  If the DSP48 was instantiated in the design, it is suggested to set the PREG attribute to 1.
Related violations: <none>

DPOP-1#66 Warning
PREG Output pipelining  
DSP frequency_discern_inst/gtz_1477/p_out_Q66301__1 output frequency_discern_inst/gtz_1477/p_out_Q66301__1/P[47:0] is not pipelined (PREG=0). Pipelining the DSP48 output will improve performance and often saves power so it is suggested whenever possible to fully pipeline this function.  If this DSP48 function was inferred, it is suggested to describe an additional register stage after this function.  If the DSP48 was instantiated in the design, it is suggested to set the PREG attribute to 1.
Related violations: <none>

DPOP-1#67 Warning
PREG Output pipelining  
DSP frequency_discern_inst/gtz_1477/p_out_Q66301__2 output frequency_discern_inst/gtz_1477/p_out_Q66301__2/P[47:0] is not pipelined (PREG=0). Pipelining the DSP48 output will improve performance and often saves power so it is suggested whenever possible to fully pipeline this function.  If this DSP48 function was inferred, it is suggested to describe an additional register stage after this function.  If the DSP48 was instantiated in the design, it is suggested to set the PREG attribute to 1.
Related violations: <none>

DPOP-1#68 Warning
PREG Output pipelining  
DSP frequency_discern_inst/gtz_1477/p_out_Q66301__3 output frequency_discern_inst/gtz_1477/p_out_Q66301__3/P[47:0] is not pipelined (PREG=0). Pipelining the DSP48 output will improve performance and often saves power so it is suggested whenever possible to fully pipeline this function.  If this DSP48 function was inferred, it is suggested to describe an additional register stage after this function.  If the DSP48 was instantiated in the design, it is suggested to set the PREG attribute to 1.
Related violations: <none>

DPOP-1#69 Warning
PREG Output pipelining  
DSP frequency_discern_inst/gtz_1477/p_out_Q66301__4 output frequency_discern_inst/gtz_1477/p_out_Q66301__4/P[47:0] is not pipelined (PREG=0). Pipelining the DSP48 output will improve performance and often saves power so it is suggested whenever possible to fully pipeline this function.  If this DSP48 function was inferred, it is suggested to describe an additional register stage after this function.  If the DSP48 was instantiated in the design, it is suggested to set the PREG attribute to 1.
Related violations: <none>

DPOP-1#70 Warning
PREG Output pipelining  
DSP frequency_discern_inst/gtz_1477/p_out_Q66301__5 output frequency_discern_inst/gtz_1477/p_out_Q66301__5/P[47:0] is not pipelined (PREG=0). Pipelining the DSP48 output will improve performance and often saves power so it is suggested whenever possible to fully pipeline this function.  If this DSP48 function was inferred, it is suggested to describe an additional register stage after this function.  If the DSP48 was instantiated in the design, it is suggested to set the PREG attribute to 1.
Related violations: <none>

DPOP-1#71 Warning
PREG Output pipelining  
DSP frequency_discern_inst/gtz_1477/p_out_Q66301__6 output frequency_discern_inst/gtz_1477/p_out_Q66301__6/P[47:0] is not pipelined (PREG=0). Pipelining the DSP48 output will improve performance and often saves power so it is suggested whenever possible to fully pipeline this function.  If this DSP48 function was inferred, it is suggested to describe an additional register stage after this function.  If the DSP48 was instantiated in the design, it is suggested to set the PREG attribute to 1.
Related violations: <none>

DPOP-1#72 Warning
PREG Output pipelining  
DSP frequency_discern_inst/gtz_1477/p_out_Q66302 output frequency_discern_inst/gtz_1477/p_out_Q66302/P[47:0] is not pipelined (PREG=0). Pipelining the DSP48 output will improve performance and often saves power so it is suggested whenever possible to fully pipeline this function.  If this DSP48 function was inferred, it is suggested to describe an additional register stage after this function.  If the DSP48 was instantiated in the design, it is suggested to set the PREG attribute to 1.
Related violations: <none>

DPOP-1#73 Warning
PREG Output pipelining  
DSP frequency_discern_inst/gtz_1477/p_out_Q66302__0 output frequency_discern_inst/gtz_1477/p_out_Q66302__0/P[47:0] is not pipelined (PREG=0). Pipelining the DSP48 output will improve performance and often saves power so it is suggested whenever possible to fully pipeline this function.  If this DSP48 function was inferred, it is suggested to describe an additional register stage after this function.  If the DSP48 was instantiated in the design, it is suggested to set the PREG attribute to 1.
Related violations: <none>

DPOP-1#74 Warning
PREG Output pipelining  
DSP frequency_discern_inst/gtz_1477/p_out_Q66302__1 output frequency_discern_inst/gtz_1477/p_out_Q66302__1/P[47:0] is not pipelined (PREG=0). Pipelining the DSP48 output will improve performance and often saves power so it is suggested whenever possible to fully pipeline this function.  If this DSP48 function was inferred, it is suggested to describe an additional register stage after this function.  If the DSP48 was instantiated in the design, it is suggested to set the PREG attribute to 1.
Related violations: <none>

DPOP-1#75 Warning
PREG Output pipelining  
DSP frequency_discern_inst/gtz_1477/p_out_Q66302__2 output frequency_discern_inst/gtz_1477/p_out_Q66302__2/P[47:0] is not pipelined (PREG=0). Pipelining the DSP48 output will improve performance and often saves power so it is suggested whenever possible to fully pipeline this function.  If this DSP48 function was inferred, it is suggested to describe an additional register stage after this function.  If the DSP48 was instantiated in the design, it is suggested to set the PREG attribute to 1.
Related violations: <none>

DPOP-1#76 Warning
PREG Output pipelining  
DSP frequency_discern_inst/gtz_1633/addmulres_p_Q64000 output frequency_discern_inst/gtz_1633/addmulres_p_Q64000/P[47:0] is not pipelined (PREG=0). Pipelining the DSP48 output will improve performance and often saves power so it is suggested whenever possible to fully pipeline this function.  If this DSP48 function was inferred, it is suggested to describe an additional register stage after this function.  If the DSP48 was instantiated in the design, it is suggested to set the PREG attribute to 1.
Related violations: <none>

DPOP-1#77 Warning
PREG Output pipelining  
DSP frequency_discern_inst/gtz_1633/addmulres_p_Q64000__0 output frequency_discern_inst/gtz_1633/addmulres_p_Q64000__0/P[47:0] is not pipelined (PREG=0). Pipelining the DSP48 output will improve performance and often saves power so it is suggested whenever possible to fully pipeline this function.  If this DSP48 function was inferred, it is suggested to describe an additional register stage after this function.  If the DSP48 was instantiated in the design, it is suggested to set the PREG attribute to 1.
Related violations: <none>

DPOP-1#78 Warning
PREG Output pipelining  
DSP frequency_discern_inst/gtz_1633/addmulres_p_Q64000__1 output frequency_discern_inst/gtz_1633/addmulres_p_Q64000__1/P[47:0] is not pipelined (PREG=0). Pipelining the DSP48 output will improve performance and often saves power so it is suggested whenever possible to fully pipeline this function.  If this DSP48 function was inferred, it is suggested to describe an additional register stage after this function.  If the DSP48 was instantiated in the design, it is suggested to set the PREG attribute to 1.
Related violations: <none>

DPOP-1#79 Warning
PREG Output pipelining  
DSP frequency_discern_inst/gtz_1633/addmulres_p_Q64000__2 output frequency_discern_inst/gtz_1633/addmulres_p_Q64000__2/P[47:0] is not pipelined (PREG=0). Pipelining the DSP48 output will improve performance and often saves power so it is suggested whenever possible to fully pipeline this function.  If this DSP48 function was inferred, it is suggested to describe an additional register stage after this function.  If the DSP48 was instantiated in the design, it is suggested to set the PREG attribute to 1.
Related violations: <none>

DPOP-1#80 Warning
PREG Output pipelining  
DSP frequency_discern_inst/gtz_1633/addmulres_p_Q64000__3 output frequency_discern_inst/gtz_1633/addmulres_p_Q64000__3/P[47:0] is not pipelined (PREG=0). Pipelining the DSP48 output will improve performance and often saves power so it is suggested whenever possible to fully pipeline this function.  If this DSP48 function was inferred, it is suggested to describe an additional register stage after this function.  If the DSP48 was instantiated in the design, it is suggested to set the PREG attribute to 1.
Related violations: <none>

DPOP-1#81 Warning
PREG Output pipelining  
DSP frequency_discern_inst/gtz_1633/addmulres_p_Q64000__4 output frequency_discern_inst/gtz_1633/addmulres_p_Q64000__4/P[47:0] is not pipelined (PREG=0). Pipelining the DSP48 output will improve performance and often saves power so it is suggested whenever possible to fully pipeline this function.  If this DSP48 function was inferred, it is suggested to describe an additional register stage after this function.  If the DSP48 was instantiated in the design, it is suggested to set the PREG attribute to 1.
Related violations: <none>

DPOP-1#82 Warning
PREG Output pipelining  
DSP frequency_discern_inst/gtz_1633/addmulres_p_Q64000__5 output frequency_discern_inst/gtz_1633/addmulres_p_Q64000__5/P[47:0] is not pipelined (PREG=0). Pipelining the DSP48 output will improve performance and often saves power so it is suggested whenever possible to fully pipeline this function.  If this DSP48 function was inferred, it is suggested to describe an additional register stage after this function.  If the DSP48 was instantiated in the design, it is suggested to set the PREG attribute to 1.
Related violations: <none>

DPOP-1#83 Warning
PREG Output pipelining  
DSP frequency_discern_inst/gtz_1633/addmulres_p_Q64000__6 output frequency_discern_inst/gtz_1633/addmulres_p_Q64000__6/P[47:0] is not pipelined (PREG=0). Pipelining the DSP48 output will improve performance and often saves power so it is suggested whenever possible to fully pipeline this function.  If this DSP48 function was inferred, it is suggested to describe an additional register stage after this function.  If the DSP48 was instantiated in the design, it is suggested to set the PREG attribute to 1.
Related violations: <none>

DPOP-1#84 Warning
PREG Output pipelining  
DSP frequency_discern_inst/gtz_1633/mulres_s_Q6630 output frequency_discern_inst/gtz_1633/mulres_s_Q6630/P[47:0] is not pipelined (PREG=0). Pipelining the DSP48 output will improve performance and often saves power so it is suggested whenever possible to fully pipeline this function.  If this DSP48 function was inferred, it is suggested to describe an additional register stage after this function.  If the DSP48 was instantiated in the design, it is suggested to set the PREG attribute to 1.
Related violations: <none>

DPOP-1#85 Warning
PREG Output pipelining  
DSP frequency_discern_inst/gtz_1633/mulres_s_Q6630__1 output frequency_discern_inst/gtz_1633/mulres_s_Q6630__1/P[47:0] is not pipelined (PREG=0). Pipelining the DSP48 output will improve performance and often saves power so it is suggested whenever possible to fully pipeline this function.  If this DSP48 function was inferred, it is suggested to describe an additional register stage after this function.  If the DSP48 was instantiated in the design, it is suggested to set the PREG attribute to 1.
Related violations: <none>

DPOP-1#86 Warning
PREG Output pipelining  
DSP frequency_discern_inst/gtz_1633/mulres_s_Q6630__2 output frequency_discern_inst/gtz_1633/mulres_s_Q6630__2/P[47:0] is not pipelined (PREG=0). Pipelining the DSP48 output will improve performance and often saves power so it is suggested whenever possible to fully pipeline this function.  If this DSP48 function was inferred, it is suggested to describe an additional register stage after this function.  If the DSP48 was instantiated in the design, it is suggested to set the PREG attribute to 1.
Related violations: <none>

DPOP-1#87 Warning
PREG Output pipelining  
DSP frequency_discern_inst/gtz_1633/mulres_s_Q6630__3 output frequency_discern_inst/gtz_1633/mulres_s_Q6630__3/P[47:0] is not pipelined (PREG=0). Pipelining the DSP48 output will improve performance and often saves power so it is suggested whenever possible to fully pipeline this function.  If this DSP48 function was inferred, it is suggested to describe an additional register stage after this function.  If the DSP48 was instantiated in the design, it is suggested to set the PREG attribute to 1.
Related violations: <none>

DPOP-1#88 Warning
PREG Output pipelining  
DSP frequency_discern_inst/gtz_1633/mulres_s_Q6630__5 output frequency_discern_inst/gtz_1633/mulres_s_Q6630__5/P[47:0] is not pipelined (PREG=0). Pipelining the DSP48 output will improve performance and often saves power so it is suggested whenever possible to fully pipeline this function.  If this DSP48 function was inferred, it is suggested to describe an additional register stage after this function.  If the DSP48 was instantiated in the design, it is suggested to set the PREG attribute to 1.
Related violations: <none>

DPOP-1#89 Warning
PREG Output pipelining  
DSP frequency_discern_inst/gtz_1633/p_out_Q66301 output frequency_discern_inst/gtz_1633/p_out_Q66301/P[47:0] is not pipelined (PREG=0). Pipelining the DSP48 output will improve performance and often saves power so it is suggested whenever possible to fully pipeline this function.  If this DSP48 function was inferred, it is suggested to describe an additional register stage after this function.  If the DSP48 was instantiated in the design, it is suggested to set the PREG attribute to 1.
Related violations: <none>

DPOP-1#90 Warning
PREG Output pipelining  
DSP frequency_discern_inst/gtz_1633/p_out_Q66301__0 output frequency_discern_inst/gtz_1633/p_out_Q66301__0/P[47:0] is not pipelined (PREG=0). Pipelining the DSP48 output will improve performance and often saves power so it is suggested whenever possible to fully pipeline this function.  If this DSP48 function was inferred, it is suggested to describe an additional register stage after this function.  If the DSP48 was instantiated in the design, it is suggested to set the PREG attribute to 1.
Related violations: <none>

DPOP-1#91 Warning
PREG Output pipelining  
DSP frequency_discern_inst/gtz_1633/p_out_Q66301__1 output frequency_discern_inst/gtz_1633/p_out_Q66301__1/P[47:0] is not pipelined (PREG=0). Pipelining the DSP48 output will improve performance and often saves power so it is suggested whenever possible to fully pipeline this function.  If this DSP48 function was inferred, it is suggested to describe an additional register stage after this function.  If the DSP48 was instantiated in the design, it is suggested to set the PREG attribute to 1.
Related violations: <none>

DPOP-1#92 Warning
PREG Output pipelining  
DSP frequency_discern_inst/gtz_1633/p_out_Q66301__2 output frequency_discern_inst/gtz_1633/p_out_Q66301__2/P[47:0] is not pipelined (PREG=0). Pipelining the DSP48 output will improve performance and often saves power so it is suggested whenever possible to fully pipeline this function.  If this DSP48 function was inferred, it is suggested to describe an additional register stage after this function.  If the DSP48 was instantiated in the design, it is suggested to set the PREG attribute to 1.
Related violations: <none>

DPOP-1#93 Warning
PREG Output pipelining  
DSP frequency_discern_inst/gtz_1633/p_out_Q66301__3 output frequency_discern_inst/gtz_1633/p_out_Q66301__3/P[47:0] is not pipelined (PREG=0). Pipelining the DSP48 output will improve performance and often saves power so it is suggested whenever possible to fully pipeline this function.  If this DSP48 function was inferred, it is suggested to describe an additional register stage after this function.  If the DSP48 was instantiated in the design, it is suggested to set the PREG attribute to 1.
Related violations: <none>

DPOP-1#94 Warning
PREG Output pipelining  
DSP frequency_discern_inst/gtz_1633/p_out_Q66301__4 output frequency_discern_inst/gtz_1633/p_out_Q66301__4/P[47:0] is not pipelined (PREG=0). Pipelining the DSP48 output will improve performance and often saves power so it is suggested whenever possible to fully pipeline this function.  If this DSP48 function was inferred, it is suggested to describe an additional register stage after this function.  If the DSP48 was instantiated in the design, it is suggested to set the PREG attribute to 1.
Related violations: <none>

DPOP-1#95 Warning
PREG Output pipelining  
DSP frequency_discern_inst/gtz_1633/p_out_Q66301__5 output frequency_discern_inst/gtz_1633/p_out_Q66301__5/P[47:0] is not pipelined (PREG=0). Pipelining the DSP48 output will improve performance and often saves power so it is suggested whenever possible to fully pipeline this function.  If this DSP48 function was inferred, it is suggested to describe an additional register stage after this function.  If the DSP48 was instantiated in the design, it is suggested to set the PREG attribute to 1.
Related violations: <none>

DPOP-1#96 Warning
PREG Output pipelining  
DSP frequency_discern_inst/gtz_1633/p_out_Q66301__6 output frequency_discern_inst/gtz_1633/p_out_Q66301__6/P[47:0] is not pipelined (PREG=0). Pipelining the DSP48 output will improve performance and often saves power so it is suggested whenever possible to fully pipeline this function.  If this DSP48 function was inferred, it is suggested to describe an additional register stage after this function.  If the DSP48 was instantiated in the design, it is suggested to set the PREG attribute to 1.
Related violations: <none>

DPOP-1#97 Warning
PREG Output pipelining  
DSP frequency_discern_inst/gtz_1633/p_out_Q66302 output frequency_discern_inst/gtz_1633/p_out_Q66302/P[47:0] is not pipelined (PREG=0). Pipelining the DSP48 output will improve performance and often saves power so it is suggested whenever possible to fully pipeline this function.  If this DSP48 function was inferred, it is suggested to describe an additional register stage after this function.  If the DSP48 was instantiated in the design, it is suggested to set the PREG attribute to 1.
Related violations: <none>

DPOP-1#98 Warning
PREG Output pipelining  
DSP frequency_discern_inst/gtz_1633/p_out_Q66302__0 output frequency_discern_inst/gtz_1633/p_out_Q66302__0/P[47:0] is not pipelined (PREG=0). Pipelining the DSP48 output will improve performance and often saves power so it is suggested whenever possible to fully pipeline this function.  If this DSP48 function was inferred, it is suggested to describe an additional register stage after this function.  If the DSP48 was instantiated in the design, it is suggested to set the PREG attribute to 1.
Related violations: <none>

DPOP-1#99 Warning
PREG Output pipelining  
DSP frequency_discern_inst/gtz_1633/p_out_Q66302__1 output frequency_discern_inst/gtz_1633/p_out_Q66302__1/P[47:0] is not pipelined (PREG=0). Pipelining the DSP48 output will improve performance and often saves power so it is suggested whenever possible to fully pipeline this function.  If this DSP48 function was inferred, it is suggested to describe an additional register stage after this function.  If the DSP48 was instantiated in the design, it is suggested to set the PREG attribute to 1.
Related violations: <none>

DPOP-1#100 Warning
PREG Output pipelining  
DSP frequency_discern_inst/gtz_1633/p_out_Q66302__2 output frequency_discern_inst/gtz_1633/p_out_Q66302__2/P[47:0] is not pipelined (PREG=0). Pipelining the DSP48 output will improve performance and often saves power so it is suggested whenever possible to fully pipeline this function.  If this DSP48 function was inferred, it is suggested to describe an additional register stage after this function.  If the DSP48 was instantiated in the design, it is suggested to set the PREG attribute to 1.
Related violations: <none>

DPOP-1#101 Warning
PREG Output pipelining  
DSP frequency_discern_inst/gtz_697/addmulres_p_Q64000 output frequency_discern_inst/gtz_697/addmulres_p_Q64000/P[47:0] is not pipelined (PREG=0). Pipelining the DSP48 output will improve performance and often saves power so it is suggested whenever possible to fully pipeline this function.  If this DSP48 function was inferred, it is suggested to describe an additional register stage after this function.  If the DSP48 was instantiated in the design, it is suggested to set the PREG attribute to 1.
Related violations: <none>

DPOP-1#102 Warning
PREG Output pipelining  
DSP frequency_discern_inst/gtz_697/addmulres_p_Q64000__0 output frequency_discern_inst/gtz_697/addmulres_p_Q64000__0/P[47:0] is not pipelined (PREG=0). Pipelining the DSP48 output will improve performance and often saves power so it is suggested whenever possible to fully pipeline this function.  If this DSP48 function was inferred, it is suggested to describe an additional register stage after this function.  If the DSP48 was instantiated in the design, it is suggested to set the PREG attribute to 1.
Related violations: <none>

DPOP-1#103 Warning
PREG Output pipelining  
DSP frequency_discern_inst/gtz_697/addmulres_p_Q64000__1 output frequency_discern_inst/gtz_697/addmulres_p_Q64000__1/P[47:0] is not pipelined (PREG=0). Pipelining the DSP48 output will improve performance and often saves power so it is suggested whenever possible to fully pipeline this function.  If this DSP48 function was inferred, it is suggested to describe an additional register stage after this function.  If the DSP48 was instantiated in the design, it is suggested to set the PREG attribute to 1.
Related violations: <none>

DPOP-1#104 Warning
PREG Output pipelining  
DSP frequency_discern_inst/gtz_697/addmulres_p_Q64000__2 output frequency_discern_inst/gtz_697/addmulres_p_Q64000__2/P[47:0] is not pipelined (PREG=0). Pipelining the DSP48 output will improve performance and often saves power so it is suggested whenever possible to fully pipeline this function.  If this DSP48 function was inferred, it is suggested to describe an additional register stage after this function.  If the DSP48 was instantiated in the design, it is suggested to set the PREG attribute to 1.
Related violations: <none>

DPOP-1#105 Warning
PREG Output pipelining  
DSP frequency_discern_inst/gtz_697/addmulres_p_Q64000__3 output frequency_discern_inst/gtz_697/addmulres_p_Q64000__3/P[47:0] is not pipelined (PREG=0). Pipelining the DSP48 output will improve performance and often saves power so it is suggested whenever possible to fully pipeline this function.  If this DSP48 function was inferred, it is suggested to describe an additional register stage after this function.  If the DSP48 was instantiated in the design, it is suggested to set the PREG attribute to 1.
Related violations: <none>

DPOP-1#106 Warning
PREG Output pipelining  
DSP frequency_discern_inst/gtz_697/addmulres_p_Q64000__4 output frequency_discern_inst/gtz_697/addmulres_p_Q64000__4/P[47:0] is not pipelined (PREG=0). Pipelining the DSP48 output will improve performance and often saves power so it is suggested whenever possible to fully pipeline this function.  If this DSP48 function was inferred, it is suggested to describe an additional register stage after this function.  If the DSP48 was instantiated in the design, it is suggested to set the PREG attribute to 1.
Related violations: <none>

DPOP-1#107 Warning
PREG Output pipelining  
DSP frequency_discern_inst/gtz_697/addmulres_p_Q64000__5 output frequency_discern_inst/gtz_697/addmulres_p_Q64000__5/P[47:0] is not pipelined (PREG=0). Pipelining the DSP48 output will improve performance and often saves power so it is suggested whenever possible to fully pipeline this function.  If this DSP48 function was inferred, it is suggested to describe an additional register stage after this function.  If the DSP48 was instantiated in the design, it is suggested to set the PREG attribute to 1.
Related violations: <none>

DPOP-1#108 Warning
PREG Output pipelining  
DSP frequency_discern_inst/gtz_697/addmulres_p_Q64000__6 output frequency_discern_inst/gtz_697/addmulres_p_Q64000__6/P[47:0] is not pipelined (PREG=0). Pipelining the DSP48 output will improve performance and often saves power so it is suggested whenever possible to fully pipeline this function.  If this DSP48 function was inferred, it is suggested to describe an additional register stage after this function.  If the DSP48 was instantiated in the design, it is suggested to set the PREG attribute to 1.
Related violations: <none>

DPOP-1#109 Warning
PREG Output pipelining  
DSP frequency_discern_inst/gtz_697/mulres_s_Q6630 output frequency_discern_inst/gtz_697/mulres_s_Q6630/P[47:0] is not pipelined (PREG=0). Pipelining the DSP48 output will improve performance and often saves power so it is suggested whenever possible to fully pipeline this function.  If this DSP48 function was inferred, it is suggested to describe an additional register stage after this function.  If the DSP48 was instantiated in the design, it is suggested to set the PREG attribute to 1.
Related violations: <none>

DPOP-1#110 Warning
PREG Output pipelining  
DSP frequency_discern_inst/gtz_697/mulres_s_Q6630__1 output frequency_discern_inst/gtz_697/mulres_s_Q6630__1/P[47:0] is not pipelined (PREG=0). Pipelining the DSP48 output will improve performance and often saves power so it is suggested whenever possible to fully pipeline this function.  If this DSP48 function was inferred, it is suggested to describe an additional register stage after this function.  If the DSP48 was instantiated in the design, it is suggested to set the PREG attribute to 1.
Related violations: <none>

DPOP-1#111 Warning
PREG Output pipelining  
DSP frequency_discern_inst/gtz_697/mulres_s_Q6630__2 output frequency_discern_inst/gtz_697/mulres_s_Q6630__2/P[47:0] is not pipelined (PREG=0). Pipelining the DSP48 output will improve performance and often saves power so it is suggested whenever possible to fully pipeline this function.  If this DSP48 function was inferred, it is suggested to describe an additional register stage after this function.  If the DSP48 was instantiated in the design, it is suggested to set the PREG attribute to 1.
Related violations: <none>

DPOP-1#112 Warning
PREG Output pipelining  
DSP frequency_discern_inst/gtz_697/mulres_s_Q6630__3 output frequency_discern_inst/gtz_697/mulres_s_Q6630__3/P[47:0] is not pipelined (PREG=0). Pipelining the DSP48 output will improve performance and often saves power so it is suggested whenever possible to fully pipeline this function.  If this DSP48 function was inferred, it is suggested to describe an additional register stage after this function.  If the DSP48 was instantiated in the design, it is suggested to set the PREG attribute to 1.
Related violations: <none>

DPOP-1#113 Warning
PREG Output pipelining  
DSP frequency_discern_inst/gtz_697/mulres_s_Q6630__5 output frequency_discern_inst/gtz_697/mulres_s_Q6630__5/P[47:0] is not pipelined (PREG=0). Pipelining the DSP48 output will improve performance and often saves power so it is suggested whenever possible to fully pipeline this function.  If this DSP48 function was inferred, it is suggested to describe an additional register stage after this function.  If the DSP48 was instantiated in the design, it is suggested to set the PREG attribute to 1.
Related violations: <none>

DPOP-1#114 Warning
PREG Output pipelining  
DSP frequency_discern_inst/gtz_697/p_out_Q66301 output frequency_discern_inst/gtz_697/p_out_Q66301/P[47:0] is not pipelined (PREG=0). Pipelining the DSP48 output will improve performance and often saves power so it is suggested whenever possible to fully pipeline this function.  If this DSP48 function was inferred, it is suggested to describe an additional register stage after this function.  If the DSP48 was instantiated in the design, it is suggested to set the PREG attribute to 1.
Related violations: <none>

DPOP-1#115 Warning
PREG Output pipelining  
DSP frequency_discern_inst/gtz_697/p_out_Q66301__0 output frequency_discern_inst/gtz_697/p_out_Q66301__0/P[47:0] is not pipelined (PREG=0). Pipelining the DSP48 output will improve performance and often saves power so it is suggested whenever possible to fully pipeline this function.  If this DSP48 function was inferred, it is suggested to describe an additional register stage after this function.  If the DSP48 was instantiated in the design, it is suggested to set the PREG attribute to 1.
Related violations: <none>

DPOP-1#116 Warning
PREG Output pipelining  
DSP frequency_discern_inst/gtz_697/p_out_Q66301__1 output frequency_discern_inst/gtz_697/p_out_Q66301__1/P[47:0] is not pipelined (PREG=0). Pipelining the DSP48 output will improve performance and often saves power so it is suggested whenever possible to fully pipeline this function.  If this DSP48 function was inferred, it is suggested to describe an additional register stage after this function.  If the DSP48 was instantiated in the design, it is suggested to set the PREG attribute to 1.
Related violations: <none>

DPOP-1#117 Warning
PREG Output pipelining  
DSP frequency_discern_inst/gtz_697/p_out_Q66301__2 output frequency_discern_inst/gtz_697/p_out_Q66301__2/P[47:0] is not pipelined (PREG=0). Pipelining the DSP48 output will improve performance and often saves power so it is suggested whenever possible to fully pipeline this function.  If this DSP48 function was inferred, it is suggested to describe an additional register stage after this function.  If the DSP48 was instantiated in the design, it is suggested to set the PREG attribute to 1.
Related violations: <none>

DPOP-1#118 Warning
PREG Output pipelining  
DSP frequency_discern_inst/gtz_697/p_out_Q66301__3 output frequency_discern_inst/gtz_697/p_out_Q66301__3/P[47:0] is not pipelined (PREG=0). Pipelining the DSP48 output will improve performance and often saves power so it is suggested whenever possible to fully pipeline this function.  If this DSP48 function was inferred, it is suggested to describe an additional register stage after this function.  If the DSP48 was instantiated in the design, it is suggested to set the PREG attribute to 1.
Related violations: <none>

DPOP-1#119 Warning
PREG Output pipelining  
DSP frequency_discern_inst/gtz_697/p_out_Q66301__4 output frequency_discern_inst/gtz_697/p_out_Q66301__4/P[47:0] is not pipelined (PREG=0). Pipelining the DSP48 output will improve performance and often saves power so it is suggested whenever possible to fully pipeline this function.  If this DSP48 function was inferred, it is suggested to describe an additional register stage after this function.  If the DSP48 was instantiated in the design, it is suggested to set the PREG attribute to 1.
Related violations: <none>

DPOP-1#120 Warning
PREG Output pipelining  
DSP frequency_discern_inst/gtz_697/p_out_Q66301__5 output frequency_discern_inst/gtz_697/p_out_Q66301__5/P[47:0] is not pipelined (PREG=0). Pipelining the DSP48 output will improve performance and often saves power so it is suggested whenever possible to fully pipeline this function.  If this DSP48 function was inferred, it is suggested to describe an additional register stage after this function.  If the DSP48 was instantiated in the design, it is suggested to set the PREG attribute to 1.
Related violations: <none>

DPOP-1#121 Warning
PREG Output pipelining  
DSP frequency_discern_inst/gtz_697/p_out_Q66301__6 output frequency_discern_inst/gtz_697/p_out_Q66301__6/P[47:0] is not pipelined (PREG=0). Pipelining the DSP48 output will improve performance and often saves power so it is suggested whenever possible to fully pipeline this function.  If this DSP48 function was inferred, it is suggested to describe an additional register stage after this function.  If the DSP48 was instantiated in the design, it is suggested to set the PREG attribute to 1.
Related violations: <none>

DPOP-1#122 Warning
PREG Output pipelining  
DSP frequency_discern_inst/gtz_697/p_out_Q66302 output frequency_discern_inst/gtz_697/p_out_Q66302/P[47:0] is not pipelined (PREG=0). Pipelining the DSP48 output will improve performance and often saves power so it is suggested whenever possible to fully pipeline this function.  If this DSP48 function was inferred, it is suggested to describe an additional register stage after this function.  If the DSP48 was instantiated in the design, it is suggested to set the PREG attribute to 1.
Related violations: <none>

DPOP-1#123 Warning
PREG Output pipelining  
DSP frequency_discern_inst/gtz_697/p_out_Q66302__0 output frequency_discern_inst/gtz_697/p_out_Q66302__0/P[47:0] is not pipelined (PREG=0). Pipelining the DSP48 output will improve performance and often saves power so it is suggested whenever possible to fully pipeline this function.  If this DSP48 function was inferred, it is suggested to describe an additional register stage after this function.  If the DSP48 was instantiated in the design, it is suggested to set the PREG attribute to 1.
Related violations: <none>

DPOP-1#124 Warning
PREG Output pipelining  
DSP frequency_discern_inst/gtz_697/p_out_Q66302__1 output frequency_discern_inst/gtz_697/p_out_Q66302__1/P[47:0] is not pipelined (PREG=0). Pipelining the DSP48 output will improve performance and often saves power so it is suggested whenever possible to fully pipeline this function.  If this DSP48 function was inferred, it is suggested to describe an additional register stage after this function.  If the DSP48 was instantiated in the design, it is suggested to set the PREG attribute to 1.
Related violations: <none>

DPOP-1#125 Warning
PREG Output pipelining  
DSP frequency_discern_inst/gtz_697/p_out_Q66302__2 output frequency_discern_inst/gtz_697/p_out_Q66302__2/P[47:0] is not pipelined (PREG=0). Pipelining the DSP48 output will improve performance and often saves power so it is suggested whenever possible to fully pipeline this function.  If this DSP48 function was inferred, it is suggested to describe an additional register stage after this function.  If the DSP48 was instantiated in the design, it is suggested to set the PREG attribute to 1.
Related violations: <none>

DPOP-1#126 Warning
PREG Output pipelining  
DSP frequency_discern_inst/gtz_770/addmulres_p_Q64000 output frequency_discern_inst/gtz_770/addmulres_p_Q64000/P[47:0] is not pipelined (PREG=0). Pipelining the DSP48 output will improve performance and often saves power so it is suggested whenever possible to fully pipeline this function.  If this DSP48 function was inferred, it is suggested to describe an additional register stage after this function.  If the DSP48 was instantiated in the design, it is suggested to set the PREG attribute to 1.
Related violations: <none>

DPOP-1#127 Warning
PREG Output pipelining  
DSP frequency_discern_inst/gtz_770/addmulres_p_Q64000__0 output frequency_discern_inst/gtz_770/addmulres_p_Q64000__0/P[47:0] is not pipelined (PREG=0). Pipelining the DSP48 output will improve performance and often saves power so it is suggested whenever possible to fully pipeline this function.  If this DSP48 function was inferred, it is suggested to describe an additional register stage after this function.  If the DSP48 was instantiated in the design, it is suggested to set the PREG attribute to 1.
Related violations: <none>

DPOP-1#128 Warning
PREG Output pipelining  
DSP frequency_discern_inst/gtz_770/addmulres_p_Q64000__1 output frequency_discern_inst/gtz_770/addmulres_p_Q64000__1/P[47:0] is not pipelined (PREG=0). Pipelining the DSP48 output will improve performance and often saves power so it is suggested whenever possible to fully pipeline this function.  If this DSP48 function was inferred, it is suggested to describe an additional register stage after this function.  If the DSP48 was instantiated in the design, it is suggested to set the PREG attribute to 1.
Related violations: <none>

DPOP-1#129 Warning
PREG Output pipelining  
DSP frequency_discern_inst/gtz_770/addmulres_p_Q64000__2 output frequency_discern_inst/gtz_770/addmulres_p_Q64000__2/P[47:0] is not pipelined (PREG=0). Pipelining the DSP48 output will improve performance and often saves power so it is suggested whenever possible to fully pipeline this function.  If this DSP48 function was inferred, it is suggested to describe an additional register stage after this function.  If the DSP48 was instantiated in the design, it is suggested to set the PREG attribute to 1.
Related violations: <none>

DPOP-1#130 Warning
PREG Output pipelining  
DSP frequency_discern_inst/gtz_770/addmulres_p_Q64000__3 output frequency_discern_inst/gtz_770/addmulres_p_Q64000__3/P[47:0] is not pipelined (PREG=0). Pipelining the DSP48 output will improve performance and often saves power so it is suggested whenever possible to fully pipeline this function.  If this DSP48 function was inferred, it is suggested to describe an additional register stage after this function.  If the DSP48 was instantiated in the design, it is suggested to set the PREG attribute to 1.
Related violations: <none>

DPOP-1#131 Warning
PREG Output pipelining  
DSP frequency_discern_inst/gtz_770/addmulres_p_Q64000__4 output frequency_discern_inst/gtz_770/addmulres_p_Q64000__4/P[47:0] is not pipelined (PREG=0). Pipelining the DSP48 output will improve performance and often saves power so it is suggested whenever possible to fully pipeline this function.  If this DSP48 function was inferred, it is suggested to describe an additional register stage after this function.  If the DSP48 was instantiated in the design, it is suggested to set the PREG attribute to 1.
Related violations: <none>

DPOP-1#132 Warning
PREG Output pipelining  
DSP frequency_discern_inst/gtz_770/addmulres_p_Q64000__5 output frequency_discern_inst/gtz_770/addmulres_p_Q64000__5/P[47:0] is not pipelined (PREG=0). Pipelining the DSP48 output will improve performance and often saves power so it is suggested whenever possible to fully pipeline this function.  If this DSP48 function was inferred, it is suggested to describe an additional register stage after this function.  If the DSP48 was instantiated in the design, it is suggested to set the PREG attribute to 1.
Related violations: <none>

DPOP-1#133 Warning
PREG Output pipelining  
DSP frequency_discern_inst/gtz_770/addmulres_p_Q64000__6 output frequency_discern_inst/gtz_770/addmulres_p_Q64000__6/P[47:0] is not pipelined (PREG=0). Pipelining the DSP48 output will improve performance and often saves power so it is suggested whenever possible to fully pipeline this function.  If this DSP48 function was inferred, it is suggested to describe an additional register stage after this function.  If the DSP48 was instantiated in the design, it is suggested to set the PREG attribute to 1.
Related violations: <none>

DPOP-1#134 Warning
PREG Output pipelining  
DSP frequency_discern_inst/gtz_770/mulres_s_Q6630 output frequency_discern_inst/gtz_770/mulres_s_Q6630/P[47:0] is not pipelined (PREG=0). Pipelining the DSP48 output will improve performance and often saves power so it is suggested whenever possible to fully pipeline this function.  If this DSP48 function was inferred, it is suggested to describe an additional register stage after this function.  If the DSP48 was instantiated in the design, it is suggested to set the PREG attribute to 1.
Related violations: <none>

DPOP-1#135 Warning
PREG Output pipelining  
DSP frequency_discern_inst/gtz_770/mulres_s_Q6630__1 output frequency_discern_inst/gtz_770/mulres_s_Q6630__1/P[47:0] is not pipelined (PREG=0). Pipelining the DSP48 output will improve performance and often saves power so it is suggested whenever possible to fully pipeline this function.  If this DSP48 function was inferred, it is suggested to describe an additional register stage after this function.  If the DSP48 was instantiated in the design, it is suggested to set the PREG attribute to 1.
Related violations: <none>

DPOP-1#136 Warning
PREG Output pipelining  
DSP frequency_discern_inst/gtz_770/mulres_s_Q6630__2 output frequency_discern_inst/gtz_770/mulres_s_Q6630__2/P[47:0] is not pipelined (PREG=0). Pipelining the DSP48 output will improve performance and often saves power so it is suggested whenever possible to fully pipeline this function.  If this DSP48 function was inferred, it is suggested to describe an additional register stage after this function.  If the DSP48 was instantiated in the design, it is suggested to set the PREG attribute to 1.
Related violations: <none>

DPOP-1#137 Warning
PREG Output pipelining  
DSP frequency_discern_inst/gtz_770/mulres_s_Q6630__3 output frequency_discern_inst/gtz_770/mulres_s_Q6630__3/P[47:0] is not pipelined (PREG=0). Pipelining the DSP48 output will improve performance and often saves power so it is suggested whenever possible to fully pipeline this function.  If this DSP48 function was inferred, it is suggested to describe an additional register stage after this function.  If the DSP48 was instantiated in the design, it is suggested to set the PREG attribute to 1.
Related violations: <none>

DPOP-1#138 Warning
PREG Output pipelining  
DSP frequency_discern_inst/gtz_770/mulres_s_Q6630__5 output frequency_discern_inst/gtz_770/mulres_s_Q6630__5/P[47:0] is not pipelined (PREG=0). Pipelining the DSP48 output will improve performance and often saves power so it is suggested whenever possible to fully pipeline this function.  If this DSP48 function was inferred, it is suggested to describe an additional register stage after this function.  If the DSP48 was instantiated in the design, it is suggested to set the PREG attribute to 1.
Related violations: <none>

DPOP-1#139 Warning
PREG Output pipelining  
DSP frequency_discern_inst/gtz_770/p_out_Q66301 output frequency_discern_inst/gtz_770/p_out_Q66301/P[47:0] is not pipelined (PREG=0). Pipelining the DSP48 output will improve performance and often saves power so it is suggested whenever possible to fully pipeline this function.  If this DSP48 function was inferred, it is suggested to describe an additional register stage after this function.  If the DSP48 was instantiated in the design, it is suggested to set the PREG attribute to 1.
Related violations: <none>

DPOP-1#140 Warning
PREG Output pipelining  
DSP frequency_discern_inst/gtz_770/p_out_Q66301__0 output frequency_discern_inst/gtz_770/p_out_Q66301__0/P[47:0] is not pipelined (PREG=0). Pipelining the DSP48 output will improve performance and often saves power so it is suggested whenever possible to fully pipeline this function.  If this DSP48 function was inferred, it is suggested to describe an additional register stage after this function.  If the DSP48 was instantiated in the design, it is suggested to set the PREG attribute to 1.
Related violations: <none>

DPOP-1#141 Warning
PREG Output pipelining  
DSP frequency_discern_inst/gtz_770/p_out_Q66301__1 output frequency_discern_inst/gtz_770/p_out_Q66301__1/P[47:0] is not pipelined (PREG=0). Pipelining the DSP48 output will improve performance and often saves power so it is suggested whenever possible to fully pipeline this function.  If this DSP48 function was inferred, it is suggested to describe an additional register stage after this function.  If the DSP48 was instantiated in the design, it is suggested to set the PREG attribute to 1.
Related violations: <none>

DPOP-1#142 Warning
PREG Output pipelining  
DSP frequency_discern_inst/gtz_770/p_out_Q66301__2 output frequency_discern_inst/gtz_770/p_out_Q66301__2/P[47:0] is not pipelined (PREG=0). Pipelining the DSP48 output will improve performance and often saves power so it is suggested whenever possible to fully pipeline this function.  If this DSP48 function was inferred, it is suggested to describe an additional register stage after this function.  If the DSP48 was instantiated in the design, it is suggested to set the PREG attribute to 1.
Related violations: <none>

DPOP-1#143 Warning
PREG Output pipelining  
DSP frequency_discern_inst/gtz_770/p_out_Q66301__3 output frequency_discern_inst/gtz_770/p_out_Q66301__3/P[47:0] is not pipelined (PREG=0). Pipelining the DSP48 output will improve performance and often saves power so it is suggested whenever possible to fully pipeline this function.  If this DSP48 function was inferred, it is suggested to describe an additional register stage after this function.  If the DSP48 was instantiated in the design, it is suggested to set the PREG attribute to 1.
Related violations: <none>

DPOP-1#144 Warning
PREG Output pipelining  
DSP frequency_discern_inst/gtz_770/p_out_Q66301__4 output frequency_discern_inst/gtz_770/p_out_Q66301__4/P[47:0] is not pipelined (PREG=0). Pipelining the DSP48 output will improve performance and often saves power so it is suggested whenever possible to fully pipeline this function.  If this DSP48 function was inferred, it is suggested to describe an additional register stage after this function.  If the DSP48 was instantiated in the design, it is suggested to set the PREG attribute to 1.
Related violations: <none>

DPOP-1#145 Warning
PREG Output pipelining  
DSP frequency_discern_inst/gtz_770/p_out_Q66301__5 output frequency_discern_inst/gtz_770/p_out_Q66301__5/P[47:0] is not pipelined (PREG=0). Pipelining the DSP48 output will improve performance and often saves power so it is suggested whenever possible to fully pipeline this function.  If this DSP48 function was inferred, it is suggested to describe an additional register stage after this function.  If the DSP48 was instantiated in the design, it is suggested to set the PREG attribute to 1.
Related violations: <none>

DPOP-1#146 Warning
PREG Output pipelining  
DSP frequency_discern_inst/gtz_770/p_out_Q66301__6 output frequency_discern_inst/gtz_770/p_out_Q66301__6/P[47:0] is not pipelined (PREG=0). Pipelining the DSP48 output will improve performance and often saves power so it is suggested whenever possible to fully pipeline this function.  If this DSP48 function was inferred, it is suggested to describe an additional register stage after this function.  If the DSP48 was instantiated in the design, it is suggested to set the PREG attribute to 1.
Related violations: <none>

DPOP-1#147 Warning
PREG Output pipelining  
DSP frequency_discern_inst/gtz_770/p_out_Q66302 output frequency_discern_inst/gtz_770/p_out_Q66302/P[47:0] is not pipelined (PREG=0). Pipelining the DSP48 output will improve performance and often saves power so it is suggested whenever possible to fully pipeline this function.  If this DSP48 function was inferred, it is suggested to describe an additional register stage after this function.  If the DSP48 was instantiated in the design, it is suggested to set the PREG attribute to 1.
Related violations: <none>

DPOP-1#148 Warning
PREG Output pipelining  
DSP frequency_discern_inst/gtz_770/p_out_Q66302__0 output frequency_discern_inst/gtz_770/p_out_Q66302__0/P[47:0] is not pipelined (PREG=0). Pipelining the DSP48 output will improve performance and often saves power so it is suggested whenever possible to fully pipeline this function.  If this DSP48 function was inferred, it is suggested to describe an additional register stage after this function.  If the DSP48 was instantiated in the design, it is suggested to set the PREG attribute to 1.
Related violations: <none>

DPOP-1#149 Warning
PREG Output pipelining  
DSP frequency_discern_inst/gtz_770/p_out_Q66302__1 output frequency_discern_inst/gtz_770/p_out_Q66302__1/P[47:0] is not pipelined (PREG=0). Pipelining the DSP48 output will improve performance and often saves power so it is suggested whenever possible to fully pipeline this function.  If this DSP48 function was inferred, it is suggested to describe an additional register stage after this function.  If the DSP48 was instantiated in the design, it is suggested to set the PREG attribute to 1.
Related violations: <none>

DPOP-1#150 Warning
PREG Output pipelining  
DSP frequency_discern_inst/gtz_770/p_out_Q66302__2 output frequency_discern_inst/gtz_770/p_out_Q66302__2/P[47:0] is not pipelined (PREG=0). Pipelining the DSP48 output will improve performance and often saves power so it is suggested whenever possible to fully pipeline this function.  If this DSP48 function was inferred, it is suggested to describe an additional register stage after this function.  If the DSP48 was instantiated in the design, it is suggested to set the PREG attribute to 1.
Related violations: <none>

DPOP-1#151 Warning
PREG Output pipelining  
DSP frequency_discern_inst/gtz_852/addmulres_p_Q64000 output frequency_discern_inst/gtz_852/addmulres_p_Q64000/P[47:0] is not pipelined (PREG=0). Pipelining the DSP48 output will improve performance and often saves power so it is suggested whenever possible to fully pipeline this function.  If this DSP48 function was inferred, it is suggested to describe an additional register stage after this function.  If the DSP48 was instantiated in the design, it is suggested to set the PREG attribute to 1.
Related violations: <none>

DPOP-1#152 Warning
PREG Output pipelining  
DSP frequency_discern_inst/gtz_852/addmulres_p_Q64000__0 output frequency_discern_inst/gtz_852/addmulres_p_Q64000__0/P[47:0] is not pipelined (PREG=0). Pipelining the DSP48 output will improve performance and often saves power so it is suggested whenever possible to fully pipeline this function.  If this DSP48 function was inferred, it is suggested to describe an additional register stage after this function.  If the DSP48 was instantiated in the design, it is suggested to set the PREG attribute to 1.
Related violations: <none>

DPOP-1#153 Warning
PREG Output pipelining  
DSP frequency_discern_inst/gtz_852/addmulres_p_Q64000__1 output frequency_discern_inst/gtz_852/addmulres_p_Q64000__1/P[47:0] is not pipelined (PREG=0). Pipelining the DSP48 output will improve performance and often saves power so it is suggested whenever possible to fully pipeline this function.  If this DSP48 function was inferred, it is suggested to describe an additional register stage after this function.  If the DSP48 was instantiated in the design, it is suggested to set the PREG attribute to 1.
Related violations: <none>

DPOP-1#154 Warning
PREG Output pipelining  
DSP frequency_discern_inst/gtz_852/addmulres_p_Q64000__2 output frequency_discern_inst/gtz_852/addmulres_p_Q64000__2/P[47:0] is not pipelined (PREG=0). Pipelining the DSP48 output will improve performance and often saves power so it is suggested whenever possible to fully pipeline this function.  If this DSP48 function was inferred, it is suggested to describe an additional register stage after this function.  If the DSP48 was instantiated in the design, it is suggested to set the PREG attribute to 1.
Related violations: <none>

DPOP-1#155 Warning
PREG Output pipelining  
DSP frequency_discern_inst/gtz_852/addmulres_p_Q64000__3 output frequency_discern_inst/gtz_852/addmulres_p_Q64000__3/P[47:0] is not pipelined (PREG=0). Pipelining the DSP48 output will improve performance and often saves power so it is suggested whenever possible to fully pipeline this function.  If this DSP48 function was inferred, it is suggested to describe an additional register stage after this function.  If the DSP48 was instantiated in the design, it is suggested to set the PREG attribute to 1.
Related violations: <none>

DPOP-1#156 Warning
PREG Output pipelining  
DSP frequency_discern_inst/gtz_852/addmulres_p_Q64000__4 output frequency_discern_inst/gtz_852/addmulres_p_Q64000__4/P[47:0] is not pipelined (PREG=0). Pipelining the DSP48 output will improve performance and often saves power so it is suggested whenever possible to fully pipeline this function.  If this DSP48 function was inferred, it is suggested to describe an additional register stage after this function.  If the DSP48 was instantiated in the design, it is suggested to set the PREG attribute to 1.
Related violations: <none>

DPOP-1#157 Warning
PREG Output pipelining  
DSP frequency_discern_inst/gtz_852/addmulres_p_Q64000__5 output frequency_discern_inst/gtz_852/addmulres_p_Q64000__5/P[47:0] is not pipelined (PREG=0). Pipelining the DSP48 output will improve performance and often saves power so it is suggested whenever possible to fully pipeline this function.  If this DSP48 function was inferred, it is suggested to describe an additional register stage after this function.  If the DSP48 was instantiated in the design, it is suggested to set the PREG attribute to 1.
Related violations: <none>

DPOP-1#158 Warning
PREG Output pipelining  
DSP frequency_discern_inst/gtz_852/addmulres_p_Q64000__6 output frequency_discern_inst/gtz_852/addmulres_p_Q64000__6/P[47:0] is not pipelined (PREG=0). Pipelining the DSP48 output will improve performance and often saves power so it is suggested whenever possible to fully pipeline this function.  If this DSP48 function was inferred, it is suggested to describe an additional register stage after this function.  If the DSP48 was instantiated in the design, it is suggested to set the PREG attribute to 1.
Related violations: <none>

DPOP-1#159 Warning
PREG Output pipelining  
DSP frequency_discern_inst/gtz_852/mulres_s_Q6630 output frequency_discern_inst/gtz_852/mulres_s_Q6630/P[47:0] is not pipelined (PREG=0). Pipelining the DSP48 output will improve performance and often saves power so it is suggested whenever possible to fully pipeline this function.  If this DSP48 function was inferred, it is suggested to describe an additional register stage after this function.  If the DSP48 was instantiated in the design, it is suggested to set the PREG attribute to 1.
Related violations: <none>

DPOP-1#160 Warning
PREG Output pipelining  
DSP frequency_discern_inst/gtz_852/mulres_s_Q6630__1 output frequency_discern_inst/gtz_852/mulres_s_Q6630__1/P[47:0] is not pipelined (PREG=0). Pipelining the DSP48 output will improve performance and often saves power so it is suggested whenever possible to fully pipeline this function.  If this DSP48 function was inferred, it is suggested to describe an additional register stage after this function.  If the DSP48 was instantiated in the design, it is suggested to set the PREG attribute to 1.
Related violations: <none>

DPOP-1#161 Warning
PREG Output pipelining  
DSP frequency_discern_inst/gtz_852/mulres_s_Q6630__2 output frequency_discern_inst/gtz_852/mulres_s_Q6630__2/P[47:0] is not pipelined (PREG=0). Pipelining the DSP48 output will improve performance and often saves power so it is suggested whenever possible to fully pipeline this function.  If this DSP48 function was inferred, it is suggested to describe an additional register stage after this function.  If the DSP48 was instantiated in the design, it is suggested to set the PREG attribute to 1.
Related violations: <none>

DPOP-1#162 Warning
PREG Output pipelining  
DSP frequency_discern_inst/gtz_852/mulres_s_Q6630__3 output frequency_discern_inst/gtz_852/mulres_s_Q6630__3/P[47:0] is not pipelined (PREG=0). Pipelining the DSP48 output will improve performance and often saves power so it is suggested whenever possible to fully pipeline this function.  If this DSP48 function was inferred, it is suggested to describe an additional register stage after this function.  If the DSP48 was instantiated in the design, it is suggested to set the PREG attribute to 1.
Related violations: <none>

DPOP-1#163 Warning
PREG Output pipelining  
DSP frequency_discern_inst/gtz_852/mulres_s_Q6630__5 output frequency_discern_inst/gtz_852/mulres_s_Q6630__5/P[47:0] is not pipelined (PREG=0). Pipelining the DSP48 output will improve performance and often saves power so it is suggested whenever possible to fully pipeline this function.  If this DSP48 function was inferred, it is suggested to describe an additional register stage after this function.  If the DSP48 was instantiated in the design, it is suggested to set the PREG attribute to 1.
Related violations: <none>

DPOP-1#164 Warning
PREG Output pipelining  
DSP frequency_discern_inst/gtz_852/p_out_Q66301 output frequency_discern_inst/gtz_852/p_out_Q66301/P[47:0] is not pipelined (PREG=0). Pipelining the DSP48 output will improve performance and often saves power so it is suggested whenever possible to fully pipeline this function.  If this DSP48 function was inferred, it is suggested to describe an additional register stage after this function.  If the DSP48 was instantiated in the design, it is suggested to set the PREG attribute to 1.
Related violations: <none>

DPOP-1#165 Warning
PREG Output pipelining  
DSP frequency_discern_inst/gtz_852/p_out_Q66301__0 output frequency_discern_inst/gtz_852/p_out_Q66301__0/P[47:0] is not pipelined (PREG=0). Pipelining the DSP48 output will improve performance and often saves power so it is suggested whenever possible to fully pipeline this function.  If this DSP48 function was inferred, it is suggested to describe an additional register stage after this function.  If the DSP48 was instantiated in the design, it is suggested to set the PREG attribute to 1.
Related violations: <none>

DPOP-1#166 Warning
PREG Output pipelining  
DSP frequency_discern_inst/gtz_852/p_out_Q66301__1 output frequency_discern_inst/gtz_852/p_out_Q66301__1/P[47:0] is not pipelined (PREG=0). Pipelining the DSP48 output will improve performance and often saves power so it is suggested whenever possible to fully pipeline this function.  If this DSP48 function was inferred, it is suggested to describe an additional register stage after this function.  If the DSP48 was instantiated in the design, it is suggested to set the PREG attribute to 1.
Related violations: <none>

DPOP-1#167 Warning
PREG Output pipelining  
DSP frequency_discern_inst/gtz_852/p_out_Q66301__2 output frequency_discern_inst/gtz_852/p_out_Q66301__2/P[47:0] is not pipelined (PREG=0). Pipelining the DSP48 output will improve performance and often saves power so it is suggested whenever possible to fully pipeline this function.  If this DSP48 function was inferred, it is suggested to describe an additional register stage after this function.  If the DSP48 was instantiated in the design, it is suggested to set the PREG attribute to 1.
Related violations: <none>

DPOP-1#168 Warning
PREG Output pipelining  
DSP frequency_discern_inst/gtz_852/p_out_Q66301__3 output frequency_discern_inst/gtz_852/p_out_Q66301__3/P[47:0] is not pipelined (PREG=0). Pipelining the DSP48 output will improve performance and often saves power so it is suggested whenever possible to fully pipeline this function.  If this DSP48 function was inferred, it is suggested to describe an additional register stage after this function.  If the DSP48 was instantiated in the design, it is suggested to set the PREG attribute to 1.
Related violations: <none>

DPOP-1#169 Warning
PREG Output pipelining  
DSP frequency_discern_inst/gtz_852/p_out_Q66301__4 output frequency_discern_inst/gtz_852/p_out_Q66301__4/P[47:0] is not pipelined (PREG=0). Pipelining the DSP48 output will improve performance and often saves power so it is suggested whenever possible to fully pipeline this function.  If this DSP48 function was inferred, it is suggested to describe an additional register stage after this function.  If the DSP48 was instantiated in the design, it is suggested to set the PREG attribute to 1.
Related violations: <none>

DPOP-1#170 Warning
PREG Output pipelining  
DSP frequency_discern_inst/gtz_852/p_out_Q66301__5 output frequency_discern_inst/gtz_852/p_out_Q66301__5/P[47:0] is not pipelined (PREG=0). Pipelining the DSP48 output will improve performance and often saves power so it is suggested whenever possible to fully pipeline this function.  If this DSP48 function was inferred, it is suggested to describe an additional register stage after this function.  If the DSP48 was instantiated in the design, it is suggested to set the PREG attribute to 1.
Related violations: <none>

DPOP-1#171 Warning
PREG Output pipelining  
DSP frequency_discern_inst/gtz_852/p_out_Q66301__6 output frequency_discern_inst/gtz_852/p_out_Q66301__6/P[47:0] is not pipelined (PREG=0). Pipelining the DSP48 output will improve performance and often saves power so it is suggested whenever possible to fully pipeline this function.  If this DSP48 function was inferred, it is suggested to describe an additional register stage after this function.  If the DSP48 was instantiated in the design, it is suggested to set the PREG attribute to 1.
Related violations: <none>

DPOP-1#172 Warning
PREG Output pipelining  
DSP frequency_discern_inst/gtz_852/p_out_Q66302 output frequency_discern_inst/gtz_852/p_out_Q66302/P[47:0] is not pipelined (PREG=0). Pipelining the DSP48 output will improve performance and often saves power so it is suggested whenever possible to fully pipeline this function.  If this DSP48 function was inferred, it is suggested to describe an additional register stage after this function.  If the DSP48 was instantiated in the design, it is suggested to set the PREG attribute to 1.
Related violations: <none>

DPOP-1#173 Warning
PREG Output pipelining  
DSP frequency_discern_inst/gtz_852/p_out_Q66302__0 output frequency_discern_inst/gtz_852/p_out_Q66302__0/P[47:0] is not pipelined (PREG=0). Pipelining the DSP48 output will improve performance and often saves power so it is suggested whenever possible to fully pipeline this function.  If this DSP48 function was inferred, it is suggested to describe an additional register stage after this function.  If the DSP48 was instantiated in the design, it is suggested to set the PREG attribute to 1.
Related violations: <none>

DPOP-1#174 Warning
PREG Output pipelining  
DSP frequency_discern_inst/gtz_852/p_out_Q66302__1 output frequency_discern_inst/gtz_852/p_out_Q66302__1/P[47:0] is not pipelined (PREG=0). Pipelining the DSP48 output will improve performance and often saves power so it is suggested whenever possible to fully pipeline this function.  If this DSP48 function was inferred, it is suggested to describe an additional register stage after this function.  If the DSP48 was instantiated in the design, it is suggested to set the PREG attribute to 1.
Related violations: <none>

DPOP-1#175 Warning
PREG Output pipelining  
DSP frequency_discern_inst/gtz_852/p_out_Q66302__2 output frequency_discern_inst/gtz_852/p_out_Q66302__2/P[47:0] is not pipelined (PREG=0). Pipelining the DSP48 output will improve performance and often saves power so it is suggested whenever possible to fully pipeline this function.  If this DSP48 function was inferred, it is suggested to describe an additional register stage after this function.  If the DSP48 was instantiated in the design, it is suggested to set the PREG attribute to 1.
Related violations: <none>

DPOP-1#176 Warning
PREG Output pipelining  
DSP frequency_discern_inst/gtz_941/addmulres_p_Q64000 output frequency_discern_inst/gtz_941/addmulres_p_Q64000/P[47:0] is not pipelined (PREG=0). Pipelining the DSP48 output will improve performance and often saves power so it is suggested whenever possible to fully pipeline this function.  If this DSP48 function was inferred, it is suggested to describe an additional register stage after this function.  If the DSP48 was instantiated in the design, it is suggested to set the PREG attribute to 1.
Related violations: <none>

DPOP-1#177 Warning
PREG Output pipelining  
DSP frequency_discern_inst/gtz_941/addmulres_p_Q64000__0 output frequency_discern_inst/gtz_941/addmulres_p_Q64000__0/P[47:0] is not pipelined (PREG=0). Pipelining the DSP48 output will improve performance and often saves power so it is suggested whenever possible to fully pipeline this function.  If this DSP48 function was inferred, it is suggested to describe an additional register stage after this function.  If the DSP48 was instantiated in the design, it is suggested to set the PREG attribute to 1.
Related violations: <none>

DPOP-1#178 Warning
PREG Output pipelining  
DSP frequency_discern_inst/gtz_941/addmulres_p_Q64000__1 output frequency_discern_inst/gtz_941/addmulres_p_Q64000__1/P[47:0] is not pipelined (PREG=0). Pipelining the DSP48 output will improve performance and often saves power so it is suggested whenever possible to fully pipeline this function.  If this DSP48 function was inferred, it is suggested to describe an additional register stage after this function.  If the DSP48 was instantiated in the design, it is suggested to set the PREG attribute to 1.
Related violations: <none>

DPOP-1#179 Warning
PREG Output pipelining  
DSP frequency_discern_inst/gtz_941/addmulres_p_Q64000__2 output frequency_discern_inst/gtz_941/addmulres_p_Q64000__2/P[47:0] is not pipelined (PREG=0). Pipelining the DSP48 output will improve performance and often saves power so it is suggested whenever possible to fully pipeline this function.  If this DSP48 function was inferred, it is suggested to describe an additional register stage after this function.  If the DSP48 was instantiated in the design, it is suggested to set the PREG attribute to 1.
Related violations: <none>

DPOP-1#180 Warning
PREG Output pipelining  
DSP frequency_discern_inst/gtz_941/addmulres_p_Q64000__3 output frequency_discern_inst/gtz_941/addmulres_p_Q64000__3/P[47:0] is not pipelined (PREG=0). Pipelining the DSP48 output will improve performance and often saves power so it is suggested whenever possible to fully pipeline this function.  If this DSP48 function was inferred, it is suggested to describe an additional register stage after this function.  If the DSP48 was instantiated in the design, it is suggested to set the PREG attribute to 1.
Related violations: <none>

DPOP-1#181 Warning
PREG Output pipelining  
DSP frequency_discern_inst/gtz_941/addmulres_p_Q64000__4 output frequency_discern_inst/gtz_941/addmulres_p_Q64000__4/P[47:0] is not pipelined (PREG=0). Pipelining the DSP48 output will improve performance and often saves power so it is suggested whenever possible to fully pipeline this function.  If this DSP48 function was inferred, it is suggested to describe an additional register stage after this function.  If the DSP48 was instantiated in the design, it is suggested to set the PREG attribute to 1.
Related violations: <none>

DPOP-1#182 Warning
PREG Output pipelining  
DSP frequency_discern_inst/gtz_941/addmulres_p_Q64000__5 output frequency_discern_inst/gtz_941/addmulres_p_Q64000__5/P[47:0] is not pipelined (PREG=0). Pipelining the DSP48 output will improve performance and often saves power so it is suggested whenever possible to fully pipeline this function.  If this DSP48 function was inferred, it is suggested to describe an additional register stage after this function.  If the DSP48 was instantiated in the design, it is suggested to set the PREG attribute to 1.
Related violations: <none>

DPOP-1#183 Warning
PREG Output pipelining  
DSP frequency_discern_inst/gtz_941/addmulres_p_Q64000__6 output frequency_discern_inst/gtz_941/addmulres_p_Q64000__6/P[47:0] is not pipelined (PREG=0). Pipelining the DSP48 output will improve performance and often saves power so it is suggested whenever possible to fully pipeline this function.  If this DSP48 function was inferred, it is suggested to describe an additional register stage after this function.  If the DSP48 was instantiated in the design, it is suggested to set the PREG attribute to 1.
Related violations: <none>

DPOP-1#184 Warning
PREG Output pipelining  
DSP frequency_discern_inst/gtz_941/mulres_s_Q6630 output frequency_discern_inst/gtz_941/mulres_s_Q6630/P[47:0] is not pipelined (PREG=0). Pipelining the DSP48 output will improve performance and often saves power so it is suggested whenever possible to fully pipeline this function.  If this DSP48 function was inferred, it is suggested to describe an additional register stage after this function.  If the DSP48 was instantiated in the design, it is suggested to set the PREG attribute to 1.
Related violations: <none>

DPOP-1#185 Warning
PREG Output pipelining  
DSP frequency_discern_inst/gtz_941/mulres_s_Q6630__1 output frequency_discern_inst/gtz_941/mulres_s_Q6630__1/P[47:0] is not pipelined (PREG=0). Pipelining the DSP48 output will improve performance and often saves power so it is suggested whenever possible to fully pipeline this function.  If this DSP48 function was inferred, it is suggested to describe an additional register stage after this function.  If the DSP48 was instantiated in the design, it is suggested to set the PREG attribute to 1.
Related violations: <none>

DPOP-1#186 Warning
PREG Output pipelining  
DSP frequency_discern_inst/gtz_941/mulres_s_Q6630__2 output frequency_discern_inst/gtz_941/mulres_s_Q6630__2/P[47:0] is not pipelined (PREG=0). Pipelining the DSP48 output will improve performance and often saves power so it is suggested whenever possible to fully pipeline this function.  If this DSP48 function was inferred, it is suggested to describe an additional register stage after this function.  If the DSP48 was instantiated in the design, it is suggested to set the PREG attribute to 1.
Related violations: <none>

DPOP-1#187 Warning
PREG Output pipelining  
DSP frequency_discern_inst/gtz_941/mulres_s_Q6630__3 output frequency_discern_inst/gtz_941/mulres_s_Q6630__3/P[47:0] is not pipelined (PREG=0). Pipelining the DSP48 output will improve performance and often saves power so it is suggested whenever possible to fully pipeline this function.  If this DSP48 function was inferred, it is suggested to describe an additional register stage after this function.  If the DSP48 was instantiated in the design, it is suggested to set the PREG attribute to 1.
Related violations: <none>

DPOP-1#188 Warning
PREG Output pipelining  
DSP frequency_discern_inst/gtz_941/mulres_s_Q6630__5 output frequency_discern_inst/gtz_941/mulres_s_Q6630__5/P[47:0] is not pipelined (PREG=0). Pipelining the DSP48 output will improve performance and often saves power so it is suggested whenever possible to fully pipeline this function.  If this DSP48 function was inferred, it is suggested to describe an additional register stage after this function.  If the DSP48 was instantiated in the design, it is suggested to set the PREG attribute to 1.
Related violations: <none>

DPOP-1#189 Warning
PREG Output pipelining  
DSP frequency_discern_inst/gtz_941/p_out_Q66301 output frequency_discern_inst/gtz_941/p_out_Q66301/P[47:0] is not pipelined (PREG=0). Pipelining the DSP48 output will improve performance and often saves power so it is suggested whenever possible to fully pipeline this function.  If this DSP48 function was inferred, it is suggested to describe an additional register stage after this function.  If the DSP48 was instantiated in the design, it is suggested to set the PREG attribute to 1.
Related violations: <none>

DPOP-1#190 Warning
PREG Output pipelining  
DSP frequency_discern_inst/gtz_941/p_out_Q66301__0 output frequency_discern_inst/gtz_941/p_out_Q66301__0/P[47:0] is not pipelined (PREG=0). Pipelining the DSP48 output will improve performance and often saves power so it is suggested whenever possible to fully pipeline this function.  If this DSP48 function was inferred, it is suggested to describe an additional register stage after this function.  If the DSP48 was instantiated in the design, it is suggested to set the PREG attribute to 1.
Related violations: <none>

DPOP-1#191 Warning
PREG Output pipelining  
DSP frequency_discern_inst/gtz_941/p_out_Q66301__1 output frequency_discern_inst/gtz_941/p_out_Q66301__1/P[47:0] is not pipelined (PREG=0). Pipelining the DSP48 output will improve performance and often saves power so it is suggested whenever possible to fully pipeline this function.  If this DSP48 function was inferred, it is suggested to describe an additional register stage after this function.  If the DSP48 was instantiated in the design, it is suggested to set the PREG attribute to 1.
Related violations: <none>

DPOP-1#192 Warning
PREG Output pipelining  
DSP frequency_discern_inst/gtz_941/p_out_Q66301__2 output frequency_discern_inst/gtz_941/p_out_Q66301__2/P[47:0] is not pipelined (PREG=0). Pipelining the DSP48 output will improve performance and often saves power so it is suggested whenever possible to fully pipeline this function.  If this DSP48 function was inferred, it is suggested to describe an additional register stage after this function.  If the DSP48 was instantiated in the design, it is suggested to set the PREG attribute to 1.
Related violations: <none>

DPOP-1#193 Warning
PREG Output pipelining  
DSP frequency_discern_inst/gtz_941/p_out_Q66301__3 output frequency_discern_inst/gtz_941/p_out_Q66301__3/P[47:0] is not pipelined (PREG=0). Pipelining the DSP48 output will improve performance and often saves power so it is suggested whenever possible to fully pipeline this function.  If this DSP48 function was inferred, it is suggested to describe an additional register stage after this function.  If the DSP48 was instantiated in the design, it is suggested to set the PREG attribute to 1.
Related violations: <none>

DPOP-1#194 Warning
PREG Output pipelining  
DSP frequency_discern_inst/gtz_941/p_out_Q66301__4 output frequency_discern_inst/gtz_941/p_out_Q66301__4/P[47:0] is not pipelined (PREG=0). Pipelining the DSP48 output will improve performance and often saves power so it is suggested whenever possible to fully pipeline this function.  If this DSP48 function was inferred, it is suggested to describe an additional register stage after this function.  If the DSP48 was instantiated in the design, it is suggested to set the PREG attribute to 1.
Related violations: <none>

DPOP-1#195 Warning
PREG Output pipelining  
DSP frequency_discern_inst/gtz_941/p_out_Q66301__5 output frequency_discern_inst/gtz_941/p_out_Q66301__5/P[47:0] is not pipelined (PREG=0). Pipelining the DSP48 output will improve performance and often saves power so it is suggested whenever possible to fully pipeline this function.  If this DSP48 function was inferred, it is suggested to describe an additional register stage after this function.  If the DSP48 was instantiated in the design, it is suggested to set the PREG attribute to 1.
Related violations: <none>

DPOP-1#196 Warning
PREG Output pipelining  
DSP frequency_discern_inst/gtz_941/p_out_Q66301__6 output frequency_discern_inst/gtz_941/p_out_Q66301__6/P[47:0] is not pipelined (PREG=0). Pipelining the DSP48 output will improve performance and often saves power so it is suggested whenever possible to fully pipeline this function.  If this DSP48 function was inferred, it is suggested to describe an additional register stage after this function.  If the DSP48 was instantiated in the design, it is suggested to set the PREG attribute to 1.
Related violations: <none>

DPOP-1#197 Warning
PREG Output pipelining  
DSP frequency_discern_inst/gtz_941/p_out_Q66302 output frequency_discern_inst/gtz_941/p_out_Q66302/P[47:0] is not pipelined (PREG=0). Pipelining the DSP48 output will improve performance and often saves power so it is suggested whenever possible to fully pipeline this function.  If this DSP48 function was inferred, it is suggested to describe an additional register stage after this function.  If the DSP48 was instantiated in the design, it is suggested to set the PREG attribute to 1.
Related violations: <none>

DPOP-1#198 Warning
PREG Output pipelining  
DSP frequency_discern_inst/gtz_941/p_out_Q66302__0 output frequency_discern_inst/gtz_941/p_out_Q66302__0/P[47:0] is not pipelined (PREG=0). Pipelining the DSP48 output will improve performance and often saves power so it is suggested whenever possible to fully pipeline this function.  If this DSP48 function was inferred, it is suggested to describe an additional register stage after this function.  If the DSP48 was instantiated in the design, it is suggested to set the PREG attribute to 1.
Related violations: <none>

DPOP-1#199 Warning
PREG Output pipelining  
DSP frequency_discern_inst/gtz_941/p_out_Q66302__1 output frequency_discern_inst/gtz_941/p_out_Q66302__1/P[47:0] is not pipelined (PREG=0). Pipelining the DSP48 output will improve performance and often saves power so it is suggested whenever possible to fully pipeline this function.  If this DSP48 function was inferred, it is suggested to describe an additional register stage after this function.  If the DSP48 was instantiated in the design, it is suggested to set the PREG attribute to 1.
Related violations: <none>

DPOP-1#200 Warning
PREG Output pipelining  
DSP frequency_discern_inst/gtz_941/p_out_Q66302__2 output frequency_discern_inst/gtz_941/p_out_Q66302__2/P[47:0] is not pipelined (PREG=0). Pipelining the DSP48 output will improve performance and often saves power so it is suggested whenever possible to fully pipeline this function.  If this DSP48 function was inferred, it is suggested to describe an additional register stage after this function.  If the DSP48 was instantiated in the design, it is suggested to set the PREG attribute to 1.
Related violations: <none>

DPOP-2#1 Warning
MREG Output pipelining  
DSP frequency_discern_inst/gtz_1209/mulres_s_Q6630 multiplier stage frequency_discern_inst/gtz_1209/mulres_s_Q6630/P[47:0] is not pipelined (MREG=0). Pipelining the multiplier function will improve performance and will save significant power so it is suggested whenever possible to fully pipeline this function.  If this multiplier was inferred, it is suggested to describe an additional register stage after this function.  If there is no registered adder/accumulator following the multiply function, two pipeline stages are suggested to allow both the MREG and PREG registers to be used.  If the DSP48 was instantiated in the design, it is suggested to set both the MREG and PREG attributes to 1 when performing multiply functions.
Related violations: <none>

DPOP-2#2 Warning
MREG Output pipelining  
DSP frequency_discern_inst/gtz_1209/mulres_s_Q6630__1 multiplier stage frequency_discern_inst/gtz_1209/mulres_s_Q6630__1/P[47:0] is not pipelined (MREG=0). Pipelining the multiplier function will improve performance and will save significant power so it is suggested whenever possible to fully pipeline this function.  If this multiplier was inferred, it is suggested to describe an additional register stage after this function.  If there is no registered adder/accumulator following the multiply function, two pipeline stages are suggested to allow both the MREG and PREG registers to be used.  If the DSP48 was instantiated in the design, it is suggested to set both the MREG and PREG attributes to 1 when performing multiply functions.
Related violations: <none>

DPOP-2#3 Warning
MREG Output pipelining  
DSP frequency_discern_inst/gtz_1209/mulres_s_Q6630__2 multiplier stage frequency_discern_inst/gtz_1209/mulres_s_Q6630__2/P[47:0] is not pipelined (MREG=0). Pipelining the multiplier function will improve performance and will save significant power so it is suggested whenever possible to fully pipeline this function.  If this multiplier was inferred, it is suggested to describe an additional register stage after this function.  If there is no registered adder/accumulator following the multiply function, two pipeline stages are suggested to allow both the MREG and PREG registers to be used.  If the DSP48 was instantiated in the design, it is suggested to set both the MREG and PREG attributes to 1 when performing multiply functions.
Related violations: <none>

DPOP-2#4 Warning
MREG Output pipelining  
DSP frequency_discern_inst/gtz_1209/mulres_s_Q6630__3 multiplier stage frequency_discern_inst/gtz_1209/mulres_s_Q6630__3/P[47:0] is not pipelined (MREG=0). Pipelining the multiplier function will improve performance and will save significant power so it is suggested whenever possible to fully pipeline this function.  If this multiplier was inferred, it is suggested to describe an additional register stage after this function.  If there is no registered adder/accumulator following the multiply function, two pipeline stages are suggested to allow both the MREG and PREG registers to be used.  If the DSP48 was instantiated in the design, it is suggested to set both the MREG and PREG attributes to 1 when performing multiply functions.
Related violations: <none>

DPOP-2#5 Warning
MREG Output pipelining  
DSP frequency_discern_inst/gtz_1209/mulres_s_Q6630__5 multiplier stage frequency_discern_inst/gtz_1209/mulres_s_Q6630__5/P[47:0] is not pipelined (MREG=0). Pipelining the multiplier function will improve performance and will save significant power so it is suggested whenever possible to fully pipeline this function.  If this multiplier was inferred, it is suggested to describe an additional register stage after this function.  If there is no registered adder/accumulator following the multiply function, two pipeline stages are suggested to allow both the MREG and PREG registers to be used.  If the DSP48 was instantiated in the design, it is suggested to set both the MREG and PREG attributes to 1 when performing multiply functions.
Related violations: <none>

DPOP-2#6 Warning
MREG Output pipelining  
DSP frequency_discern_inst/gtz_1209/p_out_Q66301 multiplier stage frequency_discern_inst/gtz_1209/p_out_Q66301/P[47:0] is not pipelined (MREG=0). Pipelining the multiplier function will improve performance and will save significant power so it is suggested whenever possible to fully pipeline this function.  If this multiplier was inferred, it is suggested to describe an additional register stage after this function.  If there is no registered adder/accumulator following the multiply function, two pipeline stages are suggested to allow both the MREG and PREG registers to be used.  If the DSP48 was instantiated in the design, it is suggested to set both the MREG and PREG attributes to 1 when performing multiply functions.
Related violations: <none>

DPOP-2#7 Warning
MREG Output pipelining  
DSP frequency_discern_inst/gtz_1209/p_out_Q66301__0 multiplier stage frequency_discern_inst/gtz_1209/p_out_Q66301__0/P[47:0] is not pipelined (MREG=0). Pipelining the multiplier function will improve performance and will save significant power so it is suggested whenever possible to fully pipeline this function.  If this multiplier was inferred, it is suggested to describe an additional register stage after this function.  If there is no registered adder/accumulator following the multiply function, two pipeline stages are suggested to allow both the MREG and PREG registers to be used.  If the DSP48 was instantiated in the design, it is suggested to set both the MREG and PREG attributes to 1 when performing multiply functions.
Related violations: <none>

DPOP-2#8 Warning
MREG Output pipelining  
DSP frequency_discern_inst/gtz_1209/p_out_Q66301__1 multiplier stage frequency_discern_inst/gtz_1209/p_out_Q66301__1/P[47:0] is not pipelined (MREG=0). Pipelining the multiplier function will improve performance and will save significant power so it is suggested whenever possible to fully pipeline this function.  If this multiplier was inferred, it is suggested to describe an additional register stage after this function.  If there is no registered adder/accumulator following the multiply function, two pipeline stages are suggested to allow both the MREG and PREG registers to be used.  If the DSP48 was instantiated in the design, it is suggested to set both the MREG and PREG attributes to 1 when performing multiply functions.
Related violations: <none>

DPOP-2#9 Warning
MREG Output pipelining  
DSP frequency_discern_inst/gtz_1209/p_out_Q66301__2 multiplier stage frequency_discern_inst/gtz_1209/p_out_Q66301__2/P[47:0] is not pipelined (MREG=0). Pipelining the multiplier function will improve performance and will save significant power so it is suggested whenever possible to fully pipeline this function.  If this multiplier was inferred, it is suggested to describe an additional register stage after this function.  If there is no registered adder/accumulator following the multiply function, two pipeline stages are suggested to allow both the MREG and PREG registers to be used.  If the DSP48 was instantiated in the design, it is suggested to set both the MREG and PREG attributes to 1 when performing multiply functions.
Related violations: <none>

DPOP-2#10 Warning
MREG Output pipelining  
DSP frequency_discern_inst/gtz_1209/p_out_Q66301__3 multiplier stage frequency_discern_inst/gtz_1209/p_out_Q66301__3/P[47:0] is not pipelined (MREG=0). Pipelining the multiplier function will improve performance and will save significant power so it is suggested whenever possible to fully pipeline this function.  If this multiplier was inferred, it is suggested to describe an additional register stage after this function.  If there is no registered adder/accumulator following the multiply function, two pipeline stages are suggested to allow both the MREG and PREG registers to be used.  If the DSP48 was instantiated in the design, it is suggested to set both the MREG and PREG attributes to 1 when performing multiply functions.
Related violations: <none>

DPOP-2#11 Warning
MREG Output pipelining  
DSP frequency_discern_inst/gtz_1209/p_out_Q66301__4 multiplier stage frequency_discern_inst/gtz_1209/p_out_Q66301__4/P[47:0] is not pipelined (MREG=0). Pipelining the multiplier function will improve performance and will save significant power so it is suggested whenever possible to fully pipeline this function.  If this multiplier was inferred, it is suggested to describe an additional register stage after this function.  If there is no registered adder/accumulator following the multiply function, two pipeline stages are suggested to allow both the MREG and PREG registers to be used.  If the DSP48 was instantiated in the design, it is suggested to set both the MREG and PREG attributes to 1 when performing multiply functions.
Related violations: <none>

DPOP-2#12 Warning
MREG Output pipelining  
DSP frequency_discern_inst/gtz_1209/p_out_Q66301__5 multiplier stage frequency_discern_inst/gtz_1209/p_out_Q66301__5/P[47:0] is not pipelined (MREG=0). Pipelining the multiplier function will improve performance and will save significant power so it is suggested whenever possible to fully pipeline this function.  If this multiplier was inferred, it is suggested to describe an additional register stage after this function.  If there is no registered adder/accumulator following the multiply function, two pipeline stages are suggested to allow both the MREG and PREG registers to be used.  If the DSP48 was instantiated in the design, it is suggested to set both the MREG and PREG attributes to 1 when performing multiply functions.
Related violations: <none>

DPOP-2#13 Warning
MREG Output pipelining  
DSP frequency_discern_inst/gtz_1209/p_out_Q66301__6 multiplier stage frequency_discern_inst/gtz_1209/p_out_Q66301__6/P[47:0] is not pipelined (MREG=0). Pipelining the multiplier function will improve performance and will save significant power so it is suggested whenever possible to fully pipeline this function.  If this multiplier was inferred, it is suggested to describe an additional register stage after this function.  If there is no registered adder/accumulator following the multiply function, two pipeline stages are suggested to allow both the MREG and PREG registers to be used.  If the DSP48 was instantiated in the design, it is suggested to set both the MREG and PREG attributes to 1 when performing multiply functions.
Related violations: <none>

DPOP-2#14 Warning
MREG Output pipelining  
DSP frequency_discern_inst/gtz_1209/p_out_Q66302 multiplier stage frequency_discern_inst/gtz_1209/p_out_Q66302/P[47:0] is not pipelined (MREG=0). Pipelining the multiplier function will improve performance and will save significant power so it is suggested whenever possible to fully pipeline this function.  If this multiplier was inferred, it is suggested to describe an additional register stage after this function.  If there is no registered adder/accumulator following the multiply function, two pipeline stages are suggested to allow both the MREG and PREG registers to be used.  If the DSP48 was instantiated in the design, it is suggested to set both the MREG and PREG attributes to 1 when performing multiply functions.
Related violations: <none>

DPOP-2#15 Warning
MREG Output pipelining  
DSP frequency_discern_inst/gtz_1209/p_out_Q66302__0 multiplier stage frequency_discern_inst/gtz_1209/p_out_Q66302__0/P[47:0] is not pipelined (MREG=0). Pipelining the multiplier function will improve performance and will save significant power so it is suggested whenever possible to fully pipeline this function.  If this multiplier was inferred, it is suggested to describe an additional register stage after this function.  If there is no registered adder/accumulator following the multiply function, two pipeline stages are suggested to allow both the MREG and PREG registers to be used.  If the DSP48 was instantiated in the design, it is suggested to set both the MREG and PREG attributes to 1 when performing multiply functions.
Related violations: <none>

DPOP-2#16 Warning
MREG Output pipelining  
DSP frequency_discern_inst/gtz_1209/p_out_Q66302__1 multiplier stage frequency_discern_inst/gtz_1209/p_out_Q66302__1/P[47:0] is not pipelined (MREG=0). Pipelining the multiplier function will improve performance and will save significant power so it is suggested whenever possible to fully pipeline this function.  If this multiplier was inferred, it is suggested to describe an additional register stage after this function.  If there is no registered adder/accumulator following the multiply function, two pipeline stages are suggested to allow both the MREG and PREG registers to be used.  If the DSP48 was instantiated in the design, it is suggested to set both the MREG and PREG attributes to 1 when performing multiply functions.
Related violations: <none>

DPOP-2#17 Warning
MREG Output pipelining  
DSP frequency_discern_inst/gtz_1209/p_out_Q66302__2 multiplier stage frequency_discern_inst/gtz_1209/p_out_Q66302__2/P[47:0] is not pipelined (MREG=0). Pipelining the multiplier function will improve performance and will save significant power so it is suggested whenever possible to fully pipeline this function.  If this multiplier was inferred, it is suggested to describe an additional register stage after this function.  If there is no registered adder/accumulator following the multiply function, two pipeline stages are suggested to allow both the MREG and PREG registers to be used.  If the DSP48 was instantiated in the design, it is suggested to set both the MREG and PREG attributes to 1 when performing multiply functions.
Related violations: <none>

DPOP-2#18 Warning
MREG Output pipelining  
DSP frequency_discern_inst/gtz_1336/mulres_s_Q6630 multiplier stage frequency_discern_inst/gtz_1336/mulres_s_Q6630/P[47:0] is not pipelined (MREG=0). Pipelining the multiplier function will improve performance and will save significant power so it is suggested whenever possible to fully pipeline this function.  If this multiplier was inferred, it is suggested to describe an additional register stage after this function.  If there is no registered adder/accumulator following the multiply function, two pipeline stages are suggested to allow both the MREG and PREG registers to be used.  If the DSP48 was instantiated in the design, it is suggested to set both the MREG and PREG attributes to 1 when performing multiply functions.
Related violations: <none>

DPOP-2#19 Warning
MREG Output pipelining  
DSP frequency_discern_inst/gtz_1336/mulres_s_Q6630__1 multiplier stage frequency_discern_inst/gtz_1336/mulres_s_Q6630__1/P[47:0] is not pipelined (MREG=0). Pipelining the multiplier function will improve performance and will save significant power so it is suggested whenever possible to fully pipeline this function.  If this multiplier was inferred, it is suggested to describe an additional register stage after this function.  If there is no registered adder/accumulator following the multiply function, two pipeline stages are suggested to allow both the MREG and PREG registers to be used.  If the DSP48 was instantiated in the design, it is suggested to set both the MREG and PREG attributes to 1 when performing multiply functions.
Related violations: <none>

DPOP-2#20 Warning
MREG Output pipelining  
DSP frequency_discern_inst/gtz_1336/mulres_s_Q6630__2 multiplier stage frequency_discern_inst/gtz_1336/mulres_s_Q6630__2/P[47:0] is not pipelined (MREG=0). Pipelining the multiplier function will improve performance and will save significant power so it is suggested whenever possible to fully pipeline this function.  If this multiplier was inferred, it is suggested to describe an additional register stage after this function.  If there is no registered adder/accumulator following the multiply function, two pipeline stages are suggested to allow both the MREG and PREG registers to be used.  If the DSP48 was instantiated in the design, it is suggested to set both the MREG and PREG attributes to 1 when performing multiply functions.
Related violations: <none>

DPOP-2#21 Warning
MREG Output pipelining  
DSP frequency_discern_inst/gtz_1336/mulres_s_Q6630__3 multiplier stage frequency_discern_inst/gtz_1336/mulres_s_Q6630__3/P[47:0] is not pipelined (MREG=0). Pipelining the multiplier function will improve performance and will save significant power so it is suggested whenever possible to fully pipeline this function.  If this multiplier was inferred, it is suggested to describe an additional register stage after this function.  If there is no registered adder/accumulator following the multiply function, two pipeline stages are suggested to allow both the MREG and PREG registers to be used.  If the DSP48 was instantiated in the design, it is suggested to set both the MREG and PREG attributes to 1 when performing multiply functions.
Related violations: <none>

DPOP-2#22 Warning
MREG Output pipelining  
DSP frequency_discern_inst/gtz_1336/mulres_s_Q6630__5 multiplier stage frequency_discern_inst/gtz_1336/mulres_s_Q6630__5/P[47:0] is not pipelined (MREG=0). Pipelining the multiplier function will improve performance and will save significant power so it is suggested whenever possible to fully pipeline this function.  If this multiplier was inferred, it is suggested to describe an additional register stage after this function.  If there is no registered adder/accumulator following the multiply function, two pipeline stages are suggested to allow both the MREG and PREG registers to be used.  If the DSP48 was instantiated in the design, it is suggested to set both the MREG and PREG attributes to 1 when performing multiply functions.
Related violations: <none>

DPOP-2#23 Warning
MREG Output pipelining  
DSP frequency_discern_inst/gtz_1336/p_out_Q66301 multiplier stage frequency_discern_inst/gtz_1336/p_out_Q66301/P[47:0] is not pipelined (MREG=0). Pipelining the multiplier function will improve performance and will save significant power so it is suggested whenever possible to fully pipeline this function.  If this multiplier was inferred, it is suggested to describe an additional register stage after this function.  If there is no registered adder/accumulator following the multiply function, two pipeline stages are suggested to allow both the MREG and PREG registers to be used.  If the DSP48 was instantiated in the design, it is suggested to set both the MREG and PREG attributes to 1 when performing multiply functions.
Related violations: <none>

DPOP-2#24 Warning
MREG Output pipelining  
DSP frequency_discern_inst/gtz_1336/p_out_Q66301__0 multiplier stage frequency_discern_inst/gtz_1336/p_out_Q66301__0/P[47:0] is not pipelined (MREG=0). Pipelining the multiplier function will improve performance and will save significant power so it is suggested whenever possible to fully pipeline this function.  If this multiplier was inferred, it is suggested to describe an additional register stage after this function.  If there is no registered adder/accumulator following the multiply function, two pipeline stages are suggested to allow both the MREG and PREG registers to be used.  If the DSP48 was instantiated in the design, it is suggested to set both the MREG and PREG attributes to 1 when performing multiply functions.
Related violations: <none>

DPOP-2#25 Warning
MREG Output pipelining  
DSP frequency_discern_inst/gtz_1336/p_out_Q66301__1 multiplier stage frequency_discern_inst/gtz_1336/p_out_Q66301__1/P[47:0] is not pipelined (MREG=0). Pipelining the multiplier function will improve performance and will save significant power so it is suggested whenever possible to fully pipeline this function.  If this multiplier was inferred, it is suggested to describe an additional register stage after this function.  If there is no registered adder/accumulator following the multiply function, two pipeline stages are suggested to allow both the MREG and PREG registers to be used.  If the DSP48 was instantiated in the design, it is suggested to set both the MREG and PREG attributes to 1 when performing multiply functions.
Related violations: <none>

DPOP-2#26 Warning
MREG Output pipelining  
DSP frequency_discern_inst/gtz_1336/p_out_Q66301__2 multiplier stage frequency_discern_inst/gtz_1336/p_out_Q66301__2/P[47:0] is not pipelined (MREG=0). Pipelining the multiplier function will improve performance and will save significant power so it is suggested whenever possible to fully pipeline this function.  If this multiplier was inferred, it is suggested to describe an additional register stage after this function.  If there is no registered adder/accumulator following the multiply function, two pipeline stages are suggested to allow both the MREG and PREG registers to be used.  If the DSP48 was instantiated in the design, it is suggested to set both the MREG and PREG attributes to 1 when performing multiply functions.
Related violations: <none>

DPOP-2#27 Warning
MREG Output pipelining  
DSP frequency_discern_inst/gtz_1336/p_out_Q66301__3 multiplier stage frequency_discern_inst/gtz_1336/p_out_Q66301__3/P[47:0] is not pipelined (MREG=0). Pipelining the multiplier function will improve performance and will save significant power so it is suggested whenever possible to fully pipeline this function.  If this multiplier was inferred, it is suggested to describe an additional register stage after this function.  If there is no registered adder/accumulator following the multiply function, two pipeline stages are suggested to allow both the MREG and PREG registers to be used.  If the DSP48 was instantiated in the design, it is suggested to set both the MREG and PREG attributes to 1 when performing multiply functions.
Related violations: <none>

DPOP-2#28 Warning
MREG Output pipelining  
DSP frequency_discern_inst/gtz_1336/p_out_Q66301__4 multiplier stage frequency_discern_inst/gtz_1336/p_out_Q66301__4/P[47:0] is not pipelined (MREG=0). Pipelining the multiplier function will improve performance and will save significant power so it is suggested whenever possible to fully pipeline this function.  If this multiplier was inferred, it is suggested to describe an additional register stage after this function.  If there is no registered adder/accumulator following the multiply function, two pipeline stages are suggested to allow both the MREG and PREG registers to be used.  If the DSP48 was instantiated in the design, it is suggested to set both the MREG and PREG attributes to 1 when performing multiply functions.
Related violations: <none>

DPOP-2#29 Warning
MREG Output pipelining  
DSP frequency_discern_inst/gtz_1336/p_out_Q66301__5 multiplier stage frequency_discern_inst/gtz_1336/p_out_Q66301__5/P[47:0] is not pipelined (MREG=0). Pipelining the multiplier function will improve performance and will save significant power so it is suggested whenever possible to fully pipeline this function.  If this multiplier was inferred, it is suggested to describe an additional register stage after this function.  If there is no registered adder/accumulator following the multiply function, two pipeline stages are suggested to allow both the MREG and PREG registers to be used.  If the DSP48 was instantiated in the design, it is suggested to set both the MREG and PREG attributes to 1 when performing multiply functions.
Related violations: <none>

DPOP-2#30 Warning
MREG Output pipelining  
DSP frequency_discern_inst/gtz_1336/p_out_Q66301__6 multiplier stage frequency_discern_inst/gtz_1336/p_out_Q66301__6/P[47:0] is not pipelined (MREG=0). Pipelining the multiplier function will improve performance and will save significant power so it is suggested whenever possible to fully pipeline this function.  If this multiplier was inferred, it is suggested to describe an additional register stage after this function.  If there is no registered adder/accumulator following the multiply function, two pipeline stages are suggested to allow both the MREG and PREG registers to be used.  If the DSP48 was instantiated in the design, it is suggested to set both the MREG and PREG attributes to 1 when performing multiply functions.
Related violations: <none>

DPOP-2#31 Warning
MREG Output pipelining  
DSP frequency_discern_inst/gtz_1336/p_out_Q66302 multiplier stage frequency_discern_inst/gtz_1336/p_out_Q66302/P[47:0] is not pipelined (MREG=0). Pipelining the multiplier function will improve performance and will save significant power so it is suggested whenever possible to fully pipeline this function.  If this multiplier was inferred, it is suggested to describe an additional register stage after this function.  If there is no registered adder/accumulator following the multiply function, two pipeline stages are suggested to allow both the MREG and PREG registers to be used.  If the DSP48 was instantiated in the design, it is suggested to set both the MREG and PREG attributes to 1 when performing multiply functions.
Related violations: <none>

DPOP-2#32 Warning
MREG Output pipelining  
DSP frequency_discern_inst/gtz_1336/p_out_Q66302__0 multiplier stage frequency_discern_inst/gtz_1336/p_out_Q66302__0/P[47:0] is not pipelined (MREG=0). Pipelining the multiplier function will improve performance and will save significant power so it is suggested whenever possible to fully pipeline this function.  If this multiplier was inferred, it is suggested to describe an additional register stage after this function.  If there is no registered adder/accumulator following the multiply function, two pipeline stages are suggested to allow both the MREG and PREG registers to be used.  If the DSP48 was instantiated in the design, it is suggested to set both the MREG and PREG attributes to 1 when performing multiply functions.
Related violations: <none>

DPOP-2#33 Warning
MREG Output pipelining  
DSP frequency_discern_inst/gtz_1336/p_out_Q66302__1 multiplier stage frequency_discern_inst/gtz_1336/p_out_Q66302__1/P[47:0] is not pipelined (MREG=0). Pipelining the multiplier function will improve performance and will save significant power so it is suggested whenever possible to fully pipeline this function.  If this multiplier was inferred, it is suggested to describe an additional register stage after this function.  If there is no registered adder/accumulator following the multiply function, two pipeline stages are suggested to allow both the MREG and PREG registers to be used.  If the DSP48 was instantiated in the design, it is suggested to set both the MREG and PREG attributes to 1 when performing multiply functions.
Related violations: <none>

DPOP-2#34 Warning
MREG Output pipelining  
DSP frequency_discern_inst/gtz_1336/p_out_Q66302__2 multiplier stage frequency_discern_inst/gtz_1336/p_out_Q66302__2/P[47:0] is not pipelined (MREG=0). Pipelining the multiplier function will improve performance and will save significant power so it is suggested whenever possible to fully pipeline this function.  If this multiplier was inferred, it is suggested to describe an additional register stage after this function.  If there is no registered adder/accumulator following the multiply function, two pipeline stages are suggested to allow both the MREG and PREG registers to be used.  If the DSP48 was instantiated in the design, it is suggested to set both the MREG and PREG attributes to 1 when performing multiply functions.
Related violations: <none>

DPOP-2#35 Warning
MREG Output pipelining  
DSP frequency_discern_inst/gtz_1477/mulres_s_Q6630 multiplier stage frequency_discern_inst/gtz_1477/mulres_s_Q6630/P[47:0] is not pipelined (MREG=0). Pipelining the multiplier function will improve performance and will save significant power so it is suggested whenever possible to fully pipeline this function.  If this multiplier was inferred, it is suggested to describe an additional register stage after this function.  If there is no registered adder/accumulator following the multiply function, two pipeline stages are suggested to allow both the MREG and PREG registers to be used.  If the DSP48 was instantiated in the design, it is suggested to set both the MREG and PREG attributes to 1 when performing multiply functions.
Related violations: <none>

DPOP-2#36 Warning
MREG Output pipelining  
DSP frequency_discern_inst/gtz_1477/mulres_s_Q6630__1 multiplier stage frequency_discern_inst/gtz_1477/mulres_s_Q6630__1/P[47:0] is not pipelined (MREG=0). Pipelining the multiplier function will improve performance and will save significant power so it is suggested whenever possible to fully pipeline this function.  If this multiplier was inferred, it is suggested to describe an additional register stage after this function.  If there is no registered adder/accumulator following the multiply function, two pipeline stages are suggested to allow both the MREG and PREG registers to be used.  If the DSP48 was instantiated in the design, it is suggested to set both the MREG and PREG attributes to 1 when performing multiply functions.
Related violations: <none>

DPOP-2#37 Warning
MREG Output pipelining  
DSP frequency_discern_inst/gtz_1477/mulres_s_Q6630__2 multiplier stage frequency_discern_inst/gtz_1477/mulres_s_Q6630__2/P[47:0] is not pipelined (MREG=0). Pipelining the multiplier function will improve performance and will save significant power so it is suggested whenever possible to fully pipeline this function.  If this multiplier was inferred, it is suggested to describe an additional register stage after this function.  If there is no registered adder/accumulator following the multiply function, two pipeline stages are suggested to allow both the MREG and PREG registers to be used.  If the DSP48 was instantiated in the design, it is suggested to set both the MREG and PREG attributes to 1 when performing multiply functions.
Related violations: <none>

DPOP-2#38 Warning
MREG Output pipelining  
DSP frequency_discern_inst/gtz_1477/mulres_s_Q6630__3 multiplier stage frequency_discern_inst/gtz_1477/mulres_s_Q6630__3/P[47:0] is not pipelined (MREG=0). Pipelining the multiplier function will improve performance and will save significant power so it is suggested whenever possible to fully pipeline this function.  If this multiplier was inferred, it is suggested to describe an additional register stage after this function.  If there is no registered adder/accumulator following the multiply function, two pipeline stages are suggested to allow both the MREG and PREG registers to be used.  If the DSP48 was instantiated in the design, it is suggested to set both the MREG and PREG attributes to 1 when performing multiply functions.
Related violations: <none>

DPOP-2#39 Warning
MREG Output pipelining  
DSP frequency_discern_inst/gtz_1477/mulres_s_Q6630__5 multiplier stage frequency_discern_inst/gtz_1477/mulres_s_Q6630__5/P[47:0] is not pipelined (MREG=0). Pipelining the multiplier function will improve performance and will save significant power so it is suggested whenever possible to fully pipeline this function.  If this multiplier was inferred, it is suggested to describe an additional register stage after this function.  If there is no registered adder/accumulator following the multiply function, two pipeline stages are suggested to allow both the MREG and PREG registers to be used.  If the DSP48 was instantiated in the design, it is suggested to set both the MREG and PREG attributes to 1 when performing multiply functions.
Related violations: <none>

DPOP-2#40 Warning
MREG Output pipelining  
DSP frequency_discern_inst/gtz_1477/p_out_Q66301 multiplier stage frequency_discern_inst/gtz_1477/p_out_Q66301/P[47:0] is not pipelined (MREG=0). Pipelining the multiplier function will improve performance and will save significant power so it is suggested whenever possible to fully pipeline this function.  If this multiplier was inferred, it is suggested to describe an additional register stage after this function.  If there is no registered adder/accumulator following the multiply function, two pipeline stages are suggested to allow both the MREG and PREG registers to be used.  If the DSP48 was instantiated in the design, it is suggested to set both the MREG and PREG attributes to 1 when performing multiply functions.
Related violations: <none>

DPOP-2#41 Warning
MREG Output pipelining  
DSP frequency_discern_inst/gtz_1477/p_out_Q66301__0 multiplier stage frequency_discern_inst/gtz_1477/p_out_Q66301__0/P[47:0] is not pipelined (MREG=0). Pipelining the multiplier function will improve performance and will save significant power so it is suggested whenever possible to fully pipeline this function.  If this multiplier was inferred, it is suggested to describe an additional register stage after this function.  If there is no registered adder/accumulator following the multiply function, two pipeline stages are suggested to allow both the MREG and PREG registers to be used.  If the DSP48 was instantiated in the design, it is suggested to set both the MREG and PREG attributes to 1 when performing multiply functions.
Related violations: <none>

DPOP-2#42 Warning
MREG Output pipelining  
DSP frequency_discern_inst/gtz_1477/p_out_Q66301__1 multiplier stage frequency_discern_inst/gtz_1477/p_out_Q66301__1/P[47:0] is not pipelined (MREG=0). Pipelining the multiplier function will improve performance and will save significant power so it is suggested whenever possible to fully pipeline this function.  If this multiplier was inferred, it is suggested to describe an additional register stage after this function.  If there is no registered adder/accumulator following the multiply function, two pipeline stages are suggested to allow both the MREG and PREG registers to be used.  If the DSP48 was instantiated in the design, it is suggested to set both the MREG and PREG attributes to 1 when performing multiply functions.
Related violations: <none>

DPOP-2#43 Warning
MREG Output pipelining  
DSP frequency_discern_inst/gtz_1477/p_out_Q66301__2 multiplier stage frequency_discern_inst/gtz_1477/p_out_Q66301__2/P[47:0] is not pipelined (MREG=0). Pipelining the multiplier function will improve performance and will save significant power so it is suggested whenever possible to fully pipeline this function.  If this multiplier was inferred, it is suggested to describe an additional register stage after this function.  If there is no registered adder/accumulator following the multiply function, two pipeline stages are suggested to allow both the MREG and PREG registers to be used.  If the DSP48 was instantiated in the design, it is suggested to set both the MREG and PREG attributes to 1 when performing multiply functions.
Related violations: <none>

DPOP-2#44 Warning
MREG Output pipelining  
DSP frequency_discern_inst/gtz_1477/p_out_Q66301__3 multiplier stage frequency_discern_inst/gtz_1477/p_out_Q66301__3/P[47:0] is not pipelined (MREG=0). Pipelining the multiplier function will improve performance and will save significant power so it is suggested whenever possible to fully pipeline this function.  If this multiplier was inferred, it is suggested to describe an additional register stage after this function.  If there is no registered adder/accumulator following the multiply function, two pipeline stages are suggested to allow both the MREG and PREG registers to be used.  If the DSP48 was instantiated in the design, it is suggested to set both the MREG and PREG attributes to 1 when performing multiply functions.
Related violations: <none>

DPOP-2#45 Warning
MREG Output pipelining  
DSP frequency_discern_inst/gtz_1477/p_out_Q66301__4 multiplier stage frequency_discern_inst/gtz_1477/p_out_Q66301__4/P[47:0] is not pipelined (MREG=0). Pipelining the multiplier function will improve performance and will save significant power so it is suggested whenever possible to fully pipeline this function.  If this multiplier was inferred, it is suggested to describe an additional register stage after this function.  If there is no registered adder/accumulator following the multiply function, two pipeline stages are suggested to allow both the MREG and PREG registers to be used.  If the DSP48 was instantiated in the design, it is suggested to set both the MREG and PREG attributes to 1 when performing multiply functions.
Related violations: <none>

DPOP-2#46 Warning
MREG Output pipelining  
DSP frequency_discern_inst/gtz_1477/p_out_Q66301__5 multiplier stage frequency_discern_inst/gtz_1477/p_out_Q66301__5/P[47:0] is not pipelined (MREG=0). Pipelining the multiplier function will improve performance and will save significant power so it is suggested whenever possible to fully pipeline this function.  If this multiplier was inferred, it is suggested to describe an additional register stage after this function.  If there is no registered adder/accumulator following the multiply function, two pipeline stages are suggested to allow both the MREG and PREG registers to be used.  If the DSP48 was instantiated in the design, it is suggested to set both the MREG and PREG attributes to 1 when performing multiply functions.
Related violations: <none>

DPOP-2#47 Warning
MREG Output pipelining  
DSP frequency_discern_inst/gtz_1477/p_out_Q66301__6 multiplier stage frequency_discern_inst/gtz_1477/p_out_Q66301__6/P[47:0] is not pipelined (MREG=0). Pipelining the multiplier function will improve performance and will save significant power so it is suggested whenever possible to fully pipeline this function.  If this multiplier was inferred, it is suggested to describe an additional register stage after this function.  If there is no registered adder/accumulator following the multiply function, two pipeline stages are suggested to allow both the MREG and PREG registers to be used.  If the DSP48 was instantiated in the design, it is suggested to set both the MREG and PREG attributes to 1 when performing multiply functions.
Related violations: <none>

DPOP-2#48 Warning
MREG Output pipelining  
DSP frequency_discern_inst/gtz_1477/p_out_Q66302 multiplier stage frequency_discern_inst/gtz_1477/p_out_Q66302/P[47:0] is not pipelined (MREG=0). Pipelining the multiplier function will improve performance and will save significant power so it is suggested whenever possible to fully pipeline this function.  If this multiplier was inferred, it is suggested to describe an additional register stage after this function.  If there is no registered adder/accumulator following the multiply function, two pipeline stages are suggested to allow both the MREG and PREG registers to be used.  If the DSP48 was instantiated in the design, it is suggested to set both the MREG and PREG attributes to 1 when performing multiply functions.
Related violations: <none>

DPOP-2#49 Warning
MREG Output pipelining  
DSP frequency_discern_inst/gtz_1477/p_out_Q66302__0 multiplier stage frequency_discern_inst/gtz_1477/p_out_Q66302__0/P[47:0] is not pipelined (MREG=0). Pipelining the multiplier function will improve performance and will save significant power so it is suggested whenever possible to fully pipeline this function.  If this multiplier was inferred, it is suggested to describe an additional register stage after this function.  If there is no registered adder/accumulator following the multiply function, two pipeline stages are suggested to allow both the MREG and PREG registers to be used.  If the DSP48 was instantiated in the design, it is suggested to set both the MREG and PREG attributes to 1 when performing multiply functions.
Related violations: <none>

DPOP-2#50 Warning
MREG Output pipelining  
DSP frequency_discern_inst/gtz_1477/p_out_Q66302__1 multiplier stage frequency_discern_inst/gtz_1477/p_out_Q66302__1/P[47:0] is not pipelined (MREG=0). Pipelining the multiplier function will improve performance and will save significant power so it is suggested whenever possible to fully pipeline this function.  If this multiplier was inferred, it is suggested to describe an additional register stage after this function.  If there is no registered adder/accumulator following the multiply function, two pipeline stages are suggested to allow both the MREG and PREG registers to be used.  If the DSP48 was instantiated in the design, it is suggested to set both the MREG and PREG attributes to 1 when performing multiply functions.
Related violations: <none>

DPOP-2#51 Warning
MREG Output pipelining  
DSP frequency_discern_inst/gtz_1477/p_out_Q66302__2 multiplier stage frequency_discern_inst/gtz_1477/p_out_Q66302__2/P[47:0] is not pipelined (MREG=0). Pipelining the multiplier function will improve performance and will save significant power so it is suggested whenever possible to fully pipeline this function.  If this multiplier was inferred, it is suggested to describe an additional register stage after this function.  If there is no registered adder/accumulator following the multiply function, two pipeline stages are suggested to allow both the MREG and PREG registers to be used.  If the DSP48 was instantiated in the design, it is suggested to set both the MREG and PREG attributes to 1 when performing multiply functions.
Related violations: <none>

DPOP-2#52 Warning
MREG Output pipelining  
DSP frequency_discern_inst/gtz_1633/mulres_s_Q6630 multiplier stage frequency_discern_inst/gtz_1633/mulres_s_Q6630/P[47:0] is not pipelined (MREG=0). Pipelining the multiplier function will improve performance and will save significant power so it is suggested whenever possible to fully pipeline this function.  If this multiplier was inferred, it is suggested to describe an additional register stage after this function.  If there is no registered adder/accumulator following the multiply function, two pipeline stages are suggested to allow both the MREG and PREG registers to be used.  If the DSP48 was instantiated in the design, it is suggested to set both the MREG and PREG attributes to 1 when performing multiply functions.
Related violations: <none>

DPOP-2#53 Warning
MREG Output pipelining  
DSP frequency_discern_inst/gtz_1633/mulres_s_Q6630__1 multiplier stage frequency_discern_inst/gtz_1633/mulres_s_Q6630__1/P[47:0] is not pipelined (MREG=0). Pipelining the multiplier function will improve performance and will save significant power so it is suggested whenever possible to fully pipeline this function.  If this multiplier was inferred, it is suggested to describe an additional register stage after this function.  If there is no registered adder/accumulator following the multiply function, two pipeline stages are suggested to allow both the MREG and PREG registers to be used.  If the DSP48 was instantiated in the design, it is suggested to set both the MREG and PREG attributes to 1 when performing multiply functions.
Related violations: <none>

DPOP-2#54 Warning
MREG Output pipelining  
DSP frequency_discern_inst/gtz_1633/mulres_s_Q6630__2 multiplier stage frequency_discern_inst/gtz_1633/mulres_s_Q6630__2/P[47:0] is not pipelined (MREG=0). Pipelining the multiplier function will improve performance and will save significant power so it is suggested whenever possible to fully pipeline this function.  If this multiplier was inferred, it is suggested to describe an additional register stage after this function.  If there is no registered adder/accumulator following the multiply function, two pipeline stages are suggested to allow both the MREG and PREG registers to be used.  If the DSP48 was instantiated in the design, it is suggested to set both the MREG and PREG attributes to 1 when performing multiply functions.
Related violations: <none>

DPOP-2#55 Warning
MREG Output pipelining  
DSP frequency_discern_inst/gtz_1633/mulres_s_Q6630__3 multiplier stage frequency_discern_inst/gtz_1633/mulres_s_Q6630__3/P[47:0] is not pipelined (MREG=0). Pipelining the multiplier function will improve performance and will save significant power so it is suggested whenever possible to fully pipeline this function.  If this multiplier was inferred, it is suggested to describe an additional register stage after this function.  If there is no registered adder/accumulator following the multiply function, two pipeline stages are suggested to allow both the MREG and PREG registers to be used.  If the DSP48 was instantiated in the design, it is suggested to set both the MREG and PREG attributes to 1 when performing multiply functions.
Related violations: <none>

DPOP-2#56 Warning
MREG Output pipelining  
DSP frequency_discern_inst/gtz_1633/mulres_s_Q6630__5 multiplier stage frequency_discern_inst/gtz_1633/mulres_s_Q6630__5/P[47:0] is not pipelined (MREG=0). Pipelining the multiplier function will improve performance and will save significant power so it is suggested whenever possible to fully pipeline this function.  If this multiplier was inferred, it is suggested to describe an additional register stage after this function.  If there is no registered adder/accumulator following the multiply function, two pipeline stages are suggested to allow both the MREG and PREG registers to be used.  If the DSP48 was instantiated in the design, it is suggested to set both the MREG and PREG attributes to 1 when performing multiply functions.
Related violations: <none>

DPOP-2#57 Warning
MREG Output pipelining  
DSP frequency_discern_inst/gtz_1633/p_out_Q66301 multiplier stage frequency_discern_inst/gtz_1633/p_out_Q66301/P[47:0] is not pipelined (MREG=0). Pipelining the multiplier function will improve performance and will save significant power so it is suggested whenever possible to fully pipeline this function.  If this multiplier was inferred, it is suggested to describe an additional register stage after this function.  If there is no registered adder/accumulator following the multiply function, two pipeline stages are suggested to allow both the MREG and PREG registers to be used.  If the DSP48 was instantiated in the design, it is suggested to set both the MREG and PREG attributes to 1 when performing multiply functions.
Related violations: <none>

DPOP-2#58 Warning
MREG Output pipelining  
DSP frequency_discern_inst/gtz_1633/p_out_Q66301__0 multiplier stage frequency_discern_inst/gtz_1633/p_out_Q66301__0/P[47:0] is not pipelined (MREG=0). Pipelining the multiplier function will improve performance and will save significant power so it is suggested whenever possible to fully pipeline this function.  If this multiplier was inferred, it is suggested to describe an additional register stage after this function.  If there is no registered adder/accumulator following the multiply function, two pipeline stages are suggested to allow both the MREG and PREG registers to be used.  If the DSP48 was instantiated in the design, it is suggested to set both the MREG and PREG attributes to 1 when performing multiply functions.
Related violations: <none>

DPOP-2#59 Warning
MREG Output pipelining  
DSP frequency_discern_inst/gtz_1633/p_out_Q66301__1 multiplier stage frequency_discern_inst/gtz_1633/p_out_Q66301__1/P[47:0] is not pipelined (MREG=0). Pipelining the multiplier function will improve performance and will save significant power so it is suggested whenever possible to fully pipeline this function.  If this multiplier was inferred, it is suggested to describe an additional register stage after this function.  If there is no registered adder/accumulator following the multiply function, two pipeline stages are suggested to allow both the MREG and PREG registers to be used.  If the DSP48 was instantiated in the design, it is suggested to set both the MREG and PREG attributes to 1 when performing multiply functions.
Related violations: <none>

DPOP-2#60 Warning
MREG Output pipelining  
DSP frequency_discern_inst/gtz_1633/p_out_Q66301__2 multiplier stage frequency_discern_inst/gtz_1633/p_out_Q66301__2/P[47:0] is not pipelined (MREG=0). Pipelining the multiplier function will improve performance and will save significant power so it is suggested whenever possible to fully pipeline this function.  If this multiplier was inferred, it is suggested to describe an additional register stage after this function.  If there is no registered adder/accumulator following the multiply function, two pipeline stages are suggested to allow both the MREG and PREG registers to be used.  If the DSP48 was instantiated in the design, it is suggested to set both the MREG and PREG attributes to 1 when performing multiply functions.
Related violations: <none>

DPOP-2#61 Warning
MREG Output pipelining  
DSP frequency_discern_inst/gtz_1633/p_out_Q66301__3 multiplier stage frequency_discern_inst/gtz_1633/p_out_Q66301__3/P[47:0] is not pipelined (MREG=0). Pipelining the multiplier function will improve performance and will save significant power so it is suggested whenever possible to fully pipeline this function.  If this multiplier was inferred, it is suggested to describe an additional register stage after this function.  If there is no registered adder/accumulator following the multiply function, two pipeline stages are suggested to allow both the MREG and PREG registers to be used.  If the DSP48 was instantiated in the design, it is suggested to set both the MREG and PREG attributes to 1 when performing multiply functions.
Related violations: <none>

DPOP-2#62 Warning
MREG Output pipelining  
DSP frequency_discern_inst/gtz_1633/p_out_Q66301__4 multiplier stage frequency_discern_inst/gtz_1633/p_out_Q66301__4/P[47:0] is not pipelined (MREG=0). Pipelining the multiplier function will improve performance and will save significant power so it is suggested whenever possible to fully pipeline this function.  If this multiplier was inferred, it is suggested to describe an additional register stage after this function.  If there is no registered adder/accumulator following the multiply function, two pipeline stages are suggested to allow both the MREG and PREG registers to be used.  If the DSP48 was instantiated in the design, it is suggested to set both the MREG and PREG attributes to 1 when performing multiply functions.
Related violations: <none>

DPOP-2#63 Warning
MREG Output pipelining  
DSP frequency_discern_inst/gtz_1633/p_out_Q66301__5 multiplier stage frequency_discern_inst/gtz_1633/p_out_Q66301__5/P[47:0] is not pipelined (MREG=0). Pipelining the multiplier function will improve performance and will save significant power so it is suggested whenever possible to fully pipeline this function.  If this multiplier was inferred, it is suggested to describe an additional register stage after this function.  If there is no registered adder/accumulator following the multiply function, two pipeline stages are suggested to allow both the MREG and PREG registers to be used.  If the DSP48 was instantiated in the design, it is suggested to set both the MREG and PREG attributes to 1 when performing multiply functions.
Related violations: <none>

DPOP-2#64 Warning
MREG Output pipelining  
DSP frequency_discern_inst/gtz_1633/p_out_Q66301__6 multiplier stage frequency_discern_inst/gtz_1633/p_out_Q66301__6/P[47:0] is not pipelined (MREG=0). Pipelining the multiplier function will improve performance and will save significant power so it is suggested whenever possible to fully pipeline this function.  If this multiplier was inferred, it is suggested to describe an additional register stage after this function.  If there is no registered adder/accumulator following the multiply function, two pipeline stages are suggested to allow both the MREG and PREG registers to be used.  If the DSP48 was instantiated in the design, it is suggested to set both the MREG and PREG attributes to 1 when performing multiply functions.
Related violations: <none>

DPOP-2#65 Warning
MREG Output pipelining  
DSP frequency_discern_inst/gtz_1633/p_out_Q66302 multiplier stage frequency_discern_inst/gtz_1633/p_out_Q66302/P[47:0] is not pipelined (MREG=0). Pipelining the multiplier function will improve performance and will save significant power so it is suggested whenever possible to fully pipeline this function.  If this multiplier was inferred, it is suggested to describe an additional register stage after this function.  If there is no registered adder/accumulator following the multiply function, two pipeline stages are suggested to allow both the MREG and PREG registers to be used.  If the DSP48 was instantiated in the design, it is suggested to set both the MREG and PREG attributes to 1 when performing multiply functions.
Related violations: <none>

DPOP-2#66 Warning
MREG Output pipelining  
DSP frequency_discern_inst/gtz_1633/p_out_Q66302__0 multiplier stage frequency_discern_inst/gtz_1633/p_out_Q66302__0/P[47:0] is not pipelined (MREG=0). Pipelining the multiplier function will improve performance and will save significant power so it is suggested whenever possible to fully pipeline this function.  If this multiplier was inferred, it is suggested to describe an additional register stage after this function.  If there is no registered adder/accumulator following the multiply function, two pipeline stages are suggested to allow both the MREG and PREG registers to be used.  If the DSP48 was instantiated in the design, it is suggested to set both the MREG and PREG attributes to 1 when performing multiply functions.
Related violations: <none>

DPOP-2#67 Warning
MREG Output pipelining  
DSP frequency_discern_inst/gtz_1633/p_out_Q66302__1 multiplier stage frequency_discern_inst/gtz_1633/p_out_Q66302__1/P[47:0] is not pipelined (MREG=0). Pipelining the multiplier function will improve performance and will save significant power so it is suggested whenever possible to fully pipeline this function.  If this multiplier was inferred, it is suggested to describe an additional register stage after this function.  If there is no registered adder/accumulator following the multiply function, two pipeline stages are suggested to allow both the MREG and PREG registers to be used.  If the DSP48 was instantiated in the design, it is suggested to set both the MREG and PREG attributes to 1 when performing multiply functions.
Related violations: <none>

DPOP-2#68 Warning
MREG Output pipelining  
DSP frequency_discern_inst/gtz_1633/p_out_Q66302__2 multiplier stage frequency_discern_inst/gtz_1633/p_out_Q66302__2/P[47:0] is not pipelined (MREG=0). Pipelining the multiplier function will improve performance and will save significant power so it is suggested whenever possible to fully pipeline this function.  If this multiplier was inferred, it is suggested to describe an additional register stage after this function.  If there is no registered adder/accumulator following the multiply function, two pipeline stages are suggested to allow both the MREG and PREG registers to be used.  If the DSP48 was instantiated in the design, it is suggested to set both the MREG and PREG attributes to 1 when performing multiply functions.
Related violations: <none>

DPOP-2#69 Warning
MREG Output pipelining  
DSP frequency_discern_inst/gtz_697/mulres_s_Q6630 multiplier stage frequency_discern_inst/gtz_697/mulres_s_Q6630/P[47:0] is not pipelined (MREG=0). Pipelining the multiplier function will improve performance and will save significant power so it is suggested whenever possible to fully pipeline this function.  If this multiplier was inferred, it is suggested to describe an additional register stage after this function.  If there is no registered adder/accumulator following the multiply function, two pipeline stages are suggested to allow both the MREG and PREG registers to be used.  If the DSP48 was instantiated in the design, it is suggested to set both the MREG and PREG attributes to 1 when performing multiply functions.
Related violations: <none>

DPOP-2#70 Warning
MREG Output pipelining  
DSP frequency_discern_inst/gtz_697/mulres_s_Q6630__1 multiplier stage frequency_discern_inst/gtz_697/mulres_s_Q6630__1/P[47:0] is not pipelined (MREG=0). Pipelining the multiplier function will improve performance and will save significant power so it is suggested whenever possible to fully pipeline this function.  If this multiplier was inferred, it is suggested to describe an additional register stage after this function.  If there is no registered adder/accumulator following the multiply function, two pipeline stages are suggested to allow both the MREG and PREG registers to be used.  If the DSP48 was instantiated in the design, it is suggested to set both the MREG and PREG attributes to 1 when performing multiply functions.
Related violations: <none>

DPOP-2#71 Warning
MREG Output pipelining  
DSP frequency_discern_inst/gtz_697/mulres_s_Q6630__2 multiplier stage frequency_discern_inst/gtz_697/mulres_s_Q6630__2/P[47:0] is not pipelined (MREG=0). Pipelining the multiplier function will improve performance and will save significant power so it is suggested whenever possible to fully pipeline this function.  If this multiplier was inferred, it is suggested to describe an additional register stage after this function.  If there is no registered adder/accumulator following the multiply function, two pipeline stages are suggested to allow both the MREG and PREG registers to be used.  If the DSP48 was instantiated in the design, it is suggested to set both the MREG and PREG attributes to 1 when performing multiply functions.
Related violations: <none>

DPOP-2#72 Warning
MREG Output pipelining  
DSP frequency_discern_inst/gtz_697/mulres_s_Q6630__3 multiplier stage frequency_discern_inst/gtz_697/mulres_s_Q6630__3/P[47:0] is not pipelined (MREG=0). Pipelining the multiplier function will improve performance and will save significant power so it is suggested whenever possible to fully pipeline this function.  If this multiplier was inferred, it is suggested to describe an additional register stage after this function.  If there is no registered adder/accumulator following the multiply function, two pipeline stages are suggested to allow both the MREG and PREG registers to be used.  If the DSP48 was instantiated in the design, it is suggested to set both the MREG and PREG attributes to 1 when performing multiply functions.
Related violations: <none>

DPOP-2#73 Warning
MREG Output pipelining  
DSP frequency_discern_inst/gtz_697/mulres_s_Q6630__5 multiplier stage frequency_discern_inst/gtz_697/mulres_s_Q6630__5/P[47:0] is not pipelined (MREG=0). Pipelining the multiplier function will improve performance and will save significant power so it is suggested whenever possible to fully pipeline this function.  If this multiplier was inferred, it is suggested to describe an additional register stage after this function.  If there is no registered adder/accumulator following the multiply function, two pipeline stages are suggested to allow both the MREG and PREG registers to be used.  If the DSP48 was instantiated in the design, it is suggested to set both the MREG and PREG attributes to 1 when performing multiply functions.
Related violations: <none>

DPOP-2#74 Warning
MREG Output pipelining  
DSP frequency_discern_inst/gtz_697/p_out_Q66301 multiplier stage frequency_discern_inst/gtz_697/p_out_Q66301/P[47:0] is not pipelined (MREG=0). Pipelining the multiplier function will improve performance and will save significant power so it is suggested whenever possible to fully pipeline this function.  If this multiplier was inferred, it is suggested to describe an additional register stage after this function.  If there is no registered adder/accumulator following the multiply function, two pipeline stages are suggested to allow both the MREG and PREG registers to be used.  If the DSP48 was instantiated in the design, it is suggested to set both the MREG and PREG attributes to 1 when performing multiply functions.
Related violations: <none>

DPOP-2#75 Warning
MREG Output pipelining  
DSP frequency_discern_inst/gtz_697/p_out_Q66301__0 multiplier stage frequency_discern_inst/gtz_697/p_out_Q66301__0/P[47:0] is not pipelined (MREG=0). Pipelining the multiplier function will improve performance and will save significant power so it is suggested whenever possible to fully pipeline this function.  If this multiplier was inferred, it is suggested to describe an additional register stage after this function.  If there is no registered adder/accumulator following the multiply function, two pipeline stages are suggested to allow both the MREG and PREG registers to be used.  If the DSP48 was instantiated in the design, it is suggested to set both the MREG and PREG attributes to 1 when performing multiply functions.
Related violations: <none>

DPOP-2#76 Warning
MREG Output pipelining  
DSP frequency_discern_inst/gtz_697/p_out_Q66301__1 multiplier stage frequency_discern_inst/gtz_697/p_out_Q66301__1/P[47:0] is not pipelined (MREG=0). Pipelining the multiplier function will improve performance and will save significant power so it is suggested whenever possible to fully pipeline this function.  If this multiplier was inferred, it is suggested to describe an additional register stage after this function.  If there is no registered adder/accumulator following the multiply function, two pipeline stages are suggested to allow both the MREG and PREG registers to be used.  If the DSP48 was instantiated in the design, it is suggested to set both the MREG and PREG attributes to 1 when performing multiply functions.
Related violations: <none>

DPOP-2#77 Warning
MREG Output pipelining  
DSP frequency_discern_inst/gtz_697/p_out_Q66301__2 multiplier stage frequency_discern_inst/gtz_697/p_out_Q66301__2/P[47:0] is not pipelined (MREG=0). Pipelining the multiplier function will improve performance and will save significant power so it is suggested whenever possible to fully pipeline this function.  If this multiplier was inferred, it is suggested to describe an additional register stage after this function.  If there is no registered adder/accumulator following the multiply function, two pipeline stages are suggested to allow both the MREG and PREG registers to be used.  If the DSP48 was instantiated in the design, it is suggested to set both the MREG and PREG attributes to 1 when performing multiply functions.
Related violations: <none>

DPOP-2#78 Warning
MREG Output pipelining  
DSP frequency_discern_inst/gtz_697/p_out_Q66301__3 multiplier stage frequency_discern_inst/gtz_697/p_out_Q66301__3/P[47:0] is not pipelined (MREG=0). Pipelining the multiplier function will improve performance and will save significant power so it is suggested whenever possible to fully pipeline this function.  If this multiplier was inferred, it is suggested to describe an additional register stage after this function.  If there is no registered adder/accumulator following the multiply function, two pipeline stages are suggested to allow both the MREG and PREG registers to be used.  If the DSP48 was instantiated in the design, it is suggested to set both the MREG and PREG attributes to 1 when performing multiply functions.
Related violations: <none>

DPOP-2#79 Warning
MREG Output pipelining  
DSP frequency_discern_inst/gtz_697/p_out_Q66301__4 multiplier stage frequency_discern_inst/gtz_697/p_out_Q66301__4/P[47:0] is not pipelined (MREG=0). Pipelining the multiplier function will improve performance and will save significant power so it is suggested whenever possible to fully pipeline this function.  If this multiplier was inferred, it is suggested to describe an additional register stage after this function.  If there is no registered adder/accumulator following the multiply function, two pipeline stages are suggested to allow both the MREG and PREG registers to be used.  If the DSP48 was instantiated in the design, it is suggested to set both the MREG and PREG attributes to 1 when performing multiply functions.
Related violations: <none>

DPOP-2#80 Warning
MREG Output pipelining  
DSP frequency_discern_inst/gtz_697/p_out_Q66301__5 multiplier stage frequency_discern_inst/gtz_697/p_out_Q66301__5/P[47:0] is not pipelined (MREG=0). Pipelining the multiplier function will improve performance and will save significant power so it is suggested whenever possible to fully pipeline this function.  If this multiplier was inferred, it is suggested to describe an additional register stage after this function.  If there is no registered adder/accumulator following the multiply function, two pipeline stages are suggested to allow both the MREG and PREG registers to be used.  If the DSP48 was instantiated in the design, it is suggested to set both the MREG and PREG attributes to 1 when performing multiply functions.
Related violations: <none>

DPOP-2#81 Warning
MREG Output pipelining  
DSP frequency_discern_inst/gtz_697/p_out_Q66301__6 multiplier stage frequency_discern_inst/gtz_697/p_out_Q66301__6/P[47:0] is not pipelined (MREG=0). Pipelining the multiplier function will improve performance and will save significant power so it is suggested whenever possible to fully pipeline this function.  If this multiplier was inferred, it is suggested to describe an additional register stage after this function.  If there is no registered adder/accumulator following the multiply function, two pipeline stages are suggested to allow both the MREG and PREG registers to be used.  If the DSP48 was instantiated in the design, it is suggested to set both the MREG and PREG attributes to 1 when performing multiply functions.
Related violations: <none>

DPOP-2#82 Warning
MREG Output pipelining  
DSP frequency_discern_inst/gtz_697/p_out_Q66302 multiplier stage frequency_discern_inst/gtz_697/p_out_Q66302/P[47:0] is not pipelined (MREG=0). Pipelining the multiplier function will improve performance and will save significant power so it is suggested whenever possible to fully pipeline this function.  If this multiplier was inferred, it is suggested to describe an additional register stage after this function.  If there is no registered adder/accumulator following the multiply function, two pipeline stages are suggested to allow both the MREG and PREG registers to be used.  If the DSP48 was instantiated in the design, it is suggested to set both the MREG and PREG attributes to 1 when performing multiply functions.
Related violations: <none>

DPOP-2#83 Warning
MREG Output pipelining  
DSP frequency_discern_inst/gtz_697/p_out_Q66302__0 multiplier stage frequency_discern_inst/gtz_697/p_out_Q66302__0/P[47:0] is not pipelined (MREG=0). Pipelining the multiplier function will improve performance and will save significant power so it is suggested whenever possible to fully pipeline this function.  If this multiplier was inferred, it is suggested to describe an additional register stage after this function.  If there is no registered adder/accumulator following the multiply function, two pipeline stages are suggested to allow both the MREG and PREG registers to be used.  If the DSP48 was instantiated in the design, it is suggested to set both the MREG and PREG attributes to 1 when performing multiply functions.
Related violations: <none>

DPOP-2#84 Warning
MREG Output pipelining  
DSP frequency_discern_inst/gtz_697/p_out_Q66302__1 multiplier stage frequency_discern_inst/gtz_697/p_out_Q66302__1/P[47:0] is not pipelined (MREG=0). Pipelining the multiplier function will improve performance and will save significant power so it is suggested whenever possible to fully pipeline this function.  If this multiplier was inferred, it is suggested to describe an additional register stage after this function.  If there is no registered adder/accumulator following the multiply function, two pipeline stages are suggested to allow both the MREG and PREG registers to be used.  If the DSP48 was instantiated in the design, it is suggested to set both the MREG and PREG attributes to 1 when performing multiply functions.
Related violations: <none>

DPOP-2#85 Warning
MREG Output pipelining  
DSP frequency_discern_inst/gtz_697/p_out_Q66302__2 multiplier stage frequency_discern_inst/gtz_697/p_out_Q66302__2/P[47:0] is not pipelined (MREG=0). Pipelining the multiplier function will improve performance and will save significant power so it is suggested whenever possible to fully pipeline this function.  If this multiplier was inferred, it is suggested to describe an additional register stage after this function.  If there is no registered adder/accumulator following the multiply function, two pipeline stages are suggested to allow both the MREG and PREG registers to be used.  If the DSP48 was instantiated in the design, it is suggested to set both the MREG and PREG attributes to 1 when performing multiply functions.
Related violations: <none>

DPOP-2#86 Warning
MREG Output pipelining  
DSP frequency_discern_inst/gtz_770/mulres_s_Q6630 multiplier stage frequency_discern_inst/gtz_770/mulres_s_Q6630/P[47:0] is not pipelined (MREG=0). Pipelining the multiplier function will improve performance and will save significant power so it is suggested whenever possible to fully pipeline this function.  If this multiplier was inferred, it is suggested to describe an additional register stage after this function.  If there is no registered adder/accumulator following the multiply function, two pipeline stages are suggested to allow both the MREG and PREG registers to be used.  If the DSP48 was instantiated in the design, it is suggested to set both the MREG and PREG attributes to 1 when performing multiply functions.
Related violations: <none>

DPOP-2#87 Warning
MREG Output pipelining  
DSP frequency_discern_inst/gtz_770/mulres_s_Q6630__1 multiplier stage frequency_discern_inst/gtz_770/mulres_s_Q6630__1/P[47:0] is not pipelined (MREG=0). Pipelining the multiplier function will improve performance and will save significant power so it is suggested whenever possible to fully pipeline this function.  If this multiplier was inferred, it is suggested to describe an additional register stage after this function.  If there is no registered adder/accumulator following the multiply function, two pipeline stages are suggested to allow both the MREG and PREG registers to be used.  If the DSP48 was instantiated in the design, it is suggested to set both the MREG and PREG attributes to 1 when performing multiply functions.
Related violations: <none>

DPOP-2#88 Warning
MREG Output pipelining  
DSP frequency_discern_inst/gtz_770/mulres_s_Q6630__2 multiplier stage frequency_discern_inst/gtz_770/mulres_s_Q6630__2/P[47:0] is not pipelined (MREG=0). Pipelining the multiplier function will improve performance and will save significant power so it is suggested whenever possible to fully pipeline this function.  If this multiplier was inferred, it is suggested to describe an additional register stage after this function.  If there is no registered adder/accumulator following the multiply function, two pipeline stages are suggested to allow both the MREG and PREG registers to be used.  If the DSP48 was instantiated in the design, it is suggested to set both the MREG and PREG attributes to 1 when performing multiply functions.
Related violations: <none>

DPOP-2#89 Warning
MREG Output pipelining  
DSP frequency_discern_inst/gtz_770/mulres_s_Q6630__3 multiplier stage frequency_discern_inst/gtz_770/mulres_s_Q6630__3/P[47:0] is not pipelined (MREG=0). Pipelining the multiplier function will improve performance and will save significant power so it is suggested whenever possible to fully pipeline this function.  If this multiplier was inferred, it is suggested to describe an additional register stage after this function.  If there is no registered adder/accumulator following the multiply function, two pipeline stages are suggested to allow both the MREG and PREG registers to be used.  If the DSP48 was instantiated in the design, it is suggested to set both the MREG and PREG attributes to 1 when performing multiply functions.
Related violations: <none>

DPOP-2#90 Warning
MREG Output pipelining  
DSP frequency_discern_inst/gtz_770/mulres_s_Q6630__5 multiplier stage frequency_discern_inst/gtz_770/mulres_s_Q6630__5/P[47:0] is not pipelined (MREG=0). Pipelining the multiplier function will improve performance and will save significant power so it is suggested whenever possible to fully pipeline this function.  If this multiplier was inferred, it is suggested to describe an additional register stage after this function.  If there is no registered adder/accumulator following the multiply function, two pipeline stages are suggested to allow both the MREG and PREG registers to be used.  If the DSP48 was instantiated in the design, it is suggested to set both the MREG and PREG attributes to 1 when performing multiply functions.
Related violations: <none>

DPOP-2#91 Warning
MREG Output pipelining  
DSP frequency_discern_inst/gtz_770/p_out_Q66301 multiplier stage frequency_discern_inst/gtz_770/p_out_Q66301/P[47:0] is not pipelined (MREG=0). Pipelining the multiplier function will improve performance and will save significant power so it is suggested whenever possible to fully pipeline this function.  If this multiplier was inferred, it is suggested to describe an additional register stage after this function.  If there is no registered adder/accumulator following the multiply function, two pipeline stages are suggested to allow both the MREG and PREG registers to be used.  If the DSP48 was instantiated in the design, it is suggested to set both the MREG and PREG attributes to 1 when performing multiply functions.
Related violations: <none>

DPOP-2#92 Warning
MREG Output pipelining  
DSP frequency_discern_inst/gtz_770/p_out_Q66301__0 multiplier stage frequency_discern_inst/gtz_770/p_out_Q66301__0/P[47:0] is not pipelined (MREG=0). Pipelining the multiplier function will improve performance and will save significant power so it is suggested whenever possible to fully pipeline this function.  If this multiplier was inferred, it is suggested to describe an additional register stage after this function.  If there is no registered adder/accumulator following the multiply function, two pipeline stages are suggested to allow both the MREG and PREG registers to be used.  If the DSP48 was instantiated in the design, it is suggested to set both the MREG and PREG attributes to 1 when performing multiply functions.
Related violations: <none>

DPOP-2#93 Warning
MREG Output pipelining  
DSP frequency_discern_inst/gtz_770/p_out_Q66301__1 multiplier stage frequency_discern_inst/gtz_770/p_out_Q66301__1/P[47:0] is not pipelined (MREG=0). Pipelining the multiplier function will improve performance and will save significant power so it is suggested whenever possible to fully pipeline this function.  If this multiplier was inferred, it is suggested to describe an additional register stage after this function.  If there is no registered adder/accumulator following the multiply function, two pipeline stages are suggested to allow both the MREG and PREG registers to be used.  If the DSP48 was instantiated in the design, it is suggested to set both the MREG and PREG attributes to 1 when performing multiply functions.
Related violations: <none>

DPOP-2#94 Warning
MREG Output pipelining  
DSP frequency_discern_inst/gtz_770/p_out_Q66301__2 multiplier stage frequency_discern_inst/gtz_770/p_out_Q66301__2/P[47:0] is not pipelined (MREG=0). Pipelining the multiplier function will improve performance and will save significant power so it is suggested whenever possible to fully pipeline this function.  If this multiplier was inferred, it is suggested to describe an additional register stage after this function.  If there is no registered adder/accumulator following the multiply function, two pipeline stages are suggested to allow both the MREG and PREG registers to be used.  If the DSP48 was instantiated in the design, it is suggested to set both the MREG and PREG attributes to 1 when performing multiply functions.
Related violations: <none>

DPOP-2#95 Warning
MREG Output pipelining  
DSP frequency_discern_inst/gtz_770/p_out_Q66301__3 multiplier stage frequency_discern_inst/gtz_770/p_out_Q66301__3/P[47:0] is not pipelined (MREG=0). Pipelining the multiplier function will improve performance and will save significant power so it is suggested whenever possible to fully pipeline this function.  If this multiplier was inferred, it is suggested to describe an additional register stage after this function.  If there is no registered adder/accumulator following the multiply function, two pipeline stages are suggested to allow both the MREG and PREG registers to be used.  If the DSP48 was instantiated in the design, it is suggested to set both the MREG and PREG attributes to 1 when performing multiply functions.
Related violations: <none>

DPOP-2#96 Warning
MREG Output pipelining  
DSP frequency_discern_inst/gtz_770/p_out_Q66301__4 multiplier stage frequency_discern_inst/gtz_770/p_out_Q66301__4/P[47:0] is not pipelined (MREG=0). Pipelining the multiplier function will improve performance and will save significant power so it is suggested whenever possible to fully pipeline this function.  If this multiplier was inferred, it is suggested to describe an additional register stage after this function.  If there is no registered adder/accumulator following the multiply function, two pipeline stages are suggested to allow both the MREG and PREG registers to be used.  If the DSP48 was instantiated in the design, it is suggested to set both the MREG and PREG attributes to 1 when performing multiply functions.
Related violations: <none>

DPOP-2#97 Warning
MREG Output pipelining  
DSP frequency_discern_inst/gtz_770/p_out_Q66301__5 multiplier stage frequency_discern_inst/gtz_770/p_out_Q66301__5/P[47:0] is not pipelined (MREG=0). Pipelining the multiplier function will improve performance and will save significant power so it is suggested whenever possible to fully pipeline this function.  If this multiplier was inferred, it is suggested to describe an additional register stage after this function.  If there is no registered adder/accumulator following the multiply function, two pipeline stages are suggested to allow both the MREG and PREG registers to be used.  If the DSP48 was instantiated in the design, it is suggested to set both the MREG and PREG attributes to 1 when performing multiply functions.
Related violations: <none>

DPOP-2#98 Warning
MREG Output pipelining  
DSP frequency_discern_inst/gtz_770/p_out_Q66301__6 multiplier stage frequency_discern_inst/gtz_770/p_out_Q66301__6/P[47:0] is not pipelined (MREG=0). Pipelining the multiplier function will improve performance and will save significant power so it is suggested whenever possible to fully pipeline this function.  If this multiplier was inferred, it is suggested to describe an additional register stage after this function.  If there is no registered adder/accumulator following the multiply function, two pipeline stages are suggested to allow both the MREG and PREG registers to be used.  If the DSP48 was instantiated in the design, it is suggested to set both the MREG and PREG attributes to 1 when performing multiply functions.
Related violations: <none>

DPOP-2#99 Warning
MREG Output pipelining  
DSP frequency_discern_inst/gtz_770/p_out_Q66302 multiplier stage frequency_discern_inst/gtz_770/p_out_Q66302/P[47:0] is not pipelined (MREG=0). Pipelining the multiplier function will improve performance and will save significant power so it is suggested whenever possible to fully pipeline this function.  If this multiplier was inferred, it is suggested to describe an additional register stage after this function.  If there is no registered adder/accumulator following the multiply function, two pipeline stages are suggested to allow both the MREG and PREG registers to be used.  If the DSP48 was instantiated in the design, it is suggested to set both the MREG and PREG attributes to 1 when performing multiply functions.
Related violations: <none>

DPOP-2#100 Warning
MREG Output pipelining  
DSP frequency_discern_inst/gtz_770/p_out_Q66302__0 multiplier stage frequency_discern_inst/gtz_770/p_out_Q66302__0/P[47:0] is not pipelined (MREG=0). Pipelining the multiplier function will improve performance and will save significant power so it is suggested whenever possible to fully pipeline this function.  If this multiplier was inferred, it is suggested to describe an additional register stage after this function.  If there is no registered adder/accumulator following the multiply function, two pipeline stages are suggested to allow both the MREG and PREG registers to be used.  If the DSP48 was instantiated in the design, it is suggested to set both the MREG and PREG attributes to 1 when performing multiply functions.
Related violations: <none>

DPOP-2#101 Warning
MREG Output pipelining  
DSP frequency_discern_inst/gtz_770/p_out_Q66302__1 multiplier stage frequency_discern_inst/gtz_770/p_out_Q66302__1/P[47:0] is not pipelined (MREG=0). Pipelining the multiplier function will improve performance and will save significant power so it is suggested whenever possible to fully pipeline this function.  If this multiplier was inferred, it is suggested to describe an additional register stage after this function.  If there is no registered adder/accumulator following the multiply function, two pipeline stages are suggested to allow both the MREG and PREG registers to be used.  If the DSP48 was instantiated in the design, it is suggested to set both the MREG and PREG attributes to 1 when performing multiply functions.
Related violations: <none>

DPOP-2#102 Warning
MREG Output pipelining  
DSP frequency_discern_inst/gtz_770/p_out_Q66302__2 multiplier stage frequency_discern_inst/gtz_770/p_out_Q66302__2/P[47:0] is not pipelined (MREG=0). Pipelining the multiplier function will improve performance and will save significant power so it is suggested whenever possible to fully pipeline this function.  If this multiplier was inferred, it is suggested to describe an additional register stage after this function.  If there is no registered adder/accumulator following the multiply function, two pipeline stages are suggested to allow both the MREG and PREG registers to be used.  If the DSP48 was instantiated in the design, it is suggested to set both the MREG and PREG attributes to 1 when performing multiply functions.
Related violations: <none>

DPOP-2#103 Warning
MREG Output pipelining  
DSP frequency_discern_inst/gtz_852/mulres_s_Q6630 multiplier stage frequency_discern_inst/gtz_852/mulres_s_Q6630/P[47:0] is not pipelined (MREG=0). Pipelining the multiplier function will improve performance and will save significant power so it is suggested whenever possible to fully pipeline this function.  If this multiplier was inferred, it is suggested to describe an additional register stage after this function.  If there is no registered adder/accumulator following the multiply function, two pipeline stages are suggested to allow both the MREG and PREG registers to be used.  If the DSP48 was instantiated in the design, it is suggested to set both the MREG and PREG attributes to 1 when performing multiply functions.
Related violations: <none>

DPOP-2#104 Warning
MREG Output pipelining  
DSP frequency_discern_inst/gtz_852/mulres_s_Q6630__1 multiplier stage frequency_discern_inst/gtz_852/mulres_s_Q6630__1/P[47:0] is not pipelined (MREG=0). Pipelining the multiplier function will improve performance and will save significant power so it is suggested whenever possible to fully pipeline this function.  If this multiplier was inferred, it is suggested to describe an additional register stage after this function.  If there is no registered adder/accumulator following the multiply function, two pipeline stages are suggested to allow both the MREG and PREG registers to be used.  If the DSP48 was instantiated in the design, it is suggested to set both the MREG and PREG attributes to 1 when performing multiply functions.
Related violations: <none>

DPOP-2#105 Warning
MREG Output pipelining  
DSP frequency_discern_inst/gtz_852/mulres_s_Q6630__2 multiplier stage frequency_discern_inst/gtz_852/mulres_s_Q6630__2/P[47:0] is not pipelined (MREG=0). Pipelining the multiplier function will improve performance and will save significant power so it is suggested whenever possible to fully pipeline this function.  If this multiplier was inferred, it is suggested to describe an additional register stage after this function.  If there is no registered adder/accumulator following the multiply function, two pipeline stages are suggested to allow both the MREG and PREG registers to be used.  If the DSP48 was instantiated in the design, it is suggested to set both the MREG and PREG attributes to 1 when performing multiply functions.
Related violations: <none>

DPOP-2#106 Warning
MREG Output pipelining  
DSP frequency_discern_inst/gtz_852/mulres_s_Q6630__3 multiplier stage frequency_discern_inst/gtz_852/mulres_s_Q6630__3/P[47:0] is not pipelined (MREG=0). Pipelining the multiplier function will improve performance and will save significant power so it is suggested whenever possible to fully pipeline this function.  If this multiplier was inferred, it is suggested to describe an additional register stage after this function.  If there is no registered adder/accumulator following the multiply function, two pipeline stages are suggested to allow both the MREG and PREG registers to be used.  If the DSP48 was instantiated in the design, it is suggested to set both the MREG and PREG attributes to 1 when performing multiply functions.
Related violations: <none>

DPOP-2#107 Warning
MREG Output pipelining  
DSP frequency_discern_inst/gtz_852/mulres_s_Q6630__5 multiplier stage frequency_discern_inst/gtz_852/mulres_s_Q6630__5/P[47:0] is not pipelined (MREG=0). Pipelining the multiplier function will improve performance and will save significant power so it is suggested whenever possible to fully pipeline this function.  If this multiplier was inferred, it is suggested to describe an additional register stage after this function.  If there is no registered adder/accumulator following the multiply function, two pipeline stages are suggested to allow both the MREG and PREG registers to be used.  If the DSP48 was instantiated in the design, it is suggested to set both the MREG and PREG attributes to 1 when performing multiply functions.
Related violations: <none>

DPOP-2#108 Warning
MREG Output pipelining  
DSP frequency_discern_inst/gtz_852/p_out_Q66301 multiplier stage frequency_discern_inst/gtz_852/p_out_Q66301/P[47:0] is not pipelined (MREG=0). Pipelining the multiplier function will improve performance and will save significant power so it is suggested whenever possible to fully pipeline this function.  If this multiplier was inferred, it is suggested to describe an additional register stage after this function.  If there is no registered adder/accumulator following the multiply function, two pipeline stages are suggested to allow both the MREG and PREG registers to be used.  If the DSP48 was instantiated in the design, it is suggested to set both the MREG and PREG attributes to 1 when performing multiply functions.
Related violations: <none>

DPOP-2#109 Warning
MREG Output pipelining  
DSP frequency_discern_inst/gtz_852/p_out_Q66301__0 multiplier stage frequency_discern_inst/gtz_852/p_out_Q66301__0/P[47:0] is not pipelined (MREG=0). Pipelining the multiplier function will improve performance and will save significant power so it is suggested whenever possible to fully pipeline this function.  If this multiplier was inferred, it is suggested to describe an additional register stage after this function.  If there is no registered adder/accumulator following the multiply function, two pipeline stages are suggested to allow both the MREG and PREG registers to be used.  If the DSP48 was instantiated in the design, it is suggested to set both the MREG and PREG attributes to 1 when performing multiply functions.
Related violations: <none>

DPOP-2#110 Warning
MREG Output pipelining  
DSP frequency_discern_inst/gtz_852/p_out_Q66301__1 multiplier stage frequency_discern_inst/gtz_852/p_out_Q66301__1/P[47:0] is not pipelined (MREG=0). Pipelining the multiplier function will improve performance and will save significant power so it is suggested whenever possible to fully pipeline this function.  If this multiplier was inferred, it is suggested to describe an additional register stage after this function.  If there is no registered adder/accumulator following the multiply function, two pipeline stages are suggested to allow both the MREG and PREG registers to be used.  If the DSP48 was instantiated in the design, it is suggested to set both the MREG and PREG attributes to 1 when performing multiply functions.
Related violations: <none>

DPOP-2#111 Warning
MREG Output pipelining  
DSP frequency_discern_inst/gtz_852/p_out_Q66301__2 multiplier stage frequency_discern_inst/gtz_852/p_out_Q66301__2/P[47:0] is not pipelined (MREG=0). Pipelining the multiplier function will improve performance and will save significant power so it is suggested whenever possible to fully pipeline this function.  If this multiplier was inferred, it is suggested to describe an additional register stage after this function.  If there is no registered adder/accumulator following the multiply function, two pipeline stages are suggested to allow both the MREG and PREG registers to be used.  If the DSP48 was instantiated in the design, it is suggested to set both the MREG and PREG attributes to 1 when performing multiply functions.
Related violations: <none>

DPOP-2#112 Warning
MREG Output pipelining  
DSP frequency_discern_inst/gtz_852/p_out_Q66301__3 multiplier stage frequency_discern_inst/gtz_852/p_out_Q66301__3/P[47:0] is not pipelined (MREG=0). Pipelining the multiplier function will improve performance and will save significant power so it is suggested whenever possible to fully pipeline this function.  If this multiplier was inferred, it is suggested to describe an additional register stage after this function.  If there is no registered adder/accumulator following the multiply function, two pipeline stages are suggested to allow both the MREG and PREG registers to be used.  If the DSP48 was instantiated in the design, it is suggested to set both the MREG and PREG attributes to 1 when performing multiply functions.
Related violations: <none>

DPOP-2#113 Warning
MREG Output pipelining  
DSP frequency_discern_inst/gtz_852/p_out_Q66301__4 multiplier stage frequency_discern_inst/gtz_852/p_out_Q66301__4/P[47:0] is not pipelined (MREG=0). Pipelining the multiplier function will improve performance and will save significant power so it is suggested whenever possible to fully pipeline this function.  If this multiplier was inferred, it is suggested to describe an additional register stage after this function.  If there is no registered adder/accumulator following the multiply function, two pipeline stages are suggested to allow both the MREG and PREG registers to be used.  If the DSP48 was instantiated in the design, it is suggested to set both the MREG and PREG attributes to 1 when performing multiply functions.
Related violations: <none>

DPOP-2#114 Warning
MREG Output pipelining  
DSP frequency_discern_inst/gtz_852/p_out_Q66301__5 multiplier stage frequency_discern_inst/gtz_852/p_out_Q66301__5/P[47:0] is not pipelined (MREG=0). Pipelining the multiplier function will improve performance and will save significant power so it is suggested whenever possible to fully pipeline this function.  If this multiplier was inferred, it is suggested to describe an additional register stage after this function.  If there is no registered adder/accumulator following the multiply function, two pipeline stages are suggested to allow both the MREG and PREG registers to be used.  If the DSP48 was instantiated in the design, it is suggested to set both the MREG and PREG attributes to 1 when performing multiply functions.
Related violations: <none>

DPOP-2#115 Warning
MREG Output pipelining  
DSP frequency_discern_inst/gtz_852/p_out_Q66301__6 multiplier stage frequency_discern_inst/gtz_852/p_out_Q66301__6/P[47:0] is not pipelined (MREG=0). Pipelining the multiplier function will improve performance and will save significant power so it is suggested whenever possible to fully pipeline this function.  If this multiplier was inferred, it is suggested to describe an additional register stage after this function.  If there is no registered adder/accumulator following the multiply function, two pipeline stages are suggested to allow both the MREG and PREG registers to be used.  If the DSP48 was instantiated in the design, it is suggested to set both the MREG and PREG attributes to 1 when performing multiply functions.
Related violations: <none>

DPOP-2#116 Warning
MREG Output pipelining  
DSP frequency_discern_inst/gtz_852/p_out_Q66302 multiplier stage frequency_discern_inst/gtz_852/p_out_Q66302/P[47:0] is not pipelined (MREG=0). Pipelining the multiplier function will improve performance and will save significant power so it is suggested whenever possible to fully pipeline this function.  If this multiplier was inferred, it is suggested to describe an additional register stage after this function.  If there is no registered adder/accumulator following the multiply function, two pipeline stages are suggested to allow both the MREG and PREG registers to be used.  If the DSP48 was instantiated in the design, it is suggested to set both the MREG and PREG attributes to 1 when performing multiply functions.
Related violations: <none>

DPOP-2#117 Warning
MREG Output pipelining  
DSP frequency_discern_inst/gtz_852/p_out_Q66302__0 multiplier stage frequency_discern_inst/gtz_852/p_out_Q66302__0/P[47:0] is not pipelined (MREG=0). Pipelining the multiplier function will improve performance and will save significant power so it is suggested whenever possible to fully pipeline this function.  If this multiplier was inferred, it is suggested to describe an additional register stage after this function.  If there is no registered adder/accumulator following the multiply function, two pipeline stages are suggested to allow both the MREG and PREG registers to be used.  If the DSP48 was instantiated in the design, it is suggested to set both the MREG and PREG attributes to 1 when performing multiply functions.
Related violations: <none>

DPOP-2#118 Warning
MREG Output pipelining  
DSP frequency_discern_inst/gtz_852/p_out_Q66302__1 multiplier stage frequency_discern_inst/gtz_852/p_out_Q66302__1/P[47:0] is not pipelined (MREG=0). Pipelining the multiplier function will improve performance and will save significant power so it is suggested whenever possible to fully pipeline this function.  If this multiplier was inferred, it is suggested to describe an additional register stage after this function.  If there is no registered adder/accumulator following the multiply function, two pipeline stages are suggested to allow both the MREG and PREG registers to be used.  If the DSP48 was instantiated in the design, it is suggested to set both the MREG and PREG attributes to 1 when performing multiply functions.
Related violations: <none>

DPOP-2#119 Warning
MREG Output pipelining  
DSP frequency_discern_inst/gtz_852/p_out_Q66302__2 multiplier stage frequency_discern_inst/gtz_852/p_out_Q66302__2/P[47:0] is not pipelined (MREG=0). Pipelining the multiplier function will improve performance and will save significant power so it is suggested whenever possible to fully pipeline this function.  If this multiplier was inferred, it is suggested to describe an additional register stage after this function.  If there is no registered adder/accumulator following the multiply function, two pipeline stages are suggested to allow both the MREG and PREG registers to be used.  If the DSP48 was instantiated in the design, it is suggested to set both the MREG and PREG attributes to 1 when performing multiply functions.
Related violations: <none>

DPOP-2#120 Warning
MREG Output pipelining  
DSP frequency_discern_inst/gtz_941/mulres_s_Q6630 multiplier stage frequency_discern_inst/gtz_941/mulres_s_Q6630/P[47:0] is not pipelined (MREG=0). Pipelining the multiplier function will improve performance and will save significant power so it is suggested whenever possible to fully pipeline this function.  If this multiplier was inferred, it is suggested to describe an additional register stage after this function.  If there is no registered adder/accumulator following the multiply function, two pipeline stages are suggested to allow both the MREG and PREG registers to be used.  If the DSP48 was instantiated in the design, it is suggested to set both the MREG and PREG attributes to 1 when performing multiply functions.
Related violations: <none>

DPOP-2#121 Warning
MREG Output pipelining  
DSP frequency_discern_inst/gtz_941/mulres_s_Q6630__1 multiplier stage frequency_discern_inst/gtz_941/mulres_s_Q6630__1/P[47:0] is not pipelined (MREG=0). Pipelining the multiplier function will improve performance and will save significant power so it is suggested whenever possible to fully pipeline this function.  If this multiplier was inferred, it is suggested to describe an additional register stage after this function.  If there is no registered adder/accumulator following the multiply function, two pipeline stages are suggested to allow both the MREG and PREG registers to be used.  If the DSP48 was instantiated in the design, it is suggested to set both the MREG and PREG attributes to 1 when performing multiply functions.
Related violations: <none>

DPOP-2#122 Warning
MREG Output pipelining  
DSP frequency_discern_inst/gtz_941/mulres_s_Q6630__2 multiplier stage frequency_discern_inst/gtz_941/mulres_s_Q6630__2/P[47:0] is not pipelined (MREG=0). Pipelining the multiplier function will improve performance and will save significant power so it is suggested whenever possible to fully pipeline this function.  If this multiplier was inferred, it is suggested to describe an additional register stage after this function.  If there is no registered adder/accumulator following the multiply function, two pipeline stages are suggested to allow both the MREG and PREG registers to be used.  If the DSP48 was instantiated in the design, it is suggested to set both the MREG and PREG attributes to 1 when performing multiply functions.
Related violations: <none>

DPOP-2#123 Warning
MREG Output pipelining  
DSP frequency_discern_inst/gtz_941/mulres_s_Q6630__3 multiplier stage frequency_discern_inst/gtz_941/mulres_s_Q6630__3/P[47:0] is not pipelined (MREG=0). Pipelining the multiplier function will improve performance and will save significant power so it is suggested whenever possible to fully pipeline this function.  If this multiplier was inferred, it is suggested to describe an additional register stage after this function.  If there is no registered adder/accumulator following the multiply function, two pipeline stages are suggested to allow both the MREG and PREG registers to be used.  If the DSP48 was instantiated in the design, it is suggested to set both the MREG and PREG attributes to 1 when performing multiply functions.
Related violations: <none>

DPOP-2#124 Warning
MREG Output pipelining  
DSP frequency_discern_inst/gtz_941/mulres_s_Q6630__5 multiplier stage frequency_discern_inst/gtz_941/mulres_s_Q6630__5/P[47:0] is not pipelined (MREG=0). Pipelining the multiplier function will improve performance and will save significant power so it is suggested whenever possible to fully pipeline this function.  If this multiplier was inferred, it is suggested to describe an additional register stage after this function.  If there is no registered adder/accumulator following the multiply function, two pipeline stages are suggested to allow both the MREG and PREG registers to be used.  If the DSP48 was instantiated in the design, it is suggested to set both the MREG and PREG attributes to 1 when performing multiply functions.
Related violations: <none>

DPOP-2#125 Warning
MREG Output pipelining  
DSP frequency_discern_inst/gtz_941/p_out_Q66301 multiplier stage frequency_discern_inst/gtz_941/p_out_Q66301/P[47:0] is not pipelined (MREG=0). Pipelining the multiplier function will improve performance and will save significant power so it is suggested whenever possible to fully pipeline this function.  If this multiplier was inferred, it is suggested to describe an additional register stage after this function.  If there is no registered adder/accumulator following the multiply function, two pipeline stages are suggested to allow both the MREG and PREG registers to be used.  If the DSP48 was instantiated in the design, it is suggested to set both the MREG and PREG attributes to 1 when performing multiply functions.
Related violations: <none>

DPOP-2#126 Warning
MREG Output pipelining  
DSP frequency_discern_inst/gtz_941/p_out_Q66301__0 multiplier stage frequency_discern_inst/gtz_941/p_out_Q66301__0/P[47:0] is not pipelined (MREG=0). Pipelining the multiplier function will improve performance and will save significant power so it is suggested whenever possible to fully pipeline this function.  If this multiplier was inferred, it is suggested to describe an additional register stage after this function.  If there is no registered adder/accumulator following the multiply function, two pipeline stages are suggested to allow both the MREG and PREG registers to be used.  If the DSP48 was instantiated in the design, it is suggested to set both the MREG and PREG attributes to 1 when performing multiply functions.
Related violations: <none>

DPOP-2#127 Warning
MREG Output pipelining  
DSP frequency_discern_inst/gtz_941/p_out_Q66301__1 multiplier stage frequency_discern_inst/gtz_941/p_out_Q66301__1/P[47:0] is not pipelined (MREG=0). Pipelining the multiplier function will improve performance and will save significant power so it is suggested whenever possible to fully pipeline this function.  If this multiplier was inferred, it is suggested to describe an additional register stage after this function.  If there is no registered adder/accumulator following the multiply function, two pipeline stages are suggested to allow both the MREG and PREG registers to be used.  If the DSP48 was instantiated in the design, it is suggested to set both the MREG and PREG attributes to 1 when performing multiply functions.
Related violations: <none>

DPOP-2#128 Warning
MREG Output pipelining  
DSP frequency_discern_inst/gtz_941/p_out_Q66301__2 multiplier stage frequency_discern_inst/gtz_941/p_out_Q66301__2/P[47:0] is not pipelined (MREG=0). Pipelining the multiplier function will improve performance and will save significant power so it is suggested whenever possible to fully pipeline this function.  If this multiplier was inferred, it is suggested to describe an additional register stage after this function.  If there is no registered adder/accumulator following the multiply function, two pipeline stages are suggested to allow both the MREG and PREG registers to be used.  If the DSP48 was instantiated in the design, it is suggested to set both the MREG and PREG attributes to 1 when performing multiply functions.
Related violations: <none>

DPOP-2#129 Warning
MREG Output pipelining  
DSP frequency_discern_inst/gtz_941/p_out_Q66301__3 multiplier stage frequency_discern_inst/gtz_941/p_out_Q66301__3/P[47:0] is not pipelined (MREG=0). Pipelining the multiplier function will improve performance and will save significant power so it is suggested whenever possible to fully pipeline this function.  If this multiplier was inferred, it is suggested to describe an additional register stage after this function.  If there is no registered adder/accumulator following the multiply function, two pipeline stages are suggested to allow both the MREG and PREG registers to be used.  If the DSP48 was instantiated in the design, it is suggested to set both the MREG and PREG attributes to 1 when performing multiply functions.
Related violations: <none>

DPOP-2#130 Warning
MREG Output pipelining  
DSP frequency_discern_inst/gtz_941/p_out_Q66301__4 multiplier stage frequency_discern_inst/gtz_941/p_out_Q66301__4/P[47:0] is not pipelined (MREG=0). Pipelining the multiplier function will improve performance and will save significant power so it is suggested whenever possible to fully pipeline this function.  If this multiplier was inferred, it is suggested to describe an additional register stage after this function.  If there is no registered adder/accumulator following the multiply function, two pipeline stages are suggested to allow both the MREG and PREG registers to be used.  If the DSP48 was instantiated in the design, it is suggested to set both the MREG and PREG attributes to 1 when performing multiply functions.
Related violations: <none>

DPOP-2#131 Warning
MREG Output pipelining  
DSP frequency_discern_inst/gtz_941/p_out_Q66301__5 multiplier stage frequency_discern_inst/gtz_941/p_out_Q66301__5/P[47:0] is not pipelined (MREG=0). Pipelining the multiplier function will improve performance and will save significant power so it is suggested whenever possible to fully pipeline this function.  If this multiplier was inferred, it is suggested to describe an additional register stage after this function.  If there is no registered adder/accumulator following the multiply function, two pipeline stages are suggested to allow both the MREG and PREG registers to be used.  If the DSP48 was instantiated in the design, it is suggested to set both the MREG and PREG attributes to 1 when performing multiply functions.
Related violations: <none>

DPOP-2#132 Warning
MREG Output pipelining  
DSP frequency_discern_inst/gtz_941/p_out_Q66301__6 multiplier stage frequency_discern_inst/gtz_941/p_out_Q66301__6/P[47:0] is not pipelined (MREG=0). Pipelining the multiplier function will improve performance and will save significant power so it is suggested whenever possible to fully pipeline this function.  If this multiplier was inferred, it is suggested to describe an additional register stage after this function.  If there is no registered adder/accumulator following the multiply function, two pipeline stages are suggested to allow both the MREG and PREG registers to be used.  If the DSP48 was instantiated in the design, it is suggested to set both the MREG and PREG attributes to 1 when performing multiply functions.
Related violations: <none>

DPOP-2#133 Warning
MREG Output pipelining  
DSP frequency_discern_inst/gtz_941/p_out_Q66302 multiplier stage frequency_discern_inst/gtz_941/p_out_Q66302/P[47:0] is not pipelined (MREG=0). Pipelining the multiplier function will improve performance and will save significant power so it is suggested whenever possible to fully pipeline this function.  If this multiplier was inferred, it is suggested to describe an additional register stage after this function.  If there is no registered adder/accumulator following the multiply function, two pipeline stages are suggested to allow both the MREG and PREG registers to be used.  If the DSP48 was instantiated in the design, it is suggested to set both the MREG and PREG attributes to 1 when performing multiply functions.
Related violations: <none>

DPOP-2#134 Warning
MREG Output pipelining  
DSP frequency_discern_inst/gtz_941/p_out_Q66302__0 multiplier stage frequency_discern_inst/gtz_941/p_out_Q66302__0/P[47:0] is not pipelined (MREG=0). Pipelining the multiplier function will improve performance and will save significant power so it is suggested whenever possible to fully pipeline this function.  If this multiplier was inferred, it is suggested to describe an additional register stage after this function.  If there is no registered adder/accumulator following the multiply function, two pipeline stages are suggested to allow both the MREG and PREG registers to be used.  If the DSP48 was instantiated in the design, it is suggested to set both the MREG and PREG attributes to 1 when performing multiply functions.
Related violations: <none>

DPOP-2#135 Warning
MREG Output pipelining  
DSP frequency_discern_inst/gtz_941/p_out_Q66302__1 multiplier stage frequency_discern_inst/gtz_941/p_out_Q66302__1/P[47:0] is not pipelined (MREG=0). Pipelining the multiplier function will improve performance and will save significant power so it is suggested whenever possible to fully pipeline this function.  If this multiplier was inferred, it is suggested to describe an additional register stage after this function.  If there is no registered adder/accumulator following the multiply function, two pipeline stages are suggested to allow both the MREG and PREG registers to be used.  If the DSP48 was instantiated in the design, it is suggested to set both the MREG and PREG attributes to 1 when performing multiply functions.
Related violations: <none>

DPOP-2#136 Warning
MREG Output pipelining  
DSP frequency_discern_inst/gtz_941/p_out_Q66302__2 multiplier stage frequency_discern_inst/gtz_941/p_out_Q66302__2/P[47:0] is not pipelined (MREG=0). Pipelining the multiplier function will improve performance and will save significant power so it is suggested whenever possible to fully pipeline this function.  If this multiplier was inferred, it is suggested to describe an additional register stage after this function.  If there is no registered adder/accumulator following the multiply function, two pipeline stages are suggested to allow both the MREG and PREG registers to be used.  If the DSP48 was instantiated in the design, it is suggested to set both the MREG and PREG attributes to 1 when performing multiply functions.
Related violations: <none>

PDRC-153#1 Warning
Gated clock check  
Net frequency_discern_inst/cw_reg[2]_i_1_n_0 is a gated clock net sourced by a combinational pin frequency_discern_inst/cw_reg[2]_i_1/O, cell frequency_discern_inst/cw_reg[2]_i_1. This is not good design practice and will likely impact performance. For SLICE registers, for example, use the CE pin to control the loading of data.
Related violations: <none>


