Copyright 1986-2022 Xilinx, Inc. All Rights Reserved. Copyright 2022-2024 Advanced Micro Devices, Inc. All Rights Reserved.
---------------------------------------------------------------------------------------------------------------------------------------------------------------------------------------------------------
| Tool Version : Vivado v.2024.2 (win64) Build 5239630 Fri Nov 08 22:35:27 MST 2024
| Date         : Sat Apr 11 15:17:53 2026
| Host         : C27-5CG31326ZG running 64-bit major release  (build 9200)
| Command      : report_timing_summary -max_paths 10 -report_unconstrained -file Lab4_timing_summary_routed.rpt -pb Lab4_timing_summary_routed.pb -rpx Lab4_timing_summary_routed.rpx -warn_on_violation
| Design       : Lab4
| Device       : 7a200t-sbg484
| Speed File   : -1  PRODUCTION 1.23 2018-06-13
| Design State : Routed
---------------------------------------------------------------------------------------------------------------------------------------------------------------------------------------------------------

Timing Summary Report

------------------------------------------------------------------------------------------------
| Timer Settings
| --------------
------------------------------------------------------------------------------------------------

  Enable Multi Corner Analysis               :  Yes
  Enable Pessimism Removal                   :  Yes
  Pessimism Removal Resolution               :  Nearest Common Node
  Enable Input Delay Default Clock           :  No
  Enable Preset / Clear Arcs                 :  No
  Disable Flight Delays                      :  No
  Ignore I/O Paths                           :  No
  Timing Early Launch at Borrowing Latches   :  No
  Borrow Time for Max Delay Exceptions       :  Yes
  Merge Timing Exceptions                    :  Yes
  Inter-SLR Compensation                     :  Conservative

  Corner  Analyze    Analyze    
  Name    Max Paths  Min Paths  
  ------  ---------  ---------  
  Slow    Yes        Yes        
  Fast    Yes        Yes        


------------------------------------------------------------------------------------------------
| Report Methodology
| ------------------
------------------------------------------------------------------------------------------------

Rule       Severity          Description                                        Violations  
---------  ----------------  -------------------------------------------------  ----------  
TIMING-17  Critical Warning  Non-clocked sequential cell                        94          
TIMING-27  Critical Warning  Invalid primary clock on hierarchical pin          1           
LUTAR-1    Warning           LUT drives async reset alert                       3           
TIMING-20  Warning           Non-clocked latch                                  3           
XDCC-2     Warning           Scoped Non-Timing constraint/property overwritten  1           
LATCH-1    Advisory          Existing latches in the design                     1           

Note: This report is based on the most recent report_methodology run and may not be up-to-date. Run report_methodology on the current design for the latest report.



check_timing report

Table of Contents
-----------------
1. checking no_clock (103)
2. checking constant_clock (0)
3. checking pulse_width_clock (0)
4. checking unconstrained_internal_endpoints (200)
5. checking no_input_delay (12)
6. checking no_output_delay (5)
7. checking multiple_clock (0)
8. checking generated_clocks (0)
9. checking loops (0)
10. checking partial_input_delay (0)
11. checking partial_output_delay (0)
12. checking latch_loops (0)

1. checking no_clock (103)
--------------------------
 There are 94 register/latch pins with no clock driven by root clock pin: clk (HIGH)

 There is 1 register/latch pin with no clock driven by root clock pin: Audio_Codec/ready_sig_reg/Q (HIGH)

 There are 2 register/latch pins with no clock driven by root clock pin: CU/state_reg[0]/Q (HIGH)

 There are 3 register/latch pins with no clock driven by root clock pin: CU/state_reg[1]/Q (HIGH)

 There are 3 register/latch pins with no clock driven by root clock pin: CU/state_reg[2]/Q (HIGH)


2. checking constant_clock (0)
------------------------------
 There are 0 register/latch pins with constant_clock.


3. checking pulse_width_clock (0)
---------------------------------
 There are 0 register/latch pins which need pulse_width check


4. checking unconstrained_internal_endpoints (200)
--------------------------------------------------
 There are 200 pins that are not constrained for maximum delay. (HIGH)

 There are 0 pins that are not constrained for maximum delay due to constant clock.


5. checking no_input_delay (12)
-------------------------------
 There are 12 input ports with no input delay specified. (HIGH)

 There are 0 input ports with no input delay but user has a false path constraint.


6. checking no_output_delay (5)
-------------------------------
 There are 5 ports with no output delay specified. (HIGH)

 There are 0 ports with no output delay but user has a false path constraint

 There are 0 ports with no output delay but with a timing clock defined on it or propagating through it


7. checking multiple_clock (0)
------------------------------
 There are 0 register/latch pins with multiple clocks.


8. checking generated_clocks (0)
--------------------------------
 There are 0 generated clocks that are not connected to a clock source.


9. checking loops (0)
---------------------
 There are 0 combinational loops in the design.


10. checking partial_input_delay (0)
------------------------------------
 There are 0 input ports with partial input delay specified.


11. checking partial_output_delay (0)
-------------------------------------
 There are 0 ports with partial output delay specified.


12. checking latch_loops (0)
----------------------------
 There are 0 combinational latch loops in the design through latch input



------------------------------------------------------------------------------------------------
| Design Timing Summary
| ---------------------
------------------------------------------------------------------------------------------------

    WNS(ns)      TNS(ns)  TNS Failing Endpoints  TNS Total Endpoints      WHS(ns)      THS(ns)  THS Failing Endpoints  THS Total Endpoints     WPWS(ns)     TPWS(ns)  TPWS Failing Endpoints  TPWS Total Endpoints  
    -------      -------  ---------------------  -------------------      -------      -------  ---------------------  -------------------     --------     --------  ----------------------  --------------------  
     14.733        0.000                      0                  204        0.185        0.000                      0                  204        3.000        0.000                       0                   123  


All user specified timing constraints are met.


------------------------------------------------------------------------------------------------
| Clock Summary
| -------------
------------------------------------------------------------------------------------------------

Clock                                             Waveform(ns)       Period(ns)      Frequency(MHz)
-----                                             ------------       ----------      --------------
Audio_Codec/audiocodec_master_clock/inst/clk_in1  {0.000 5.000}      10.000          100.000         
  clk_out1_clk_wiz_0                              {0.000 40.687}     81.375          12.289          
  clk_out2_clk_wiz_0                              {0.000 10.000}     20.000          50.000          
  clkfbout_clk_wiz_0                              {0.000 5.000}      10.000          100.000         


------------------------------------------------------------------------------------------------
| Intra Clock Table
| -----------------
------------------------------------------------------------------------------------------------

Clock                                                 WNS(ns)      TNS(ns)  TNS Failing Endpoints  TNS Total Endpoints      WHS(ns)      THS(ns)  THS Failing Endpoints  THS Total Endpoints     WPWS(ns)     TPWS(ns)  TPWS Failing Endpoints  TPWS Total Endpoints  
-----                                                 -------      -------  ---------------------  -------------------      -------      -------  ---------------------  -------------------     --------     --------  ----------------------  --------------------  
Audio_Codec/audiocodec_master_clock/inst/clk_in1                                                                                                                                                    3.000        0.000                       0                     1  
  clk_out1_clk_wiz_0                                                                                                                                                                               79.220        0.000                       0                     2  
  clk_out2_clk_wiz_0                                   14.733        0.000                      0                  204        0.185        0.000                      0                  204        9.500        0.000                       0                   117  
  clkfbout_clk_wiz_0                                                                                                                                                                                7.845        0.000                       0                     3  


------------------------------------------------------------------------------------------------
| Inter Clock Table
| -----------------
------------------------------------------------------------------------------------------------

From Clock    To Clock          WNS(ns)      TNS(ns)  TNS Failing Endpoints  TNS Total Endpoints      WHS(ns)      THS(ns)  THS Failing Endpoints  THS Total Endpoints  
----------    --------          -------      -------  ---------------------  -------------------      -------      -------  ---------------------  -------------------  


------------------------------------------------------------------------------------------------
| Other Path Groups Table
| -----------------------
------------------------------------------------------------------------------------------------

Path Group    From Clock    To Clock          WNS(ns)      TNS(ns)  TNS Failing Endpoints  TNS Total Endpoints      WHS(ns)      THS(ns)  THS Failing Endpoints  THS Total Endpoints  
----------    ----------    --------          -------      -------  ---------------------  -------------------      -------      -------  ---------------------  -------------------  


------------------------------------------------------------------------------------------------
| User Ignored Path Table
| -----------------------
------------------------------------------------------------------------------------------------

Path Group    From Clock    To Clock    
----------    ----------    --------    


------------------------------------------------------------------------------------------------
| Unconstrained Path Table
| ------------------------
------------------------------------------------------------------------------------------------

Path Group          From Clock          To Clock          
----------          ----------          --------          
(none)                                                      
(none)              clk_out1_clk_wiz_0                      
(none)              clk_out2_clk_wiz_0                      
(none)              clkfbout_clk_wiz_0                      
(none)                                  clk_out2_clk_wiz_0  


------------------------------------------------------------------------------------------------
| Timing Details
| --------------
------------------------------------------------------------------------------------------------


---------------------------------------------------------------------------------------------------
From Clock:  Audio_Codec/audiocodec_master_clock/inst/clk_in1
  To Clock:  Audio_Codec/audiocodec_master_clock/inst/clk_in1

Setup :           NA  Failing Endpoints,  Worst Slack           NA  ,  Total Violation           NA
Hold  :           NA  Failing Endpoints,  Worst Slack           NA  ,  Total Violation           NA
PW    :            0  Failing Endpoints,  Worst Slack        3.000ns,  Total Violation        0.000ns
---------------------------------------------------------------------------------------------------


Pulse Width Checks
--------------------------------------------------------------------------------------
Clock Name:         Audio_Codec/audiocodec_master_clock/inst/clk_in1
Waveform(ns):       { 0.000 5.000 }
Period(ns):         10.000
Sources:            { Audio_Codec/audiocodec_master_clock/inst/clk_in1 }

Check Type        Corner  Lib Pin            Reference Pin  Required(ns)  Actual(ns)  Slack(ns)  Location         Pin
Min Period        n/a     MMCME2_ADV/CLKIN1  n/a            1.249         10.000      8.751      MMCME2_ADV_X1Y0  Audio_Codec/audiocodec_master_clock/inst/mmcm_adv_inst/CLKIN1
Max Period        n/a     MMCME2_ADV/CLKIN1  n/a            100.000       10.000      90.000     MMCME2_ADV_X1Y0  Audio_Codec/audiocodec_master_clock/inst/mmcm_adv_inst/CLKIN1
Low Pulse Width   Slow    MMCME2_ADV/CLKIN1  n/a            2.000         5.000       3.000      MMCME2_ADV_X1Y0  Audio_Codec/audiocodec_master_clock/inst/mmcm_adv_inst/CLKIN1
Low Pulse Width   Fast    MMCME2_ADV/CLKIN1  n/a            2.000         5.000       3.000      MMCME2_ADV_X1Y0  Audio_Codec/audiocodec_master_clock/inst/mmcm_adv_inst/CLKIN1
High Pulse Width  Slow    MMCME2_ADV/CLKIN1  n/a            2.000         5.000       3.000      MMCME2_ADV_X1Y0  Audio_Codec/audiocodec_master_clock/inst/mmcm_adv_inst/CLKIN1
High Pulse Width  Fast    MMCME2_ADV/CLKIN1  n/a            2.000         5.000       3.000      MMCME2_ADV_X1Y0  Audio_Codec/audiocodec_master_clock/inst/mmcm_adv_inst/CLKIN1



---------------------------------------------------------------------------------------------------
From Clock:  clk_out1_clk_wiz_0
  To Clock:  clk_out1_clk_wiz_0

Setup :           NA  Failing Endpoints,  Worst Slack           NA  ,  Total Violation           NA
Hold  :           NA  Failing Endpoints,  Worst Slack           NA  ,  Total Violation           NA
PW    :            0  Failing Endpoints,  Worst Slack       79.220ns,  Total Violation        0.000ns
---------------------------------------------------------------------------------------------------


Pulse Width Checks
--------------------------------------------------------------------------------------
Clock Name:         clk_out1_clk_wiz_0
Waveform(ns):       { 0.000 40.688 }
Period(ns):         81.375
Sources:            { Audio_Codec/audiocodec_master_clock/inst/mmcm_adv_inst/CLKOUT0 }

Check Type  Corner  Lib Pin             Reference Pin  Required(ns)  Actual(ns)  Slack(ns)  Location         Pin
Min Period  n/a     BUFG/I              n/a            2.155         81.375      79.220     BUFGCTRL_X0Y0    Audio_Codec/audiocodec_master_clock/inst/clkout1_buf/I
Min Period  n/a     MMCME2_ADV/CLKOUT0  n/a            1.249         81.375      80.126     MMCME2_ADV_X1Y0  Audio_Codec/audiocodec_master_clock/inst/mmcm_adv_inst/CLKOUT0
Max Period  n/a     MMCME2_ADV/CLKOUT0  n/a            213.360       81.375      131.985    MMCME2_ADV_X1Y0  Audio_Codec/audiocodec_master_clock/inst/mmcm_adv_inst/CLKOUT0



---------------------------------------------------------------------------------------------------
From Clock:  clk_out2_clk_wiz_0
  To Clock:  clk_out2_clk_wiz_0

Setup :            0  Failing Endpoints,  Worst Slack       14.733ns,  Total Violation        0.000ns
Hold  :            0  Failing Endpoints,  Worst Slack        0.185ns,  Total Violation        0.000ns
PW    :            0  Failing Endpoints,  Worst Slack        9.500ns,  Total Violation        0.000ns
---------------------------------------------------------------------------------------------------


Max Delay Paths
--------------------------------------------------------------------------------------
Slack (MET) :             14.733ns  (required time - arrival time)
  Source:                 Audio_Codec/initialize_audio/twi_controller/dSda_reg/C
                            (rising edge-triggered cell FDRE clocked by clk_out2_clk_wiz_0  {rise@0.000ns fall@10.000ns period=20.000ns})
  Destination:            Audio_Codec/initialize_audio/twi_controller/FSM_gray_state_reg[2]/CE
                            (rising edge-triggered cell FDRE clocked by clk_out2_clk_wiz_0  {rise@0.000ns fall@10.000ns period=20.000ns})
  Path Group:             clk_out2_clk_wiz_0
  Path Type:              Setup (Max at Slow Process Corner)
  Requirement:            20.000ns  (clk_out2_clk_wiz_0 rise@20.000ns - clk_out2_clk_wiz_0 rise@0.000ns)
  Data Path Delay:        4.951ns  (logic 1.145ns (23.125%)  route 3.806ns (76.875%))
  Logic Levels:           4  (LUT3=1 LUT5=1 LUT6=2)
  Clock Path Skew:        -0.027ns (DCD - SCD + CPR)
    Destination Clock Delay (DCD):    1.707ns = ( 21.707 - 20.000 ) 
    Source Clock Delay      (SCD):    1.823ns
    Clock Pessimism Removal (CPR):    0.089ns
  Clock Uncertainty:      0.084ns  ((TSJ^2 + DJ^2)^1/2) / 2 + PE
    Total System Jitter     (TSJ):    0.071ns
    Discrete Jitter          (DJ):    0.152ns
    Phase Error              (PE):    0.000ns

    Location             Delay type                Incr(ns)  Path(ns)    Netlist Resource(s)
  -------------------------------------------------------------------    -------------------
                         (clock clk_out2_clk_wiz_0 rise edge)
                                                      0.000     0.000 r  
    BUFGCTRL_X0Y2        BUFG                         0.000     0.000 r  clk_IBUF_BUFG_inst/O
                         net (fo=96, routed)          2.106     2.106    Audio_Codec/audiocodec_master_clock/inst/clk_in1
    MMCME2_ADV_X1Y0      MMCME2_ADV (Prop_mmcme2_adv_CLKIN1_CLKOUT1)
                                                     -4.900    -2.793 r  Audio_Codec/audiocodec_master_clock/inst/mmcm_adv_inst/CLKOUT1
                         net (fo=1, routed)           2.697    -0.096    Audio_Codec/audiocodec_master_clock/inst/clk_out2_clk_wiz_0
    BUFGCTRL_X0Y1        BUFG (Prop_bufg_I_O)         0.096    -0.000 r  Audio_Codec/audiocodec_master_clock/inst/clkout2_buf/O
                         net (fo=115, routed)         1.823     1.823    Audio_Codec/initialize_audio/twi_controller/clk_out2
    SLICE_X162Y117       FDRE                                         r  Audio_Codec/initialize_audio/twi_controller/dSda_reg/C
  -------------------------------------------------------------------    -------------------
    SLICE_X162Y117       FDRE (Prop_fdre_C_Q)         0.478     2.301 f  Audio_Codec/initialize_audio/twi_controller/dSda_reg/Q
                         net (fo=9, routed)           0.932     3.234    Audio_Codec/initialize_audio/twi_controller/p_0_in[0]
    SLICE_X162Y117       LUT3 (Prop_lut3_I1_O)        0.295     3.529 f  Audio_Codec/initialize_audio/twi_controller/FSM_gray_state[3]_i_9/O
                         net (fo=7, routed)           1.134     4.662    Audio_Codec/initialize_audio/twi_controller/FSM_gray_state[3]_i_9_n_0
    SLICE_X163Y115       LUT5 (Prop_lut5_I4_O)        0.124     4.786 r  Audio_Codec/initialize_audio/twi_controller/DONE_O_i_3/O
                         net (fo=2, routed)           0.438     5.224    Audio_Codec/initialize_audio/twi_controller/DONE_O_i_3_n_0
    SLICE_X162Y116       LUT6 (Prop_lut6_I0_O)        0.124     5.348 r  Audio_Codec/initialize_audio/twi_controller/FSM_gray_state[3]_i_6/O
                         net (fo=1, routed)           0.636     5.984    Audio_Codec/initialize_audio/twi_controller/FSM_gray_state[3]_i_6_n_0
    SLICE_X160Y116       LUT6 (Prop_lut6_I3_O)        0.124     6.108 r  Audio_Codec/initialize_audio/twi_controller/FSM_gray_state[3]_i_1/O
                         net (fo=4, routed)           0.667     6.775    Audio_Codec/initialize_audio/twi_controller/FSM_gray_state[3]_i_1_n_0
    SLICE_X161Y115       FDRE                                         r  Audio_Codec/initialize_audio/twi_controller/FSM_gray_state_reg[2]/CE
  -------------------------------------------------------------------    -------------------

                         (clock clk_out2_clk_wiz_0 rise edge)
                                                     20.000    20.000 r  
    BUFGCTRL_X0Y2        BUFG                         0.000    20.000 r  clk_IBUF_BUFG_inst/O
                         net (fo=96, routed)          1.972    21.972    Audio_Codec/audiocodec_master_clock/inst/clk_in1
    MMCME2_ADV_X1Y0      MMCME2_ADV (Prop_mmcme2_adv_CLKIN1_CLKOUT1)
                                                     -4.637    17.335 r  Audio_Codec/audiocodec_master_clock/inst/mmcm_adv_inst/CLKOUT1
                         net (fo=1, routed)           2.574    19.909    Audio_Codec/audiocodec_master_clock/inst/clk_out2_clk_wiz_0
    BUFGCTRL_X0Y1        BUFG (Prop_bufg_I_O)         0.091    20.000 r  Audio_Codec/audiocodec_master_clock/inst/clkout2_buf/O
                         net (fo=115, routed)         1.707    21.707    Audio_Codec/initialize_audio/twi_controller/clk_out2
    SLICE_X161Y115       FDRE                                         r  Audio_Codec/initialize_audio/twi_controller/FSM_gray_state_reg[2]/C
                         clock pessimism              0.089    21.796    
                         clock uncertainty           -0.084    21.713    
    SLICE_X161Y115       FDRE (Setup_fdre_C_CE)      -0.205    21.508    Audio_Codec/initialize_audio/twi_controller/FSM_gray_state_reg[2]
  -------------------------------------------------------------------
                         required time                         21.508    
                         arrival time                          -6.775    
  -------------------------------------------------------------------
                         slack                                 14.733    

Slack (MET) :             14.874ns  (required time - arrival time)
  Source:                 Audio_Codec/initialize_audio/twi_controller/dSda_reg/C
                            (rising edge-triggered cell FDRE clocked by clk_out2_clk_wiz_0  {rise@0.000ns fall@10.000ns period=20.000ns})
  Destination:            Audio_Codec/initialize_audio/twi_controller/FSM_gray_state_reg[1]/CE
                            (rising edge-triggered cell FDRE clocked by clk_out2_clk_wiz_0  {rise@0.000ns fall@10.000ns period=20.000ns})
  Path Group:             clk_out2_clk_wiz_0
  Path Type:              Setup (Max at Slow Process Corner)
  Requirement:            20.000ns  (clk_out2_clk_wiz_0 rise@20.000ns - clk_out2_clk_wiz_0 rise@0.000ns)
  Data Path Delay:        4.808ns  (logic 1.145ns (23.813%)  route 3.663ns (76.187%))
  Logic Levels:           4  (LUT3=1 LUT5=1 LUT6=2)
  Clock Path Skew:        -0.029ns (DCD - SCD + CPR)
    Destination Clock Delay (DCD):    1.705ns = ( 21.705 - 20.000 ) 
    Source Clock Delay      (SCD):    1.823ns
    Clock Pessimism Removal (CPR):    0.089ns
  Clock Uncertainty:      0.084ns  ((TSJ^2 + DJ^2)^1/2) / 2 + PE
    Total System Jitter     (TSJ):    0.071ns
    Discrete Jitter          (DJ):    0.152ns
    Phase Error              (PE):    0.000ns

    Location             Delay type                Incr(ns)  Path(ns)    Netlist Resource(s)
  -------------------------------------------------------------------    -------------------
                         (clock clk_out2_clk_wiz_0 rise edge)
                                                      0.000     0.000 r  
    BUFGCTRL_X0Y2        BUFG                         0.000     0.000 r  clk_IBUF_BUFG_inst/O
                         net (fo=96, routed)          2.106     2.106    Audio_Codec/audiocodec_master_clock/inst/clk_in1
    MMCME2_ADV_X1Y0      MMCME2_ADV (Prop_mmcme2_adv_CLKIN1_CLKOUT1)
                                                     -4.900    -2.793 r  Audio_Codec/audiocodec_master_clock/inst/mmcm_adv_inst/CLKOUT1
                         net (fo=1, routed)           2.697    -0.096    Audio_Codec/audiocodec_master_clock/inst/clk_out2_clk_wiz_0
    BUFGCTRL_X0Y1        BUFG (Prop_bufg_I_O)         0.096    -0.000 r  Audio_Codec/audiocodec_master_clock/inst/clkout2_buf/O
                         net (fo=115, routed)         1.823     1.823    Audio_Codec/initialize_audio/twi_controller/clk_out2
    SLICE_X162Y117       FDRE                                         r  Audio_Codec/initialize_audio/twi_controller/dSda_reg/C
  -------------------------------------------------------------------    -------------------
    SLICE_X162Y117       FDRE (Prop_fdre_C_Q)         0.478     2.301 f  Audio_Codec/initialize_audio/twi_controller/dSda_reg/Q
                         net (fo=9, routed)           0.932     3.234    Audio_Codec/initialize_audio/twi_controller/p_0_in[0]
    SLICE_X162Y117       LUT3 (Prop_lut3_I1_O)        0.295     3.529 f  Audio_Codec/initialize_audio/twi_controller/FSM_gray_state[3]_i_9/O
                         net (fo=7, routed)           1.134     4.662    Audio_Codec/initialize_audio/twi_controller/FSM_gray_state[3]_i_9_n_0
    SLICE_X163Y115       LUT5 (Prop_lut5_I4_O)        0.124     4.786 r  Audio_Codec/initialize_audio/twi_controller/DONE_O_i_3/O
                         net (fo=2, routed)           0.438     5.224    Audio_Codec/initialize_audio/twi_controller/DONE_O_i_3_n_0
    SLICE_X162Y116       LUT6 (Prop_lut6_I0_O)        0.124     5.348 r  Audio_Codec/initialize_audio/twi_controller/FSM_gray_state[3]_i_6/O
                         net (fo=1, routed)           0.636     5.984    Audio_Codec/initialize_audio/twi_controller/FSM_gray_state[3]_i_6_n_0
    SLICE_X160Y116       LUT6 (Prop_lut6_I3_O)        0.124     6.108 r  Audio_Codec/initialize_audio/twi_controller/FSM_gray_state[3]_i_1/O
                         net (fo=4, routed)           0.524     6.632    Audio_Codec/initialize_audio/twi_controller/FSM_gray_state[3]_i_1_n_0
    SLICE_X161Y117       FDRE                                         r  Audio_Codec/initialize_audio/twi_controller/FSM_gray_state_reg[1]/CE
  -------------------------------------------------------------------    -------------------

                         (clock clk_out2_clk_wiz_0 rise edge)
                                                     20.000    20.000 r  
    BUFGCTRL_X0Y2        BUFG                         0.000    20.000 r  clk_IBUF_BUFG_inst/O
                         net (fo=96, routed)          1.972    21.972    Audio_Codec/audiocodec_master_clock/inst/clk_in1
    MMCME2_ADV_X1Y0      MMCME2_ADV (Prop_mmcme2_adv_CLKIN1_CLKOUT1)
                                                     -4.637    17.335 r  Audio_Codec/audiocodec_master_clock/inst/mmcm_adv_inst/CLKOUT1
                         net (fo=1, routed)           2.574    19.909    Audio_Codec/audiocodec_master_clock/inst/clk_out2_clk_wiz_0
    BUFGCTRL_X0Y1        BUFG (Prop_bufg_I_O)         0.091    20.000 r  Audio_Codec/audiocodec_master_clock/inst/clkout2_buf/O
                         net (fo=115, routed)         1.705    21.705    Audio_Codec/initialize_audio/twi_controller/clk_out2
    SLICE_X161Y117       FDRE                                         r  Audio_Codec/initialize_audio/twi_controller/FSM_gray_state_reg[1]/C
                         clock pessimism              0.089    21.794    
                         clock uncertainty           -0.084    21.711    
    SLICE_X161Y117       FDRE (Setup_fdre_C_CE)      -0.205    21.506    Audio_Codec/initialize_audio/twi_controller/FSM_gray_state_reg[1]
  -------------------------------------------------------------------
                         required time                         21.506    
                         arrival time                          -6.632    
  -------------------------------------------------------------------
                         slack                                 14.874    

Slack (MET) :             15.007ns  (required time - arrival time)
  Source:                 Audio_Codec/initialize_audio/twi_controller/dSda_reg/C
                            (rising edge-triggered cell FDRE clocked by clk_out2_clk_wiz_0  {rise@0.000ns fall@10.000ns period=20.000ns})
  Destination:            Audio_Codec/initialize_audio/twi_controller/FSM_gray_state_reg[0]/CE
                            (rising edge-triggered cell FDRE clocked by clk_out2_clk_wiz_0  {rise@0.000ns fall@10.000ns period=20.000ns})
  Path Group:             clk_out2_clk_wiz_0
  Path Type:              Setup (Max at Slow Process Corner)
  Requirement:            20.000ns  (clk_out2_clk_wiz_0 rise@20.000ns - clk_out2_clk_wiz_0 rise@0.000ns)
  Data Path Delay:        4.676ns  (logic 1.145ns (24.485%)  route 3.531ns (75.515%))
  Logic Levels:           4  (LUT3=1 LUT5=1 LUT6=2)
  Clock Path Skew:        -0.028ns (DCD - SCD + CPR)
    Destination Clock Delay (DCD):    1.706ns = ( 21.706 - 20.000 ) 
    Source Clock Delay      (SCD):    1.823ns
    Clock Pessimism Removal (CPR):    0.089ns
  Clock Uncertainty:      0.084ns  ((TSJ^2 + DJ^2)^1/2) / 2 + PE
    Total System Jitter     (TSJ):    0.071ns
    Discrete Jitter          (DJ):    0.152ns
    Phase Error              (PE):    0.000ns

    Location             Delay type                Incr(ns)  Path(ns)    Netlist Resource(s)
  -------------------------------------------------------------------    -------------------
                         (clock clk_out2_clk_wiz_0 rise edge)
                                                      0.000     0.000 r  
    BUFGCTRL_X0Y2        BUFG                         0.000     0.000 r  clk_IBUF_BUFG_inst/O
                         net (fo=96, routed)          2.106     2.106    Audio_Codec/audiocodec_master_clock/inst/clk_in1
    MMCME2_ADV_X1Y0      MMCME2_ADV (Prop_mmcme2_adv_CLKIN1_CLKOUT1)
                                                     -4.900    -2.793 r  Audio_Codec/audiocodec_master_clock/inst/mmcm_adv_inst/CLKOUT1
                         net (fo=1, routed)           2.697    -0.096    Audio_Codec/audiocodec_master_clock/inst/clk_out2_clk_wiz_0
    BUFGCTRL_X0Y1        BUFG (Prop_bufg_I_O)         0.096    -0.000 r  Audio_Codec/audiocodec_master_clock/inst/clkout2_buf/O
                         net (fo=115, routed)         1.823     1.823    Audio_Codec/initialize_audio/twi_controller/clk_out2
    SLICE_X162Y117       FDRE                                         r  Audio_Codec/initialize_audio/twi_controller/dSda_reg/C
  -------------------------------------------------------------------    -------------------
    SLICE_X162Y117       FDRE (Prop_fdre_C_Q)         0.478     2.301 f  Audio_Codec/initialize_audio/twi_controller/dSda_reg/Q
                         net (fo=9, routed)           0.932     3.234    Audio_Codec/initialize_audio/twi_controller/p_0_in[0]
    SLICE_X162Y117       LUT3 (Prop_lut3_I1_O)        0.295     3.529 f  Audio_Codec/initialize_audio/twi_controller/FSM_gray_state[3]_i_9/O
                         net (fo=7, routed)           1.134     4.662    Audio_Codec/initialize_audio/twi_controller/FSM_gray_state[3]_i_9_n_0
    SLICE_X163Y115       LUT5 (Prop_lut5_I4_O)        0.124     4.786 r  Audio_Codec/initialize_audio/twi_controller/DONE_O_i_3/O
                         net (fo=2, routed)           0.438     5.224    Audio_Codec/initialize_audio/twi_controller/DONE_O_i_3_n_0
    SLICE_X162Y116       LUT6 (Prop_lut6_I0_O)        0.124     5.348 r  Audio_Codec/initialize_audio/twi_controller/FSM_gray_state[3]_i_6/O
                         net (fo=1, routed)           0.636     5.984    Audio_Codec/initialize_audio/twi_controller/FSM_gray_state[3]_i_6_n_0
    SLICE_X160Y116       LUT6 (Prop_lut6_I3_O)        0.124     6.108 r  Audio_Codec/initialize_audio/twi_controller/FSM_gray_state[3]_i_1/O
                         net (fo=4, routed)           0.392     6.500    Audio_Codec/initialize_audio/twi_controller/FSM_gray_state[3]_i_1_n_0
    SLICE_X161Y116       FDRE                                         r  Audio_Codec/initialize_audio/twi_controller/FSM_gray_state_reg[0]/CE
  -------------------------------------------------------------------    -------------------

                         (clock clk_out2_clk_wiz_0 rise edge)
                                                     20.000    20.000 r  
    BUFGCTRL_X0Y2        BUFG                         0.000    20.000 r  clk_IBUF_BUFG_inst/O
                         net (fo=96, routed)          1.972    21.972    Audio_Codec/audiocodec_master_clock/inst/clk_in1
    MMCME2_ADV_X1Y0      MMCME2_ADV (Prop_mmcme2_adv_CLKIN1_CLKOUT1)
                                                     -4.637    17.335 r  Audio_Codec/audiocodec_master_clock/inst/mmcm_adv_inst/CLKOUT1
                         net (fo=1, routed)           2.574    19.909    Audio_Codec/audiocodec_master_clock/inst/clk_out2_clk_wiz_0
    BUFGCTRL_X0Y1        BUFG (Prop_bufg_I_O)         0.091    20.000 r  Audio_Codec/audiocodec_master_clock/inst/clkout2_buf/O
                         net (fo=115, routed)         1.706    21.706    Audio_Codec/initialize_audio/twi_controller/clk_out2
    SLICE_X161Y116       FDRE                                         r  Audio_Codec/initialize_audio/twi_controller/FSM_gray_state_reg[0]/C
                         clock pessimism              0.089    21.795    
                         clock uncertainty           -0.084    21.712    
    SLICE_X161Y116       FDRE (Setup_fdre_C_CE)      -0.205    21.507    Audio_Codec/initialize_audio/twi_controller/FSM_gray_state_reg[0]
  -------------------------------------------------------------------
                         required time                         21.507    
                         arrival time                          -6.500    
  -------------------------------------------------------------------
                         slack                                 15.007    

Slack (MET) :             15.007ns  (required time - arrival time)
  Source:                 Audio_Codec/initialize_audio/twi_controller/dSda_reg/C
                            (rising edge-triggered cell FDRE clocked by clk_out2_clk_wiz_0  {rise@0.000ns fall@10.000ns period=20.000ns})
  Destination:            Audio_Codec/initialize_audio/twi_controller/FSM_gray_state_reg[3]/CE
                            (rising edge-triggered cell FDRE clocked by clk_out2_clk_wiz_0  {rise@0.000ns fall@10.000ns period=20.000ns})
  Path Group:             clk_out2_clk_wiz_0
  Path Type:              Setup (Max at Slow Process Corner)
  Requirement:            20.000ns  (clk_out2_clk_wiz_0 rise@20.000ns - clk_out2_clk_wiz_0 rise@0.000ns)
  Data Path Delay:        4.676ns  (logic 1.145ns (24.485%)  route 3.531ns (75.515%))
  Logic Levels:           4  (LUT3=1 LUT5=1 LUT6=2)
  Clock Path Skew:        -0.028ns (DCD - SCD + CPR)
    Destination Clock Delay (DCD):    1.706ns = ( 21.706 - 20.000 ) 
    Source Clock Delay      (SCD):    1.823ns
    Clock Pessimism Removal (CPR):    0.089ns
  Clock Uncertainty:      0.084ns  ((TSJ^2 + DJ^2)^1/2) / 2 + PE
    Total System Jitter     (TSJ):    0.071ns
    Discrete Jitter          (DJ):    0.152ns
    Phase Error              (PE):    0.000ns

    Location             Delay type                Incr(ns)  Path(ns)    Netlist Resource(s)
  -------------------------------------------------------------------    -------------------
                         (clock clk_out2_clk_wiz_0 rise edge)
                                                      0.000     0.000 r  
    BUFGCTRL_X0Y2        BUFG                         0.000     0.000 r  clk_IBUF_BUFG_inst/O
                         net (fo=96, routed)          2.106     2.106    Audio_Codec/audiocodec_master_clock/inst/clk_in1
    MMCME2_ADV_X1Y0      MMCME2_ADV (Prop_mmcme2_adv_CLKIN1_CLKOUT1)
                                                     -4.900    -2.793 r  Audio_Codec/audiocodec_master_clock/inst/mmcm_adv_inst/CLKOUT1
                         net (fo=1, routed)           2.697    -0.096    Audio_Codec/audiocodec_master_clock/inst/clk_out2_clk_wiz_0
    BUFGCTRL_X0Y1        BUFG (Prop_bufg_I_O)         0.096    -0.000 r  Audio_Codec/audiocodec_master_clock/inst/clkout2_buf/O
                         net (fo=115, routed)         1.823     1.823    Audio_Codec/initialize_audio/twi_controller/clk_out2
    SLICE_X162Y117       FDRE                                         r  Audio_Codec/initialize_audio/twi_controller/dSda_reg/C
  -------------------------------------------------------------------    -------------------
    SLICE_X162Y117       FDRE (Prop_fdre_C_Q)         0.478     2.301 f  Audio_Codec/initialize_audio/twi_controller/dSda_reg/Q
                         net (fo=9, routed)           0.932     3.234    Audio_Codec/initialize_audio/twi_controller/p_0_in[0]
    SLICE_X162Y117       LUT3 (Prop_lut3_I1_O)        0.295     3.529 f  Audio_Codec/initialize_audio/twi_controller/FSM_gray_state[3]_i_9/O
                         net (fo=7, routed)           1.134     4.662    Audio_Codec/initialize_audio/twi_controller/FSM_gray_state[3]_i_9_n_0
    SLICE_X163Y115       LUT5 (Prop_lut5_I4_O)        0.124     4.786 r  Audio_Codec/initialize_audio/twi_controller/DONE_O_i_3/O
                         net (fo=2, routed)           0.438     5.224    Audio_Codec/initialize_audio/twi_controller/DONE_O_i_3_n_0
    SLICE_X162Y116       LUT6 (Prop_lut6_I0_O)        0.124     5.348 r  Audio_Codec/initialize_audio/twi_controller/FSM_gray_state[3]_i_6/O
                         net (fo=1, routed)           0.636     5.984    Audio_Codec/initialize_audio/twi_controller/FSM_gray_state[3]_i_6_n_0
    SLICE_X160Y116       LUT6 (Prop_lut6_I3_O)        0.124     6.108 r  Audio_Codec/initialize_audio/twi_controller/FSM_gray_state[3]_i_1/O
                         net (fo=4, routed)           0.392     6.500    Audio_Codec/initialize_audio/twi_controller/FSM_gray_state[3]_i_1_n_0
    SLICE_X161Y116       FDRE                                         r  Audio_Codec/initialize_audio/twi_controller/FSM_gray_state_reg[3]/CE
  -------------------------------------------------------------------    -------------------

                         (clock clk_out2_clk_wiz_0 rise edge)
                                                     20.000    20.000 r  
    BUFGCTRL_X0Y2        BUFG                         0.000    20.000 r  clk_IBUF_BUFG_inst/O
                         net (fo=96, routed)          1.972    21.972    Audio_Codec/audiocodec_master_clock/inst/clk_in1
    MMCME2_ADV_X1Y0      MMCME2_ADV (Prop_mmcme2_adv_CLKIN1_CLKOUT1)
                                                     -4.637    17.335 r  Audio_Codec/audiocodec_master_clock/inst/mmcm_adv_inst/CLKOUT1
                         net (fo=1, routed)           2.574    19.909    Audio_Codec/audiocodec_master_clock/inst/clk_out2_clk_wiz_0
    BUFGCTRL_X0Y1        BUFG (Prop_bufg_I_O)         0.091    20.000 r  Audio_Codec/audiocodec_master_clock/inst/clkout2_buf/O
                         net (fo=115, routed)         1.706    21.706    Audio_Codec/initialize_audio/twi_controller/clk_out2
    SLICE_X161Y116       FDRE                                         r  Audio_Codec/initialize_audio/twi_controller/FSM_gray_state_reg[3]/C
                         clock pessimism              0.089    21.795    
                         clock uncertainty           -0.084    21.712    
    SLICE_X161Y116       FDRE (Setup_fdre_C_CE)      -0.205    21.507    Audio_Codec/initialize_audio/twi_controller/FSM_gray_state_reg[3]
  -------------------------------------------------------------------
                         required time                         21.507    
                         arrival time                          -6.500    
  -------------------------------------------------------------------
                         slack                                 15.007    

Slack (MET) :             15.211ns  (required time - arrival time)
  Source:                 Audio_Codec/initialize_audio/delaycnt_reg[23]/C
                            (rising edge-triggered cell FDRE clocked by clk_out2_clk_wiz_0  {rise@0.000ns fall@10.000ns period=20.000ns})
  Destination:            Audio_Codec/initialize_audio/state_reg[2]/CE
                            (rising edge-triggered cell FDSE clocked by clk_out2_clk_wiz_0  {rise@0.000ns fall@10.000ns period=20.000ns})
  Path Group:             clk_out2_clk_wiz_0
  Path Type:              Setup (Max at Slow Process Corner)
  Requirement:            20.000ns  (clk_out2_clk_wiz_0 rise@20.000ns - clk_out2_clk_wiz_0 rise@0.000ns)
  Data Path Delay:        4.476ns  (logic 1.244ns (27.790%)  route 3.232ns (72.210%))
  Logic Levels:           4  (LUT4=2 LUT5=1 LUT6=1)
  Clock Path Skew:        -0.024ns (DCD - SCD + CPR)
    Destination Clock Delay (DCD):    1.705ns = ( 21.705 - 20.000 ) 
    Source Clock Delay      (SCD):    1.818ns
    Clock Pessimism Removal (CPR):    0.089ns
  Clock Uncertainty:      0.084ns  ((TSJ^2 + DJ^2)^1/2) / 2 + PE
    Total System Jitter     (TSJ):    0.071ns
    Discrete Jitter          (DJ):    0.152ns
    Phase Error              (PE):    0.000ns

    Location             Delay type                Incr(ns)  Path(ns)    Netlist Resource(s)
  -------------------------------------------------------------------    -------------------
                         (clock clk_out2_clk_wiz_0 rise edge)
                                                      0.000     0.000 r  
    BUFGCTRL_X0Y2        BUFG                         0.000     0.000 r  clk_IBUF_BUFG_inst/O
                         net (fo=96, routed)          2.106     2.106    Audio_Codec/audiocodec_master_clock/inst/clk_in1
    MMCME2_ADV_X1Y0      MMCME2_ADV (Prop_mmcme2_adv_CLKIN1_CLKOUT1)
                                                     -4.900    -2.793 r  Audio_Codec/audiocodec_master_clock/inst/mmcm_adv_inst/CLKOUT1
                         net (fo=1, routed)           2.697    -0.096    Audio_Codec/audiocodec_master_clock/inst/clk_out2_clk_wiz_0
    BUFGCTRL_X0Y1        BUFG (Prop_bufg_I_O)         0.096    -0.000 r  Audio_Codec/audiocodec_master_clock/inst/clkout2_buf/O
                         net (fo=115, routed)         1.818     1.818    Audio_Codec/initialize_audio/clk_out2
    SLICE_X158Y119       FDRE                                         r  Audio_Codec/initialize_audio/delaycnt_reg[23]/C
  -------------------------------------------------------------------    -------------------
    SLICE_X158Y119       FDRE (Prop_fdre_C_Q)         0.518     2.336 f  Audio_Codec/initialize_audio/delaycnt_reg[23]/Q
                         net (fo=3, routed)           0.819     3.156    Audio_Codec/initialize_audio/delaycnt[23]
    SLICE_X159Y118       LUT4 (Prop_lut4_I0_O)        0.124     3.280 f  Audio_Codec/initialize_audio/state[3]_i_12/O
                         net (fo=2, routed)           0.816     4.095    Audio_Codec/initialize_audio/state[3]_i_12_n_0
    SLICE_X159Y116       LUT5 (Prop_lut5_I4_O)        0.152     4.247 f  Audio_Codec/initialize_audio/state[3]_i_7/O
                         net (fo=1, routed)           0.433     4.681    Audio_Codec/initialize_audio/state[3]_i_7_n_0
    SLICE_X159Y116       LUT4 (Prop_lut4_I2_O)        0.326     5.007 f  Audio_Codec/initialize_audio/state[3]_i_3/O
                         net (fo=3, routed)           0.564     5.571    Audio_Codec/initialize_audio/twi_controller/initEn_reg
    SLICE_X157Y115       LUT6 (Prop_lut6_I5_O)        0.124     5.695 r  Audio_Codec/initialize_audio/twi_controller/state[3]_i_1/O
                         net (fo=4, routed)           0.600     6.295    Audio_Codec/initialize_audio/twi_controller_n_5
    SLICE_X157Y115       FDSE                                         r  Audio_Codec/initialize_audio/state_reg[2]/CE
  -------------------------------------------------------------------    -------------------

                         (clock clk_out2_clk_wiz_0 rise edge)
                                                     20.000    20.000 r  
    BUFGCTRL_X0Y2        BUFG                         0.000    20.000 r  clk_IBUF_BUFG_inst/O
                         net (fo=96, routed)          1.972    21.972    Audio_Codec/audiocodec_master_clock/inst/clk_in1
    MMCME2_ADV_X1Y0      MMCME2_ADV (Prop_mmcme2_adv_CLKIN1_CLKOUT1)
                                                     -4.637    17.335 r  Audio_Codec/audiocodec_master_clock/inst/mmcm_adv_inst/CLKOUT1
                         net (fo=1, routed)           2.574    19.909    Audio_Codec/audiocodec_master_clock/inst/clk_out2_clk_wiz_0
    BUFGCTRL_X0Y1        BUFG (Prop_bufg_I_O)         0.091    20.000 r  Audio_Codec/audiocodec_master_clock/inst/clkout2_buf/O
                         net (fo=115, routed)         1.705    21.705    Audio_Codec/initialize_audio/clk_out2
    SLICE_X157Y115       FDSE                                         r  Audio_Codec/initialize_audio/state_reg[2]/C
                         clock pessimism              0.089    21.794    
                         clock uncertainty           -0.084    21.711    
    SLICE_X157Y115       FDSE (Setup_fdse_C_CE)      -0.205    21.506    Audio_Codec/initialize_audio/state_reg[2]
  -------------------------------------------------------------------
                         required time                         21.506    
                         arrival time                          -6.295    
  -------------------------------------------------------------------
                         slack                                 15.211    

Slack (MET) :             15.211ns  (required time - arrival time)
  Source:                 Audio_Codec/initialize_audio/delaycnt_reg[23]/C
                            (rising edge-triggered cell FDRE clocked by clk_out2_clk_wiz_0  {rise@0.000ns fall@10.000ns period=20.000ns})
  Destination:            Audio_Codec/initialize_audio/state_reg[3]/CE
                            (rising edge-triggered cell FDRE clocked by clk_out2_clk_wiz_0  {rise@0.000ns fall@10.000ns period=20.000ns})
  Path Group:             clk_out2_clk_wiz_0
  Path Type:              Setup (Max at Slow Process Corner)
  Requirement:            20.000ns  (clk_out2_clk_wiz_0 rise@20.000ns - clk_out2_clk_wiz_0 rise@0.000ns)
  Data Path Delay:        4.476ns  (logic 1.244ns (27.790%)  route 3.232ns (72.210%))
  Logic Levels:           4  (LUT4=2 LUT5=1 LUT6=1)
  Clock Path Skew:        -0.024ns (DCD - SCD + CPR)
    Destination Clock Delay (DCD):    1.705ns = ( 21.705 - 20.000 ) 
    Source Clock Delay      (SCD):    1.818ns
    Clock Pessimism Removal (CPR):    0.089ns
  Clock Uncertainty:      0.084ns  ((TSJ^2 + DJ^2)^1/2) / 2 + PE
    Total System Jitter     (TSJ):    0.071ns
    Discrete Jitter          (DJ):    0.152ns
    Phase Error              (PE):    0.000ns

    Location             Delay type                Incr(ns)  Path(ns)    Netlist Resource(s)
  -------------------------------------------------------------------    -------------------
                         (clock clk_out2_clk_wiz_0 rise edge)
                                                      0.000     0.000 r  
    BUFGCTRL_X0Y2        BUFG                         0.000     0.000 r  clk_IBUF_BUFG_inst/O
                         net (fo=96, routed)          2.106     2.106    Audio_Codec/audiocodec_master_clock/inst/clk_in1
    MMCME2_ADV_X1Y0      MMCME2_ADV (Prop_mmcme2_adv_CLKIN1_CLKOUT1)
                                                     -4.900    -2.793 r  Audio_Codec/audiocodec_master_clock/inst/mmcm_adv_inst/CLKOUT1
                         net (fo=1, routed)           2.697    -0.096    Audio_Codec/audiocodec_master_clock/inst/clk_out2_clk_wiz_0
    BUFGCTRL_X0Y1        BUFG (Prop_bufg_I_O)         0.096    -0.000 r  Audio_Codec/audiocodec_master_clock/inst/clkout2_buf/O
                         net (fo=115, routed)         1.818     1.818    Audio_Codec/initialize_audio/clk_out2
    SLICE_X158Y119       FDRE                                         r  Audio_Codec/initialize_audio/delaycnt_reg[23]/C
  -------------------------------------------------------------------    -------------------
    SLICE_X158Y119       FDRE (Prop_fdre_C_Q)         0.518     2.336 f  Audio_Codec/initialize_audio/delaycnt_reg[23]/Q
                         net (fo=3, routed)           0.819     3.156    Audio_Codec/initialize_audio/delaycnt[23]
    SLICE_X159Y118       LUT4 (Prop_lut4_I0_O)        0.124     3.280 f  Audio_Codec/initialize_audio/state[3]_i_12/O
                         net (fo=2, routed)           0.816     4.095    Audio_Codec/initialize_audio/state[3]_i_12_n_0
    SLICE_X159Y116       LUT5 (Prop_lut5_I4_O)        0.152     4.247 f  Audio_Codec/initialize_audio/state[3]_i_7/O
                         net (fo=1, routed)           0.433     4.681    Audio_Codec/initialize_audio/state[3]_i_7_n_0
    SLICE_X159Y116       LUT4 (Prop_lut4_I2_O)        0.326     5.007 f  Audio_Codec/initialize_audio/state[3]_i_3/O
                         net (fo=3, routed)           0.564     5.571    Audio_Codec/initialize_audio/twi_controller/initEn_reg
    SLICE_X157Y115       LUT6 (Prop_lut6_I5_O)        0.124     5.695 r  Audio_Codec/initialize_audio/twi_controller/state[3]_i_1/O
                         net (fo=4, routed)           0.600     6.295    Audio_Codec/initialize_audio/twi_controller_n_5
    SLICE_X157Y115       FDRE                                         r  Audio_Codec/initialize_audio/state_reg[3]/CE
  -------------------------------------------------------------------    -------------------

                         (clock clk_out2_clk_wiz_0 rise edge)
                                                     20.000    20.000 r  
    BUFGCTRL_X0Y2        BUFG                         0.000    20.000 r  clk_IBUF_BUFG_inst/O
                         net (fo=96, routed)          1.972    21.972    Audio_Codec/audiocodec_master_clock/inst/clk_in1
    MMCME2_ADV_X1Y0      MMCME2_ADV (Prop_mmcme2_adv_CLKIN1_CLKOUT1)
                                                     -4.637    17.335 r  Audio_Codec/audiocodec_master_clock/inst/mmcm_adv_inst/CLKOUT1
                         net (fo=1, routed)           2.574    19.909    Audio_Codec/audiocodec_master_clock/inst/clk_out2_clk_wiz_0
    BUFGCTRL_X0Y1        BUFG (Prop_bufg_I_O)         0.091    20.000 r  Audio_Codec/audiocodec_master_clock/inst/clkout2_buf/O
                         net (fo=115, routed)         1.705    21.705    Audio_Codec/initialize_audio/clk_out2
    SLICE_X157Y115       FDRE                                         r  Audio_Codec/initialize_audio/state_reg[3]/C
                         clock pessimism              0.089    21.794    
                         clock uncertainty           -0.084    21.711    
    SLICE_X157Y115       FDRE (Setup_fdre_C_CE)      -0.205    21.506    Audio_Codec/initialize_audio/state_reg[3]
  -------------------------------------------------------------------
                         required time                         21.506    
                         arrival time                          -6.295    
  -------------------------------------------------------------------
                         slack                                 15.211    

Slack (MET) :             15.340ns  (required time - arrival time)
  Source:                 Audio_Codec/initialize_audio/delaycnt_reg[23]/C
                            (rising edge-triggered cell FDRE clocked by clk_out2_clk_wiz_0  {rise@0.000ns fall@10.000ns period=20.000ns})
  Destination:            Audio_Codec/initialize_audio/state_reg[0]/CE
                            (rising edge-triggered cell FDRE clocked by clk_out2_clk_wiz_0  {rise@0.000ns fall@10.000ns period=20.000ns})
  Path Group:             clk_out2_clk_wiz_0
  Path Type:              Setup (Max at Slow Process Corner)
  Requirement:            20.000ns  (clk_out2_clk_wiz_0 rise@20.000ns - clk_out2_clk_wiz_0 rise@0.000ns)
  Data Path Delay:        4.348ns  (logic 1.244ns (28.610%)  route 3.104ns (71.390%))
  Logic Levels:           4  (LUT4=2 LUT5=1 LUT6=1)
  Clock Path Skew:        -0.023ns (DCD - SCD + CPR)
    Destination Clock Delay (DCD):    1.706ns = ( 21.706 - 20.000 ) 
    Source Clock Delay      (SCD):    1.818ns
    Clock Pessimism Removal (CPR):    0.089ns
  Clock Uncertainty:      0.084ns  ((TSJ^2 + DJ^2)^1/2) / 2 + PE
    Total System Jitter     (TSJ):    0.071ns
    Discrete Jitter          (DJ):    0.152ns
    Phase Error              (PE):    0.000ns

    Location             Delay type                Incr(ns)  Path(ns)    Netlist Resource(s)
  -------------------------------------------------------------------    -------------------
                         (clock clk_out2_clk_wiz_0 rise edge)
                                                      0.000     0.000 r  
    BUFGCTRL_X0Y2        BUFG                         0.000     0.000 r  clk_IBUF_BUFG_inst/O
                         net (fo=96, routed)          2.106     2.106    Audio_Codec/audiocodec_master_clock/inst/clk_in1
    MMCME2_ADV_X1Y0      MMCME2_ADV (Prop_mmcme2_adv_CLKIN1_CLKOUT1)
                                                     -4.900    -2.793 r  Audio_Codec/audiocodec_master_clock/inst/mmcm_adv_inst/CLKOUT1
                         net (fo=1, routed)           2.697    -0.096    Audio_Codec/audiocodec_master_clock/inst/clk_out2_clk_wiz_0
    BUFGCTRL_X0Y1        BUFG (Prop_bufg_I_O)         0.096    -0.000 r  Audio_Codec/audiocodec_master_clock/inst/clkout2_buf/O
                         net (fo=115, routed)         1.818     1.818    Audio_Codec/initialize_audio/clk_out2
    SLICE_X158Y119       FDRE                                         r  Audio_Codec/initialize_audio/delaycnt_reg[23]/C
  -------------------------------------------------------------------    -------------------
    SLICE_X158Y119       FDRE (Prop_fdre_C_Q)         0.518     2.336 f  Audio_Codec/initialize_audio/delaycnt_reg[23]/Q
                         net (fo=3, routed)           0.819     3.156    Audio_Codec/initialize_audio/delaycnt[23]
    SLICE_X159Y118       LUT4 (Prop_lut4_I0_O)        0.124     3.280 f  Audio_Codec/initialize_audio/state[3]_i_12/O
                         net (fo=2, routed)           0.816     4.095    Audio_Codec/initialize_audio/state[3]_i_12_n_0
    SLICE_X159Y116       LUT5 (Prop_lut5_I4_O)        0.152     4.247 f  Audio_Codec/initialize_audio/state[3]_i_7/O
                         net (fo=1, routed)           0.433     4.681    Audio_Codec/initialize_audio/state[3]_i_7_n_0
    SLICE_X159Y116       LUT4 (Prop_lut4_I2_O)        0.326     5.007 f  Audio_Codec/initialize_audio/state[3]_i_3/O
                         net (fo=3, routed)           0.564     5.571    Audio_Codec/initialize_audio/twi_controller/initEn_reg
    SLICE_X157Y115       LUT6 (Prop_lut6_I5_O)        0.124     5.695 r  Audio_Codec/initialize_audio/twi_controller/state[3]_i_1/O
                         net (fo=4, routed)           0.471     6.167    Audio_Codec/initialize_audio/twi_controller_n_5
    SLICE_X157Y114       FDRE                                         r  Audio_Codec/initialize_audio/state_reg[0]/CE
  -------------------------------------------------------------------    -------------------

                         (clock clk_out2_clk_wiz_0 rise edge)
                                                     20.000    20.000 r  
    BUFGCTRL_X0Y2        BUFG                         0.000    20.000 r  clk_IBUF_BUFG_inst/O
                         net (fo=96, routed)          1.972    21.972    Audio_Codec/audiocodec_master_clock/inst/clk_in1
    MMCME2_ADV_X1Y0      MMCME2_ADV (Prop_mmcme2_adv_CLKIN1_CLKOUT1)
                                                     -4.637    17.335 r  Audio_Codec/audiocodec_master_clock/inst/mmcm_adv_inst/CLKOUT1
                         net (fo=1, routed)           2.574    19.909    Audio_Codec/audiocodec_master_clock/inst/clk_out2_clk_wiz_0
    BUFGCTRL_X0Y1        BUFG (Prop_bufg_I_O)         0.091    20.000 r  Audio_Codec/audiocodec_master_clock/inst/clkout2_buf/O
                         net (fo=115, routed)         1.706    21.706    Audio_Codec/initialize_audio/clk_out2
    SLICE_X157Y114       FDRE                                         r  Audio_Codec/initialize_audio/state_reg[0]/C
                         clock pessimism              0.089    21.795    
                         clock uncertainty           -0.084    21.712    
    SLICE_X157Y114       FDRE (Setup_fdre_C_CE)      -0.205    21.507    Audio_Codec/initialize_audio/state_reg[0]
  -------------------------------------------------------------------
                         required time                         21.507    
                         arrival time                          -6.167    
  -------------------------------------------------------------------
                         slack                                 15.340    

Slack (MET) :             15.340ns  (required time - arrival time)
  Source:                 Audio_Codec/initialize_audio/delaycnt_reg[23]/C
                            (rising edge-triggered cell FDRE clocked by clk_out2_clk_wiz_0  {rise@0.000ns fall@10.000ns period=20.000ns})
  Destination:            Audio_Codec/initialize_audio/state_reg[1]/CE
                            (rising edge-triggered cell FDSE clocked by clk_out2_clk_wiz_0  {rise@0.000ns fall@10.000ns period=20.000ns})
  Path Group:             clk_out2_clk_wiz_0
  Path Type:              Setup (Max at Slow Process Corner)
  Requirement:            20.000ns  (clk_out2_clk_wiz_0 rise@20.000ns - clk_out2_clk_wiz_0 rise@0.000ns)
  Data Path Delay:        4.348ns  (logic 1.244ns (28.610%)  route 3.104ns (71.390%))
  Logic Levels:           4  (LUT4=2 LUT5=1 LUT6=1)
  Clock Path Skew:        -0.023ns (DCD - SCD + CPR)
    Destination Clock Delay (DCD):    1.706ns = ( 21.706 - 20.000 ) 
    Source Clock Delay      (SCD):    1.818ns
    Clock Pessimism Removal (CPR):    0.089ns
  Clock Uncertainty:      0.084ns  ((TSJ^2 + DJ^2)^1/2) / 2 + PE
    Total System Jitter     (TSJ):    0.071ns
    Discrete Jitter          (DJ):    0.152ns
    Phase Error              (PE):    0.000ns

    Location             Delay type                Incr(ns)  Path(ns)    Netlist Resource(s)
  -------------------------------------------------------------------    -------------------
                         (clock clk_out2_clk_wiz_0 rise edge)
                                                      0.000     0.000 r  
    BUFGCTRL_X0Y2        BUFG                         0.000     0.000 r  clk_IBUF_BUFG_inst/O
                         net (fo=96, routed)          2.106     2.106    Audio_Codec/audiocodec_master_clock/inst/clk_in1
    MMCME2_ADV_X1Y0      MMCME2_ADV (Prop_mmcme2_adv_CLKIN1_CLKOUT1)
                                                     -4.900    -2.793 r  Audio_Codec/audiocodec_master_clock/inst/mmcm_adv_inst/CLKOUT1
                         net (fo=1, routed)           2.697    -0.096    Audio_Codec/audiocodec_master_clock/inst/clk_out2_clk_wiz_0
    BUFGCTRL_X0Y1        BUFG (Prop_bufg_I_O)         0.096    -0.000 r  Audio_Codec/audiocodec_master_clock/inst/clkout2_buf/O
                         net (fo=115, routed)         1.818     1.818    Audio_Codec/initialize_audio/clk_out2
    SLICE_X158Y119       FDRE                                         r  Audio_Codec/initialize_audio/delaycnt_reg[23]/C
  -------------------------------------------------------------------    -------------------
    SLICE_X158Y119       FDRE (Prop_fdre_C_Q)         0.518     2.336 f  Audio_Codec/initialize_audio/delaycnt_reg[23]/Q
                         net (fo=3, routed)           0.819     3.156    Audio_Codec/initialize_audio/delaycnt[23]
    SLICE_X159Y118       LUT4 (Prop_lut4_I0_O)        0.124     3.280 f  Audio_Codec/initialize_audio/state[3]_i_12/O
                         net (fo=2, routed)           0.816     4.095    Audio_Codec/initialize_audio/state[3]_i_12_n_0
    SLICE_X159Y116       LUT5 (Prop_lut5_I4_O)        0.152     4.247 f  Audio_Codec/initialize_audio/state[3]_i_7/O
                         net (fo=1, routed)           0.433     4.681    Audio_Codec/initialize_audio/state[3]_i_7_n_0
    SLICE_X159Y116       LUT4 (Prop_lut4_I2_O)        0.326     5.007 f  Audio_Codec/initialize_audio/state[3]_i_3/O
                         net (fo=3, routed)           0.564     5.571    Audio_Codec/initialize_audio/twi_controller/initEn_reg
    SLICE_X157Y115       LUT6 (Prop_lut6_I5_O)        0.124     5.695 r  Audio_Codec/initialize_audio/twi_controller/state[3]_i_1/O
                         net (fo=4, routed)           0.471     6.167    Audio_Codec/initialize_audio/twi_controller_n_5
    SLICE_X157Y114       FDSE                                         r  Audio_Codec/initialize_audio/state_reg[1]/CE
  -------------------------------------------------------------------    -------------------

                         (clock clk_out2_clk_wiz_0 rise edge)
                                                     20.000    20.000 r  
    BUFGCTRL_X0Y2        BUFG                         0.000    20.000 r  clk_IBUF_BUFG_inst/O
                         net (fo=96, routed)          1.972    21.972    Audio_Codec/audiocodec_master_clock/inst/clk_in1
    MMCME2_ADV_X1Y0      MMCME2_ADV (Prop_mmcme2_adv_CLKIN1_CLKOUT1)
                                                     -4.637    17.335 r  Audio_Codec/audiocodec_master_clock/inst/mmcm_adv_inst/CLKOUT1
                         net (fo=1, routed)           2.574    19.909    Audio_Codec/audiocodec_master_clock/inst/clk_out2_clk_wiz_0
    BUFGCTRL_X0Y1        BUFG (Prop_bufg_I_O)         0.091    20.000 r  Audio_Codec/audiocodec_master_clock/inst/clkout2_buf/O
                         net (fo=115, routed)         1.706    21.706    Audio_Codec/initialize_audio/clk_out2
    SLICE_X157Y114       FDSE                                         r  Audio_Codec/initialize_audio/state_reg[1]/C
                         clock pessimism              0.089    21.795    
                         clock uncertainty           -0.084    21.712    
    SLICE_X157Y114       FDSE (Setup_fdse_C_CE)      -0.205    21.507    Audio_Codec/initialize_audio/state_reg[1]
  -------------------------------------------------------------------
                         required time                         21.507    
                         arrival time                          -6.167    
  -------------------------------------------------------------------
                         slack                                 15.340    

Slack (MET) :             15.413ns  (required time - arrival time)
  Source:                 Audio_Codec/initialize_audio/twi_controller/sclCnt_reg[0]/C
                            (rising edge-triggered cell FDSE clocked by clk_out2_clk_wiz_0  {rise@0.000ns fall@10.000ns period=20.000ns})
  Destination:            Audio_Codec/initialize_audio/twi_controller/bitCount_reg[0]/D
                            (rising edge-triggered cell FDRE clocked by clk_out2_clk_wiz_0  {rise@0.000ns fall@10.000ns period=20.000ns})
  Path Group:             clk_out2_clk_wiz_0
  Path Type:              Setup (Max at Slow Process Corner)
  Requirement:            20.000ns  (clk_out2_clk_wiz_0 rise@20.000ns - clk_out2_clk_wiz_0 rise@0.000ns)
  Data Path Delay:        4.411ns  (logic 1.210ns (27.429%)  route 3.201ns (72.571%))
  Logic Levels:           4  (LUT2=1 LUT3=1 LUT6=2)
  Clock Path Skew:        -0.025ns (DCD - SCD + CPR)
    Destination Clock Delay (DCD):    1.705ns = ( 21.705 - 20.000 ) 
    Source Clock Delay      (SCD):    1.819ns
    Clock Pessimism Removal (CPR):    0.089ns
  Clock Uncertainty:      0.084ns  ((TSJ^2 + DJ^2)^1/2) / 2 + PE
    Total System Jitter     (TSJ):    0.071ns
    Discrete Jitter          (DJ):    0.152ns
    Phase Error              (PE):    0.000ns

    Location             Delay type                Incr(ns)  Path(ns)    Netlist Resource(s)
  -------------------------------------------------------------------    -------------------
                         (clock clk_out2_clk_wiz_0 rise edge)
                                                      0.000     0.000 r  
    BUFGCTRL_X0Y2        BUFG                         0.000     0.000 r  clk_IBUF_BUFG_inst/O
                         net (fo=96, routed)          2.106     2.106    Audio_Codec/audiocodec_master_clock/inst/clk_in1
    MMCME2_ADV_X1Y0      MMCME2_ADV (Prop_mmcme2_adv_CLKIN1_CLKOUT1)
                                                     -4.900    -2.793 r  Audio_Codec/audiocodec_master_clock/inst/mmcm_adv_inst/CLKOUT1
                         net (fo=1, routed)           2.697    -0.096    Audio_Codec/audiocodec_master_clock/inst/clk_out2_clk_wiz_0
    BUFGCTRL_X0Y1        BUFG (Prop_bufg_I_O)         0.096    -0.000 r  Audio_Codec/audiocodec_master_clock/inst/clkout2_buf/O
                         net (fo=115, routed)         1.819     1.819    Audio_Codec/initialize_audio/twi_controller/clk_out2
    SLICE_X162Y120       FDSE                                         r  Audio_Codec/initialize_audio/twi_controller/sclCnt_reg[0]/C
  -------------------------------------------------------------------    -------------------
    SLICE_X162Y120       FDSE (Prop_fdse_C_Q)         0.518     2.337 f  Audio_Codec/initialize_audio/twi_controller/sclCnt_reg[0]/Q
                         net (fo=7, routed)           0.716     3.053    Audio_Codec/initialize_audio/twi_controller/sclCnt_reg[0]
    SLICE_X163Y120       LUT6 (Prop_lut6_I3_O)        0.124     3.177 f  Audio_Codec/initialize_audio/twi_controller/sclCnt[6]_i_4/O
                         net (fo=2, routed)           0.544     3.721    Audio_Codec/initialize_audio/twi_controller/sclCnt[6]_i_4_n_0
    SLICE_X163Y119       LUT2 (Prop_lut2_I1_O)        0.118     3.839 r  Audio_Codec/initialize_audio/twi_controller/subState[1]_i_2/O
                         net (fo=12, routed)          0.483     4.322    Audio_Codec/initialize_audio/twi_controller/subState[1]_i_2_n_0
    SLICE_X161Y117       LUT6 (Prop_lut6_I2_O)        0.326     4.648 r  Audio_Codec/initialize_audio/twi_controller/dataByte[7]_i_4/O
                         net (fo=4, routed)           0.885     5.533    Audio_Codec/initialize_audio/twi_controller/dataByte0
    SLICE_X160Y117       LUT3 (Prop_lut3_I1_O)        0.124     5.657 r  Audio_Codec/initialize_audio/twi_controller/bitCount[0]_i_1/O
                         net (fo=1, routed)           0.574     6.231    Audio_Codec/initialize_audio/twi_controller/bitCount[0]_i_1_n_0
    SLICE_X160Y117       FDRE                                         r  Audio_Codec/initialize_audio/twi_controller/bitCount_reg[0]/D
  -------------------------------------------------------------------    -------------------

                         (clock clk_out2_clk_wiz_0 rise edge)
                                                     20.000    20.000 r  
    BUFGCTRL_X0Y2        BUFG                         0.000    20.000 r  clk_IBUF_BUFG_inst/O
                         net (fo=96, routed)          1.972    21.972    Audio_Codec/audiocodec_master_clock/inst/clk_in1
    MMCME2_ADV_X1Y0      MMCME2_ADV (Prop_mmcme2_adv_CLKIN1_CLKOUT1)
                                                     -4.637    17.335 r  Audio_Codec/audiocodec_master_clock/inst/mmcm_adv_inst/CLKOUT1
                         net (fo=1, routed)           2.574    19.909    Audio_Codec/audiocodec_master_clock/inst/clk_out2_clk_wiz_0
    BUFGCTRL_X0Y1        BUFG (Prop_bufg_I_O)         0.091    20.000 r  Audio_Codec/audiocodec_master_clock/inst/clkout2_buf/O
                         net (fo=115, routed)         1.705    21.705    Audio_Codec/initialize_audio/twi_controller/clk_out2
    SLICE_X160Y117       FDRE                                         r  Audio_Codec/initialize_audio/twi_controller/bitCount_reg[0]/C
                         clock pessimism              0.089    21.794    
                         clock uncertainty           -0.084    21.711    
    SLICE_X160Y117       FDRE (Setup_fdre_C_D)       -0.067    21.644    Audio_Codec/initialize_audio/twi_controller/bitCount_reg[0]
  -------------------------------------------------------------------
                         required time                         21.644    
                         arrival time                          -6.231    
  -------------------------------------------------------------------
                         slack                                 15.413    

Slack (MET) :             15.583ns  (required time - arrival time)
  Source:                 Audio_Codec/initialize_audio/twi_controller/sclCnt_reg[0]/C
                            (rising edge-triggered cell FDSE clocked by clk_out2_clk_wiz_0  {rise@0.000ns fall@10.000ns period=20.000ns})
  Destination:            Audio_Codec/initialize_audio/twi_controller/dataByte_reg[1]/CE
                            (rising edge-triggered cell FDRE clocked by clk_out2_clk_wiz_0  {rise@0.000ns fall@10.000ns period=20.000ns})
  Path Group:             clk_out2_clk_wiz_0
  Path Type:              Setup (Max at Slow Process Corner)
  Requirement:            20.000ns  (clk_out2_clk_wiz_0 rise@20.000ns - clk_out2_clk_wiz_0 rise@0.000ns)
  Data Path Delay:        4.106ns  (logic 1.210ns (29.466%)  route 2.896ns (70.534%))
  Logic Levels:           4  (LUT2=2 LUT6=2)
  Clock Path Skew:        -0.022ns (DCD - SCD + CPR)
    Destination Clock Delay (DCD):    1.708ns = ( 21.708 - 20.000 ) 
    Source Clock Delay      (SCD):    1.819ns
    Clock Pessimism Removal (CPR):    0.089ns
  Clock Uncertainty:      0.084ns  ((TSJ^2 + DJ^2)^1/2) / 2 + PE
    Total System Jitter     (TSJ):    0.071ns
    Discrete Jitter          (DJ):    0.152ns
    Phase Error              (PE):    0.000ns

    Location             Delay type                Incr(ns)  Path(ns)    Netlist Resource(s)
  -------------------------------------------------------------------    -------------------
                         (clock clk_out2_clk_wiz_0 rise edge)
                                                      0.000     0.000 r  
    BUFGCTRL_X0Y2        BUFG                         0.000     0.000 r  clk_IBUF_BUFG_inst/O
                         net (fo=96, routed)          2.106     2.106    Audio_Codec/audiocodec_master_clock/inst/clk_in1
    MMCME2_ADV_X1Y0      MMCME2_ADV (Prop_mmcme2_adv_CLKIN1_CLKOUT1)
                                                     -4.900    -2.793 r  Audio_Codec/audiocodec_master_clock/inst/mmcm_adv_inst/CLKOUT1
                         net (fo=1, routed)           2.697    -0.096    Audio_Codec/audiocodec_master_clock/inst/clk_out2_clk_wiz_0
    BUFGCTRL_X0Y1        BUFG (Prop_bufg_I_O)         0.096    -0.000 r  Audio_Codec/audiocodec_master_clock/inst/clkout2_buf/O
                         net (fo=115, routed)         1.819     1.819    Audio_Codec/initialize_audio/twi_controller/clk_out2
    SLICE_X162Y120       FDSE                                         r  Audio_Codec/initialize_audio/twi_controller/sclCnt_reg[0]/C
  -------------------------------------------------------------------    -------------------
    SLICE_X162Y120       FDSE (Prop_fdse_C_Q)         0.518     2.337 f  Audio_Codec/initialize_audio/twi_controller/sclCnt_reg[0]/Q
                         net (fo=7, routed)           0.716     3.053    Audio_Codec/initialize_audio/twi_controller/sclCnt_reg[0]
    SLICE_X163Y120       LUT6 (Prop_lut6_I3_O)        0.124     3.177 f  Audio_Codec/initialize_audio/twi_controller/sclCnt[6]_i_4/O
                         net (fo=2, routed)           0.544     3.721    Audio_Codec/initialize_audio/twi_controller/sclCnt[6]_i_4_n_0
    SLICE_X163Y119       LUT2 (Prop_lut2_I1_O)        0.118     3.839 r  Audio_Codec/initialize_audio/twi_controller/subState[1]_i_2/O
                         net (fo=12, routed)          0.496     4.334    Audio_Codec/initialize_audio/twi_controller/subState[1]_i_2_n_0
    SLICE_X160Y117       LUT6 (Prop_lut6_I1_O)        0.326     4.660 r  Audio_Codec/initialize_audio/twi_controller/dataByte[7]_i_3/O
                         net (fo=4, routed)           0.517     5.177    Audio_Codec/initialize_audio/twi_controller/dataByte1
    SLICE_X161Y117       LUT2 (Prop_lut2_I0_O)        0.124     5.301 r  Audio_Codec/initialize_audio/twi_controller/dataByte[7]_i_1/O
                         net (fo=8, routed)           0.625     5.926    Audio_Codec/initialize_audio/twi_controller/dataByte[7]_i_1_n_0
    SLICE_X161Y114       FDRE                                         r  Audio_Codec/initialize_audio/twi_controller/dataByte_reg[1]/CE
  -------------------------------------------------------------------    -------------------

                         (clock clk_out2_clk_wiz_0 rise edge)
                                                     20.000    20.000 r  
    BUFGCTRL_X0Y2        BUFG                         0.000    20.000 r  clk_IBUF_BUFG_inst/O
                         net (fo=96, routed)          1.972    21.972    Audio_Codec/audiocodec_master_clock/inst/clk_in1
    MMCME2_ADV_X1Y0      MMCME2_ADV (Prop_mmcme2_adv_CLKIN1_CLKOUT1)
                                                     -4.637    17.335 r  Audio_Codec/audiocodec_master_clock/inst/mmcm_adv_inst/CLKOUT1
                         net (fo=1, routed)           2.574    19.909    Audio_Codec/audiocodec_master_clock/inst/clk_out2_clk_wiz_0
    BUFGCTRL_X0Y1        BUFG (Prop_bufg_I_O)         0.091    20.000 r  Audio_Codec/audiocodec_master_clock/inst/clkout2_buf/O
                         net (fo=115, routed)         1.708    21.708    Audio_Codec/initialize_audio/twi_controller/clk_out2
    SLICE_X161Y114       FDRE                                         r  Audio_Codec/initialize_audio/twi_controller/dataByte_reg[1]/C
                         clock pessimism              0.089    21.797    
                         clock uncertainty           -0.084    21.714    
    SLICE_X161Y114       FDRE (Setup_fdre_C_CE)      -0.205    21.509    Audio_Codec/initialize_audio/twi_controller/dataByte_reg[1]
  -------------------------------------------------------------------
                         required time                         21.509    
                         arrival time                          -5.926    
  -------------------------------------------------------------------
                         slack                                 15.583    





Min Delay Paths
--------------------------------------------------------------------------------------
Slack (MET) :             0.185ns  (arrival time - required time)
  Source:                 Audio_Codec/initialize_audio/initWord_reg[19]/C
                            (rising edge-triggered cell FDRE clocked by clk_out2_clk_wiz_0  {rise@0.000ns fall@10.000ns period=20.000ns})
  Destination:            Audio_Codec/initialize_audio/data_i_reg[3]/D
                            (rising edge-triggered cell FDRE clocked by clk_out2_clk_wiz_0  {rise@0.000ns fall@10.000ns period=20.000ns})
  Path Group:             clk_out2_clk_wiz_0
  Path Type:              Hold (Min at Fast Process Corner)
  Requirement:            0.000ns  (clk_out2_clk_wiz_0 rise@0.000ns - clk_out2_clk_wiz_0 rise@0.000ns)
  Data Path Delay:        0.316ns  (logic 0.186ns (58.887%)  route 0.130ns (41.113%))
  Logic Levels:           1  (LUT6=1)
  Clock Path Skew:        0.039ns (DCD - SCD - CPR)
    Destination Clock Delay (DCD):    0.916ns
    Source Clock Delay      (SCD):    0.643ns
    Clock Pessimism Removal (CPR):    0.234ns

    Location             Delay type                Incr(ns)  Path(ns)    Netlist Resource(s)
  -------------------------------------------------------------------    -------------------
                         (clock clk_out2_clk_wiz_0 rise edge)
                                                      0.000     0.000 r  
    BUFGCTRL_X0Y2        BUFG                         0.000     0.000 r  clk_IBUF_BUFG_inst/O
                         net (fo=96, routed)          0.745     0.745    Audio_Codec/audiocodec_master_clock/inst/clk_in1
    MMCME2_ADV_X1Y0      MMCME2_ADV (Prop_mmcme2_adv_CLKIN1_CLKOUT1)
                                                     -1.683    -0.938 r  Audio_Codec/audiocodec_master_clock/inst/mmcm_adv_inst/CLKOUT1
                         net (fo=1, routed)           0.912    -0.026    Audio_Codec/audiocodec_master_clock/inst/clk_out2_clk_wiz_0
    BUFGCTRL_X0Y1        BUFG (Prop_bufg_I_O)         0.026    -0.000 r  Audio_Codec/audiocodec_master_clock/inst/clkout2_buf/O
                         net (fo=115, routed)         0.643     0.643    Audio_Codec/initialize_audio/clk_out2
    SLICE_X156Y113       FDRE                                         r  Audio_Codec/initialize_audio/initWord_reg[19]/C
  -------------------------------------------------------------------    -------------------
    SLICE_X156Y113       FDRE (Prop_fdre_C_Q)         0.141     0.784 r  Audio_Codec/initialize_audio/initWord_reg[19]/Q
                         net (fo=2, routed)           0.130     0.913    Audio_Codec/initialize_audio/data1[3]
    SLICE_X160Y113       LUT6 (Prop_lut6_I1_O)        0.045     0.958 r  Audio_Codec/initialize_audio/data_i[3]_i_1/O
                         net (fo=1, routed)           0.000     0.958    Audio_Codec/initialize_audio/data_i[3]_i_1_n_0
    SLICE_X160Y113       FDRE                                         r  Audio_Codec/initialize_audio/data_i_reg[3]/D
  -------------------------------------------------------------------    -------------------

                         (clock clk_out2_clk_wiz_0 rise edge)
                                                      0.000     0.000 r  
    BUFGCTRL_X0Y2        BUFG                         0.000     0.000 r  clk_IBUF_BUFG_inst/O
                         net (fo=96, routed)          1.022     1.022    Audio_Codec/audiocodec_master_clock/inst/clk_in1
    MMCME2_ADV_X1Y0      MMCME2_ADV (Prop_mmcme2_adv_CLKIN1_CLKOUT1)
                                                     -2.040    -1.018 r  Audio_Codec/audiocodec_master_clock/inst/mmcm_adv_inst/CLKOUT1
                         net (fo=1, routed)           0.989    -0.029    Audio_Codec/audiocodec_master_clock/inst/clk_out2_clk_wiz_0
    BUFGCTRL_X0Y1        BUFG (Prop_bufg_I_O)         0.029    -0.000 r  Audio_Codec/audiocodec_master_clock/inst/clkout2_buf/O
                         net (fo=115, routed)         0.916     0.916    Audio_Codec/initialize_audio/clk_out2
    SLICE_X160Y113       FDRE                                         r  Audio_Codec/initialize_audio/data_i_reg[3]/C
                         clock pessimism             -0.234     0.682    
    SLICE_X160Y113       FDRE (Hold_fdre_C_D)         0.092     0.774    Audio_Codec/initialize_audio/data_i_reg[3]
  -------------------------------------------------------------------
                         required time                         -0.774    
                         arrival time                           0.958    
  -------------------------------------------------------------------
                         slack                                  0.185    

Slack (MET) :             0.186ns  (arrival time - required time)
  Source:                 Audio_Codec/initialize_audio/data_i_reg[3]/C
                            (rising edge-triggered cell FDRE clocked by clk_out2_clk_wiz_0  {rise@0.000ns fall@10.000ns period=20.000ns})
  Destination:            Audio_Codec/initialize_audio/twi_controller/dataByte_reg[3]/D
                            (rising edge-triggered cell FDRE clocked by clk_out2_clk_wiz_0  {rise@0.000ns fall@10.000ns period=20.000ns})
  Path Group:             clk_out2_clk_wiz_0
  Path Type:              Hold (Min at Fast Process Corner)
  Requirement:            0.000ns  (clk_out2_clk_wiz_0 rise@0.000ns - clk_out2_clk_wiz_0 rise@0.000ns)
  Data Path Delay:        0.293ns  (logic 0.186ns (63.482%)  route 0.107ns (36.518%))
  Logic Levels:           1  (LUT4=1)
  Clock Path Skew:        0.015ns (DCD - SCD - CPR)
    Destination Clock Delay (DCD):    0.916ns
    Source Clock Delay      (SCD):    0.644ns
    Clock Pessimism Removal (CPR):    0.257ns

    Location             Delay type                Incr(ns)  Path(ns)    Netlist Resource(s)
  -------------------------------------------------------------------    -------------------
                         (clock clk_out2_clk_wiz_0 rise edge)
                                                      0.000     0.000 r  
    BUFGCTRL_X0Y2        BUFG                         0.000     0.000 r  clk_IBUF_BUFG_inst/O
                         net (fo=96, routed)          0.745     0.745    Audio_Codec/audiocodec_master_clock/inst/clk_in1
    MMCME2_ADV_X1Y0      MMCME2_ADV (Prop_mmcme2_adv_CLKIN1_CLKOUT1)
                                                     -1.683    -0.938 r  Audio_Codec/audiocodec_master_clock/inst/mmcm_adv_inst/CLKOUT1
                         net (fo=1, routed)           0.912    -0.026    Audio_Codec/audiocodec_master_clock/inst/clk_out2_clk_wiz_0
    BUFGCTRL_X0Y1        BUFG (Prop_bufg_I_O)         0.026    -0.000 r  Audio_Codec/audiocodec_master_clock/inst/clkout2_buf/O
                         net (fo=115, routed)         0.644     0.644    Audio_Codec/initialize_audio/clk_out2
    SLICE_X160Y113       FDRE                                         r  Audio_Codec/initialize_audio/data_i_reg[3]/C
  -------------------------------------------------------------------    -------------------
    SLICE_X160Y113       FDRE (Prop_fdre_C_Q)         0.141     0.785 r  Audio_Codec/initialize_audio/data_i_reg[3]/Q
                         net (fo=1, routed)           0.107     0.892    Audio_Codec/initialize_audio/twi_controller/data_i[3]
    SLICE_X161Y114       LUT4 (Prop_lut4_I2_O)        0.045     0.937 r  Audio_Codec/initialize_audio/twi_controller/dataByte[3]_i_1/O
                         net (fo=1, routed)           0.000     0.937    Audio_Codec/initialize_audio/twi_controller/dataByte[3]_i_1_n_0
    SLICE_X161Y114       FDRE                                         r  Audio_Codec/initialize_audio/twi_controller/dataByte_reg[3]/D
  -------------------------------------------------------------------    -------------------

                         (clock clk_out2_clk_wiz_0 rise edge)
                                                      0.000     0.000 r  
    BUFGCTRL_X0Y2        BUFG                         0.000     0.000 r  clk_IBUF_BUFG_inst/O
                         net (fo=96, routed)          1.022     1.022    Audio_Codec/audiocodec_master_clock/inst/clk_in1
    MMCME2_ADV_X1Y0      MMCME2_ADV (Prop_mmcme2_adv_CLKIN1_CLKOUT1)
                                                     -2.040    -1.018 r  Audio_Codec/audiocodec_master_clock/inst/mmcm_adv_inst/CLKOUT1
                         net (fo=1, routed)           0.989    -0.029    Audio_Codec/audiocodec_master_clock/inst/clk_out2_clk_wiz_0
    BUFGCTRL_X0Y1        BUFG (Prop_bufg_I_O)         0.029    -0.000 r  Audio_Codec/audiocodec_master_clock/inst/clkout2_buf/O
                         net (fo=115, routed)         0.916     0.916    Audio_Codec/initialize_audio/twi_controller/clk_out2
    SLICE_X161Y114       FDRE                                         r  Audio_Codec/initialize_audio/twi_controller/dataByte_reg[3]/C
                         clock pessimism             -0.257     0.659    
    SLICE_X161Y114       FDRE (Hold_fdre_C_D)         0.092     0.751    Audio_Codec/initialize_audio/twi_controller/dataByte_reg[3]
  -------------------------------------------------------------------
                         required time                         -0.751    
                         arrival time                           0.937    
  -------------------------------------------------------------------
                         slack                                  0.186    

Slack (MET) :             0.189ns  (arrival time - required time)
  Source:                 Audio_Codec/initialize_audio/initWord_reg[13]/C
                            (rising edge-triggered cell FDRE clocked by clk_out2_clk_wiz_0  {rise@0.000ns fall@10.000ns period=20.000ns})
  Destination:            Audio_Codec/initialize_audio/data_i_reg[5]/D
                            (rising edge-triggered cell FDRE clocked by clk_out2_clk_wiz_0  {rise@0.000ns fall@10.000ns period=20.000ns})
  Path Group:             clk_out2_clk_wiz_0
  Path Type:              Hold (Min at Fast Process Corner)
  Requirement:            0.000ns  (clk_out2_clk_wiz_0 rise@0.000ns - clk_out2_clk_wiz_0 rise@0.000ns)
  Data Path Delay:        0.348ns  (logic 0.186ns (53.401%)  route 0.162ns (46.599%))
  Logic Levels:           1  (LUT6=1)
  Clock Path Skew:        0.039ns (DCD - SCD - CPR)
    Destination Clock Delay (DCD):    0.916ns
    Source Clock Delay      (SCD):    0.643ns
    Clock Pessimism Removal (CPR):    0.234ns

    Location             Delay type                Incr(ns)  Path(ns)    Netlist Resource(s)
  -------------------------------------------------------------------    -------------------
                         (clock clk_out2_clk_wiz_0 rise edge)
                                                      0.000     0.000 r  
    BUFGCTRL_X0Y2        BUFG                         0.000     0.000 r  clk_IBUF_BUFG_inst/O
                         net (fo=96, routed)          0.745     0.745    Audio_Codec/audiocodec_master_clock/inst/clk_in1
    MMCME2_ADV_X1Y0      MMCME2_ADV (Prop_mmcme2_adv_CLKIN1_CLKOUT1)
                                                     -1.683    -0.938 r  Audio_Codec/audiocodec_master_clock/inst/mmcm_adv_inst/CLKOUT1
                         net (fo=1, routed)           0.912    -0.026    Audio_Codec/audiocodec_master_clock/inst/clk_out2_clk_wiz_0
    BUFGCTRL_X0Y1        BUFG (Prop_bufg_I_O)         0.026    -0.000 r  Audio_Codec/audiocodec_master_clock/inst/clkout2_buf/O
                         net (fo=115, routed)         0.643     0.643    Audio_Codec/initialize_audio/clk_out2
    SLICE_X157Y113       FDRE                                         r  Audio_Codec/initialize_audio/initWord_reg[13]/C
  -------------------------------------------------------------------    -------------------
    SLICE_X157Y113       FDRE (Prop_fdre_C_Q)         0.141     0.784 r  Audio_Codec/initialize_audio/initWord_reg[13]/Q
                         net (fo=1, routed)           0.162     0.946    Audio_Codec/initialize_audio/data2[5]
    SLICE_X162Y113       LUT6 (Prop_lut6_I0_O)        0.045     0.991 r  Audio_Codec/initialize_audio/data_i[5]_i_2/O
                         net (fo=1, routed)           0.000     0.991    Audio_Codec/initialize_audio/data_i[5]_i_2_n_0
    SLICE_X162Y113       FDRE                                         r  Audio_Codec/initialize_audio/data_i_reg[5]/D
  -------------------------------------------------------------------    -------------------

                         (clock clk_out2_clk_wiz_0 rise edge)
                                                      0.000     0.000 r  
    BUFGCTRL_X0Y2        BUFG                         0.000     0.000 r  clk_IBUF_BUFG_inst/O
                         net (fo=96, routed)          1.022     1.022    Audio_Codec/audiocodec_master_clock/inst/clk_in1
    MMCME2_ADV_X1Y0      MMCME2_ADV (Prop_mmcme2_adv_CLKIN1_CLKOUT1)
                                                     -2.040    -1.018 r  Audio_Codec/audiocodec_master_clock/inst/mmcm_adv_inst/CLKOUT1
                         net (fo=1, routed)           0.989    -0.029    Audio_Codec/audiocodec_master_clock/inst/clk_out2_clk_wiz_0
    BUFGCTRL_X0Y1        BUFG (Prop_bufg_I_O)         0.029    -0.000 r  Audio_Codec/audiocodec_master_clock/inst/clkout2_buf/O
                         net (fo=115, routed)         0.916     0.916    Audio_Codec/initialize_audio/clk_out2
    SLICE_X162Y113       FDRE                                         r  Audio_Codec/initialize_audio/data_i_reg[5]/C
                         clock pessimism             -0.234     0.682    
    SLICE_X162Y113       FDRE (Hold_fdre_C_D)         0.120     0.802    Audio_Codec/initialize_audio/data_i_reg[5]
  -------------------------------------------------------------------
                         required time                         -0.802    
                         arrival time                           0.991    
  -------------------------------------------------------------------
                         slack                                  0.189    

Slack (MET) :             0.196ns  (arrival time - required time)
  Source:                 Audio_Codec/initialize_audio/initWord_reg[0]/C
                            (rising edge-triggered cell FDRE clocked by clk_out2_clk_wiz_0  {rise@0.000ns fall@10.000ns period=20.000ns})
  Destination:            Audio_Codec/initialize_audio/data_i_reg[0]/D
                            (rising edge-triggered cell FDRE clocked by clk_out2_clk_wiz_0  {rise@0.000ns fall@10.000ns period=20.000ns})
  Path Group:             clk_out2_clk_wiz_0
  Path Type:              Hold (Min at Fast Process Corner)
  Requirement:            0.000ns  (clk_out2_clk_wiz_0 rise@0.000ns - clk_out2_clk_wiz_0 rise@0.000ns)
  Data Path Delay:        0.327ns  (logic 0.186ns (56.818%)  route 0.141ns (43.182%))
  Logic Levels:           1  (LUT6=1)
  Clock Path Skew:        0.039ns (DCD - SCD - CPR)
    Destination Clock Delay (DCD):    0.916ns
    Source Clock Delay      (SCD):    0.643ns
    Clock Pessimism Removal (CPR):    0.234ns

    Location             Delay type                Incr(ns)  Path(ns)    Netlist Resource(s)
  -------------------------------------------------------------------    -------------------
                         (clock clk_out2_clk_wiz_0 rise edge)
                                                      0.000     0.000 r  
    BUFGCTRL_X0Y2        BUFG                         0.000     0.000 r  clk_IBUF_BUFG_inst/O
                         net (fo=96, routed)          0.745     0.745    Audio_Codec/audiocodec_master_clock/inst/clk_in1
    MMCME2_ADV_X1Y0      MMCME2_ADV (Prop_mmcme2_adv_CLKIN1_CLKOUT1)
                                                     -1.683    -0.938 r  Audio_Codec/audiocodec_master_clock/inst/mmcm_adv_inst/CLKOUT1
                         net (fo=1, routed)           0.912    -0.026    Audio_Codec/audiocodec_master_clock/inst/clk_out2_clk_wiz_0
    BUFGCTRL_X0Y1        BUFG (Prop_bufg_I_O)         0.026    -0.000 r  Audio_Codec/audiocodec_master_clock/inst/clkout2_buf/O
                         net (fo=115, routed)         0.643     0.643    Audio_Codec/initialize_audio/clk_out2
    SLICE_X159Y113       FDRE                                         r  Audio_Codec/initialize_audio/initWord_reg[0]/C
  -------------------------------------------------------------------    -------------------
    SLICE_X159Y113       FDRE (Prop_fdre_C_Q)         0.141     0.784 r  Audio_Codec/initialize_audio/initWord_reg[0]/Q
                         net (fo=4, routed)           0.141     0.925    Audio_Codec/initialize_audio/initWord_reg_n_0_[0]
    SLICE_X160Y113       LUT6 (Prop_lut6_I2_O)        0.045     0.970 r  Audio_Codec/initialize_audio/data_i[0]_i_1/O
                         net (fo=1, routed)           0.000     0.970    Audio_Codec/initialize_audio/data_i[0]_i_1_n_0
    SLICE_X160Y113       FDRE                                         r  Audio_Codec/initialize_audio/data_i_reg[0]/D
  -------------------------------------------------------------------    -------------------

                         (clock clk_out2_clk_wiz_0 rise edge)
                                                      0.000     0.000 r  
    BUFGCTRL_X0Y2        BUFG                         0.000     0.000 r  clk_IBUF_BUFG_inst/O
                         net (fo=96, routed)          1.022     1.022    Audio_Codec/audiocodec_master_clock/inst/clk_in1
    MMCME2_ADV_X1Y0      MMCME2_ADV (Prop_mmcme2_adv_CLKIN1_CLKOUT1)
                                                     -2.040    -1.018 r  Audio_Codec/audiocodec_master_clock/inst/mmcm_adv_inst/CLKOUT1
                         net (fo=1, routed)           0.989    -0.029    Audio_Codec/audiocodec_master_clock/inst/clk_out2_clk_wiz_0
    BUFGCTRL_X0Y1        BUFG (Prop_bufg_I_O)         0.029    -0.000 r  Audio_Codec/audiocodec_master_clock/inst/clkout2_buf/O
                         net (fo=115, routed)         0.916     0.916    Audio_Codec/initialize_audio/clk_out2
    SLICE_X160Y113       FDRE                                         r  Audio_Codec/initialize_audio/data_i_reg[0]/C
                         clock pessimism             -0.234     0.682    
    SLICE_X160Y113       FDRE (Hold_fdre_C_D)         0.092     0.774    Audio_Codec/initialize_audio/data_i_reg[0]
  -------------------------------------------------------------------
                         required time                         -0.774    
                         arrival time                           0.970    
  -------------------------------------------------------------------
                         slack                                  0.196    

Slack (MET) :             0.198ns  (arrival time - required time)
  Source:                 Audio_Codec/initialize_audio/initWord_reg[23]/C
                            (rising edge-triggered cell FDRE clocked by clk_out2_clk_wiz_0  {rise@0.000ns fall@10.000ns period=20.000ns})
  Destination:            Audio_Codec/initialize_audio/data_i_reg[7]/D
                            (rising edge-triggered cell FDRE clocked by clk_out2_clk_wiz_0  {rise@0.000ns fall@10.000ns period=20.000ns})
  Path Group:             clk_out2_clk_wiz_0
  Path Type:              Hold (Min at Fast Process Corner)
  Requirement:            0.000ns  (clk_out2_clk_wiz_0 rise@0.000ns - clk_out2_clk_wiz_0 rise@0.000ns)
  Data Path Delay:        0.357ns  (logic 0.186ns (52.080%)  route 0.171ns (47.920%))
  Logic Levels:           1  (LUT6=1)
  Clock Path Skew:        0.039ns (DCD - SCD - CPR)
    Destination Clock Delay (DCD):    0.916ns
    Source Clock Delay      (SCD):    0.643ns
    Clock Pessimism Removal (CPR):    0.234ns

    Location             Delay type                Incr(ns)  Path(ns)    Netlist Resource(s)
  -------------------------------------------------------------------    -------------------
                         (clock clk_out2_clk_wiz_0 rise edge)
                                                      0.000     0.000 r  
    BUFGCTRL_X0Y2        BUFG                         0.000     0.000 r  clk_IBUF_BUFG_inst/O
                         net (fo=96, routed)          0.745     0.745    Audio_Codec/audiocodec_master_clock/inst/clk_in1
    MMCME2_ADV_X1Y0      MMCME2_ADV (Prop_mmcme2_adv_CLKIN1_CLKOUT1)
                                                     -1.683    -0.938 r  Audio_Codec/audiocodec_master_clock/inst/mmcm_adv_inst/CLKOUT1
                         net (fo=1, routed)           0.912    -0.026    Audio_Codec/audiocodec_master_clock/inst/clk_out2_clk_wiz_0
    BUFGCTRL_X0Y1        BUFG (Prop_bufg_I_O)         0.026    -0.000 r  Audio_Codec/audiocodec_master_clock/inst/clkout2_buf/O
                         net (fo=115, routed)         0.643     0.643    Audio_Codec/initialize_audio/clk_out2
    SLICE_X159Y114       FDRE                                         r  Audio_Codec/initialize_audio/initWord_reg[23]/C
  -------------------------------------------------------------------    -------------------
    SLICE_X159Y114       FDRE (Prop_fdre_C_Q)         0.141     0.784 r  Audio_Codec/initialize_audio/initWord_reg[23]/Q
                         net (fo=3, routed)           0.171     0.955    Audio_Codec/initialize_audio/data1[7]
    SLICE_X162Y114       LUT6 (Prop_lut6_I2_O)        0.045     1.000 r  Audio_Codec/initialize_audio/data_i[7]_i_1/O
                         net (fo=1, routed)           0.000     1.000    Audio_Codec/initialize_audio/data_i[7]_i_1_n_0
    SLICE_X162Y114       FDRE                                         r  Audio_Codec/initialize_audio/data_i_reg[7]/D
  -------------------------------------------------------------------    -------------------

                         (clock clk_out2_clk_wiz_0 rise edge)
                                                      0.000     0.000 r  
    BUFGCTRL_X0Y2        BUFG                         0.000     0.000 r  clk_IBUF_BUFG_inst/O
                         net (fo=96, routed)          1.022     1.022    Audio_Codec/audiocodec_master_clock/inst/clk_in1
    MMCME2_ADV_X1Y0      MMCME2_ADV (Prop_mmcme2_adv_CLKIN1_CLKOUT1)
                                                     -2.040    -1.018 r  Audio_Codec/audiocodec_master_clock/inst/mmcm_adv_inst/CLKOUT1
                         net (fo=1, routed)           0.989    -0.029    Audio_Codec/audiocodec_master_clock/inst/clk_out2_clk_wiz_0
    BUFGCTRL_X0Y1        BUFG (Prop_bufg_I_O)         0.029    -0.000 r  Audio_Codec/audiocodec_master_clock/inst/clkout2_buf/O
                         net (fo=115, routed)         0.916     0.916    Audio_Codec/initialize_audio/clk_out2
    SLICE_X162Y114       FDRE                                         r  Audio_Codec/initialize_audio/data_i_reg[7]/C
                         clock pessimism             -0.234     0.682    
    SLICE_X162Y114       FDRE (Hold_fdre_C_D)         0.120     0.802    Audio_Codec/initialize_audio/data_i_reg[7]
  -------------------------------------------------------------------
                         required time                         -0.802    
                         arrival time                           1.000    
  -------------------------------------------------------------------
                         slack                                  0.198    

Slack (MET) :             0.214ns  (arrival time - required time)
  Source:                 Audio_Codec/initialize_audio/state_reg[3]/C
                            (rising edge-triggered cell FDRE clocked by clk_out2_clk_wiz_0  {rise@0.000ns fall@10.000ns period=20.000ns})
  Destination:            Audio_Codec/initialize_audio/initA_reg[0]/D
                            (rising edge-triggered cell FDRE clocked by clk_out2_clk_wiz_0  {rise@0.000ns fall@10.000ns period=20.000ns})
  Path Group:             clk_out2_clk_wiz_0
  Path Type:              Hold (Min at Fast Process Corner)
  Requirement:            0.000ns  (clk_out2_clk_wiz_0 rise@0.000ns - clk_out2_clk_wiz_0 rise@0.000ns)
  Data Path Delay:        0.319ns  (logic 0.186ns (58.263%)  route 0.133ns (41.737%))
  Logic Levels:           1  (LUT6=1)
  Clock Path Skew:        0.013ns (DCD - SCD - CPR)
    Destination Clock Delay (DCD):    0.914ns
    Source Clock Delay      (SCD):    0.643ns
    Clock Pessimism Removal (CPR):    0.258ns

    Location             Delay type                Incr(ns)  Path(ns)    Netlist Resource(s)
  -------------------------------------------------------------------    -------------------
                         (clock clk_out2_clk_wiz_0 rise edge)
                                                      0.000     0.000 r  
    BUFGCTRL_X0Y2        BUFG                         0.000     0.000 r  clk_IBUF_BUFG_inst/O
                         net (fo=96, routed)          0.745     0.745    Audio_Codec/audiocodec_master_clock/inst/clk_in1
    MMCME2_ADV_X1Y0      MMCME2_ADV (Prop_mmcme2_adv_CLKIN1_CLKOUT1)
                                                     -1.683    -0.938 r  Audio_Codec/audiocodec_master_clock/inst/mmcm_adv_inst/CLKOUT1
                         net (fo=1, routed)           0.912    -0.026    Audio_Codec/audiocodec_master_clock/inst/clk_out2_clk_wiz_0
    BUFGCTRL_X0Y1        BUFG (Prop_bufg_I_O)         0.026    -0.000 r  Audio_Codec/audiocodec_master_clock/inst/clkout2_buf/O
                         net (fo=115, routed)         0.643     0.643    Audio_Codec/initialize_audio/clk_out2
    SLICE_X157Y115       FDRE                                         r  Audio_Codec/initialize_audio/state_reg[3]/C
  -------------------------------------------------------------------    -------------------
    SLICE_X157Y115       FDRE (Prop_fdre_C_Q)         0.141     0.784 r  Audio_Codec/initialize_audio/state_reg[3]/Q
                         net (fo=17, routed)          0.133     0.917    Audio_Codec/initialize_audio/twi_controller/Q[3]
    SLICE_X156Y115       LUT6 (Prop_lut6_I3_O)        0.045     0.962 r  Audio_Codec/initialize_audio/twi_controller/initA[0]_i_1/O
                         net (fo=1, routed)           0.000     0.962    Audio_Codec/initialize_audio/twi_controller_n_6
    SLICE_X156Y115       FDRE                                         r  Audio_Codec/initialize_audio/initA_reg[0]/D
  -------------------------------------------------------------------    -------------------

                         (clock clk_out2_clk_wiz_0 rise edge)
                                                      0.000     0.000 r  
    BUFGCTRL_X0Y2        BUFG                         0.000     0.000 r  clk_IBUF_BUFG_inst/O
                         net (fo=96, routed)          1.022     1.022    Audio_Codec/audiocodec_master_clock/inst/clk_in1
    MMCME2_ADV_X1Y0      MMCME2_ADV (Prop_mmcme2_adv_CLKIN1_CLKOUT1)
                                                     -2.040    -1.018 r  Audio_Codec/audiocodec_master_clock/inst/mmcm_adv_inst/CLKOUT1
                         net (fo=1, routed)           0.989    -0.029    Audio_Codec/audiocodec_master_clock/inst/clk_out2_clk_wiz_0
    BUFGCTRL_X0Y1        BUFG (Prop_bufg_I_O)         0.029    -0.000 r  Audio_Codec/audiocodec_master_clock/inst/clkout2_buf/O
                         net (fo=115, routed)         0.914     0.914    Audio_Codec/initialize_audio/clk_out2
    SLICE_X156Y115       FDRE                                         r  Audio_Codec/initialize_audio/initA_reg[0]/C
                         clock pessimism             -0.258     0.656    
    SLICE_X156Y115       FDRE (Hold_fdre_C_D)         0.092     0.748    Audio_Codec/initialize_audio/initA_reg[0]
  -------------------------------------------------------------------
                         required time                         -0.748    
                         arrival time                           0.962    
  -------------------------------------------------------------------
                         slack                                  0.214    

Slack (MET) :             0.219ns  (arrival time - required time)
  Source:                 Audio_Codec/initialize_audio/twi_controller/sclCnt_reg[0]/C
                            (rising edge-triggered cell FDSE clocked by clk_out2_clk_wiz_0  {rise@0.000ns fall@10.000ns period=20.000ns})
  Destination:            Audio_Codec/initialize_audio/twi_controller/sclCnt_reg[2]/D
                            (rising edge-triggered cell FDSE clocked by clk_out2_clk_wiz_0  {rise@0.000ns fall@10.000ns period=20.000ns})
  Path Group:             clk_out2_clk_wiz_0
  Path Type:              Hold (Min at Fast Process Corner)
  Requirement:            0.000ns  (clk_out2_clk_wiz_0 rise@0.000ns - clk_out2_clk_wiz_0 rise@0.000ns)
  Data Path Delay:        0.339ns  (logic 0.212ns (62.626%)  route 0.127ns (37.374%))
  Logic Levels:           1  (LUT3=1)
  Clock Path Skew:        0.013ns (DCD - SCD - CPR)
    Destination Clock Delay (DCD):    0.910ns
    Source Clock Delay      (SCD):    0.639ns
    Clock Pessimism Removal (CPR):    0.258ns

    Location             Delay type                Incr(ns)  Path(ns)    Netlist Resource(s)
  -------------------------------------------------------------------    -------------------
                         (clock clk_out2_clk_wiz_0 rise edge)
                                                      0.000     0.000 r  
    BUFGCTRL_X0Y2        BUFG                         0.000     0.000 r  clk_IBUF_BUFG_inst/O
                         net (fo=96, routed)          0.745     0.745    Audio_Codec/audiocodec_master_clock/inst/clk_in1
    MMCME2_ADV_X1Y0      MMCME2_ADV (Prop_mmcme2_adv_CLKIN1_CLKOUT1)
                                                     -1.683    -0.938 r  Audio_Codec/audiocodec_master_clock/inst/mmcm_adv_inst/CLKOUT1
                         net (fo=1, routed)           0.912    -0.026    Audio_Codec/audiocodec_master_clock/inst/clk_out2_clk_wiz_0
    BUFGCTRL_X0Y1        BUFG (Prop_bufg_I_O)         0.026    -0.000 r  Audio_Codec/audiocodec_master_clock/inst/clkout2_buf/O
                         net (fo=115, routed)         0.639     0.639    Audio_Codec/initialize_audio/twi_controller/clk_out2
    SLICE_X162Y120       FDSE                                         r  Audio_Codec/initialize_audio/twi_controller/sclCnt_reg[0]/C
  -------------------------------------------------------------------    -------------------
    SLICE_X162Y120       FDSE (Prop_fdse_C_Q)         0.164     0.803 r  Audio_Codec/initialize_audio/twi_controller/sclCnt_reg[0]/Q
                         net (fo=7, routed)           0.127     0.929    Audio_Codec/initialize_audio/twi_controller/sclCnt_reg[0]
    SLICE_X163Y120       LUT3 (Prop_lut3_I1_O)        0.048     0.977 r  Audio_Codec/initialize_audio/twi_controller/sclCnt[2]_i_1/O
                         net (fo=1, routed)           0.000     0.977    Audio_Codec/initialize_audio/twi_controller/sclCnt0[2]
    SLICE_X163Y120       FDSE                                         r  Audio_Codec/initialize_audio/twi_controller/sclCnt_reg[2]/D
  -------------------------------------------------------------------    -------------------

                         (clock clk_out2_clk_wiz_0 rise edge)
                                                      0.000     0.000 r  
    BUFGCTRL_X0Y2        BUFG                         0.000     0.000 r  clk_IBUF_BUFG_inst/O
                         net (fo=96, routed)          1.022     1.022    Audio_Codec/audiocodec_master_clock/inst/clk_in1
    MMCME2_ADV_X1Y0      MMCME2_ADV (Prop_mmcme2_adv_CLKIN1_CLKOUT1)
                                                     -2.040    -1.018 r  Audio_Codec/audiocodec_master_clock/inst/mmcm_adv_inst/CLKOUT1
                         net (fo=1, routed)           0.989    -0.029    Audio_Codec/audiocodec_master_clock/inst/clk_out2_clk_wiz_0
    BUFGCTRL_X0Y1        BUFG (Prop_bufg_I_O)         0.029    -0.000 r  Audio_Codec/audiocodec_master_clock/inst/clkout2_buf/O
                         net (fo=115, routed)         0.910     0.910    Audio_Codec/initialize_audio/twi_controller/clk_out2
    SLICE_X163Y120       FDSE                                         r  Audio_Codec/initialize_audio/twi_controller/sclCnt_reg[2]/C
                         clock pessimism             -0.258     0.652    
    SLICE_X163Y120       FDSE (Hold_fdse_C_D)         0.107     0.759    Audio_Codec/initialize_audio/twi_controller/sclCnt_reg[2]
  -------------------------------------------------------------------
                         required time                         -0.759    
                         arrival time                           0.977    
  -------------------------------------------------------------------
                         slack                                  0.219    

Slack (MET) :             0.220ns  (arrival time - required time)
  Source:                 Audio_Codec/initialize_audio/initWord_reg[12]/C
                            (rising edge-triggered cell FDRE clocked by clk_out2_clk_wiz_0  {rise@0.000ns fall@10.000ns period=20.000ns})
  Destination:            Audio_Codec/initialize_audio/data_i_reg[4]/D
                            (rising edge-triggered cell FDRE clocked by clk_out2_clk_wiz_0  {rise@0.000ns fall@10.000ns period=20.000ns})
  Path Group:             clk_out2_clk_wiz_0
  Path Type:              Hold (Min at Fast Process Corner)
  Requirement:            0.000ns  (clk_out2_clk_wiz_0 rise@0.000ns - clk_out2_clk_wiz_0 rise@0.000ns)
  Data Path Delay:        0.326ns  (logic 0.186ns (57.099%)  route 0.140ns (42.901%))
  Logic Levels:           1  (LUT6=1)
  Clock Path Skew:        0.015ns (DCD - SCD - CPR)
    Destination Clock Delay (DCD):    0.916ns
    Source Clock Delay      (SCD):    0.644ns
    Clock Pessimism Removal (CPR):    0.257ns

    Location             Delay type                Incr(ns)  Path(ns)    Netlist Resource(s)
  -------------------------------------------------------------------    -------------------
                         (clock clk_out2_clk_wiz_0 rise edge)
                                                      0.000     0.000 r  
    BUFGCTRL_X0Y2        BUFG                         0.000     0.000 r  clk_IBUF_BUFG_inst/O
                         net (fo=96, routed)          0.745     0.745    Audio_Codec/audiocodec_master_clock/inst/clk_in1
    MMCME2_ADV_X1Y0      MMCME2_ADV (Prop_mmcme2_adv_CLKIN1_CLKOUT1)
                                                     -1.683    -0.938 r  Audio_Codec/audiocodec_master_clock/inst/mmcm_adv_inst/CLKOUT1
                         net (fo=1, routed)           0.912    -0.026    Audio_Codec/audiocodec_master_clock/inst/clk_out2_clk_wiz_0
    BUFGCTRL_X0Y1        BUFG (Prop_bufg_I_O)         0.026    -0.000 r  Audio_Codec/audiocodec_master_clock/inst/clkout2_buf/O
                         net (fo=115, routed)         0.644     0.644    Audio_Codec/initialize_audio/clk_out2
    SLICE_X160Y114       FDRE                                         r  Audio_Codec/initialize_audio/initWord_reg[12]/C
  -------------------------------------------------------------------    -------------------
    SLICE_X160Y114       FDRE (Prop_fdre_C_Q)         0.141     0.785 r  Audio_Codec/initialize_audio/initWord_reg[12]/Q
                         net (fo=1, routed)           0.140     0.924    Audio_Codec/initialize_audio/data2[4]
    SLICE_X161Y113       LUT6 (Prop_lut6_I5_O)        0.045     0.969 r  Audio_Codec/initialize_audio/data_i[4]_i_1/O
                         net (fo=1, routed)           0.000     0.969    Audio_Codec/initialize_audio/data_i[4]_i_1_n_0
    SLICE_X161Y113       FDRE                                         r  Audio_Codec/initialize_audio/data_i_reg[4]/D
  -------------------------------------------------------------------    -------------------

                         (clock clk_out2_clk_wiz_0 rise edge)
                                                      0.000     0.000 r  
    BUFGCTRL_X0Y2        BUFG                         0.000     0.000 r  clk_IBUF_BUFG_inst/O
                         net (fo=96, routed)          1.022     1.022    Audio_Codec/audiocodec_master_clock/inst/clk_in1
    MMCME2_ADV_X1Y0      MMCME2_ADV (Prop_mmcme2_adv_CLKIN1_CLKOUT1)
                                                     -2.040    -1.018 r  Audio_Codec/audiocodec_master_clock/inst/mmcm_adv_inst/CLKOUT1
                         net (fo=1, routed)           0.989    -0.029    Audio_Codec/audiocodec_master_clock/inst/clk_out2_clk_wiz_0
    BUFGCTRL_X0Y1        BUFG (Prop_bufg_I_O)         0.029    -0.000 r  Audio_Codec/audiocodec_master_clock/inst/clkout2_buf/O
                         net (fo=115, routed)         0.916     0.916    Audio_Codec/initialize_audio/clk_out2
    SLICE_X161Y113       FDRE                                         r  Audio_Codec/initialize_audio/data_i_reg[4]/C
                         clock pessimism             -0.257     0.659    
    SLICE_X161Y113       FDRE (Hold_fdre_C_D)         0.091     0.750    Audio_Codec/initialize_audio/data_i_reg[4]
  -------------------------------------------------------------------
                         required time                         -0.750    
                         arrival time                           0.969    
  -------------------------------------------------------------------
                         slack                                  0.220    

Slack (MET) :             0.221ns  (arrival time - required time)
  Source:                 Audio_Codec/initialize_audio/twi_controller/sclCnt_reg[0]/C
                            (rising edge-triggered cell FDSE clocked by clk_out2_clk_wiz_0  {rise@0.000ns fall@10.000ns period=20.000ns})
  Destination:            Audio_Codec/initialize_audio/twi_controller/sclCnt_reg[4]/D
                            (rising edge-triggered cell FDSE clocked by clk_out2_clk_wiz_0  {rise@0.000ns fall@10.000ns period=20.000ns})
  Path Group:             clk_out2_clk_wiz_0
  Path Type:              Hold (Min at Fast Process Corner)
  Requirement:            0.000ns  (clk_out2_clk_wiz_0 rise@0.000ns - clk_out2_clk_wiz_0 rise@0.000ns)
  Data Path Delay:        0.341ns  (logic 0.213ns (62.551%)  route 0.128ns (37.449%))
  Logic Levels:           1  (LUT5=1)
  Clock Path Skew:        0.013ns (DCD - SCD - CPR)
    Destination Clock Delay (DCD):    0.910ns
    Source Clock Delay      (SCD):    0.639ns
    Clock Pessimism Removal (CPR):    0.258ns

    Location             Delay type                Incr(ns)  Path(ns)    Netlist Resource(s)
  -------------------------------------------------------------------    -------------------
                         (clock clk_out2_clk_wiz_0 rise edge)
                                                      0.000     0.000 r  
    BUFGCTRL_X0Y2        BUFG                         0.000     0.000 r  clk_IBUF_BUFG_inst/O
                         net (fo=96, routed)          0.745     0.745    Audio_Codec/audiocodec_master_clock/inst/clk_in1
    MMCME2_ADV_X1Y0      MMCME2_ADV (Prop_mmcme2_adv_CLKIN1_CLKOUT1)
                                                     -1.683    -0.938 r  Audio_Codec/audiocodec_master_clock/inst/mmcm_adv_inst/CLKOUT1
                         net (fo=1, routed)           0.912    -0.026    Audio_Codec/audiocodec_master_clock/inst/clk_out2_clk_wiz_0
    BUFGCTRL_X0Y1        BUFG (Prop_bufg_I_O)         0.026    -0.000 r  Audio_Codec/audiocodec_master_clock/inst/clkout2_buf/O
                         net (fo=115, routed)         0.639     0.639    Audio_Codec/initialize_audio/twi_controller/clk_out2
    SLICE_X162Y120       FDSE                                         r  Audio_Codec/initialize_audio/twi_controller/sclCnt_reg[0]/C
  -------------------------------------------------------------------    -------------------
    SLICE_X162Y120       FDSE (Prop_fdse_C_Q)         0.164     0.803 r  Audio_Codec/initialize_audio/twi_controller/sclCnt_reg[0]/Q
                         net (fo=7, routed)           0.128     0.930    Audio_Codec/initialize_audio/twi_controller/sclCnt_reg[0]
    SLICE_X163Y120       LUT5 (Prop_lut5_I2_O)        0.049     0.979 r  Audio_Codec/initialize_audio/twi_controller/sclCnt[4]_i_1/O
                         net (fo=1, routed)           0.000     0.979    Audio_Codec/initialize_audio/twi_controller/sclCnt0[4]
    SLICE_X163Y120       FDSE                                         r  Audio_Codec/initialize_audio/twi_controller/sclCnt_reg[4]/D
  -------------------------------------------------------------------    -------------------

                         (clock clk_out2_clk_wiz_0 rise edge)
                                                      0.000     0.000 r  
    BUFGCTRL_X0Y2        BUFG                         0.000     0.000 r  clk_IBUF_BUFG_inst/O
                         net (fo=96, routed)          1.022     1.022    Audio_Codec/audiocodec_master_clock/inst/clk_in1
    MMCME2_ADV_X1Y0      MMCME2_ADV (Prop_mmcme2_adv_CLKIN1_CLKOUT1)
                                                     -2.040    -1.018 r  Audio_Codec/audiocodec_master_clock/inst/mmcm_adv_inst/CLKOUT1
                         net (fo=1, routed)           0.989    -0.029    Audio_Codec/audiocodec_master_clock/inst/clk_out2_clk_wiz_0
    BUFGCTRL_X0Y1        BUFG (Prop_bufg_I_O)         0.029    -0.000 r  Audio_Codec/audiocodec_master_clock/inst/clkout2_buf/O
                         net (fo=115, routed)         0.910     0.910    Audio_Codec/initialize_audio/twi_controller/clk_out2
    SLICE_X163Y120       FDSE                                         r  Audio_Codec/initialize_audio/twi_controller/sclCnt_reg[4]/C
                         clock pessimism             -0.258     0.652    
    SLICE_X163Y120       FDSE (Hold_fdse_C_D)         0.107     0.759    Audio_Codec/initialize_audio/twi_controller/sclCnt_reg[4]
  -------------------------------------------------------------------
                         required time                         -0.759    
                         arrival time                           0.979    
  -------------------------------------------------------------------
                         slack                                  0.221    

Slack (MET) :             0.221ns  (arrival time - required time)
  Source:                 Audio_Codec/initialize_audio/initWord_reg[18]/C
                            (rising edge-triggered cell FDRE clocked by clk_out2_clk_wiz_0  {rise@0.000ns fall@10.000ns period=20.000ns})
  Destination:            Audio_Codec/initialize_audio/data_i_reg[2]/D
                            (rising edge-triggered cell FDRE clocked by clk_out2_clk_wiz_0  {rise@0.000ns fall@10.000ns period=20.000ns})
  Path Group:             clk_out2_clk_wiz_0
  Path Type:              Hold (Min at Fast Process Corner)
  Requirement:            0.000ns  (clk_out2_clk_wiz_0 rise@0.000ns - clk_out2_clk_wiz_0 rise@0.000ns)
  Data Path Delay:        0.351ns  (logic 0.186ns (53.031%)  route 0.165ns (46.969%))
  Logic Levels:           1  (LUT6=1)
  Clock Path Skew:        0.039ns (DCD - SCD - CPR)
    Destination Clock Delay (DCD):    0.916ns
    Source Clock Delay      (SCD):    0.643ns
    Clock Pessimism Removal (CPR):    0.234ns

    Location             Delay type                Incr(ns)  Path(ns)    Netlist Resource(s)
  -------------------------------------------------------------------    -------------------
                         (clock clk_out2_clk_wiz_0 rise edge)
                                                      0.000     0.000 r  
    BUFGCTRL_X0Y2        BUFG                         0.000     0.000 r  clk_IBUF_BUFG_inst/O
                         net (fo=96, routed)          0.745     0.745    Audio_Codec/audiocodec_master_clock/inst/clk_in1
    MMCME2_ADV_X1Y0      MMCME2_ADV (Prop_mmcme2_adv_CLKIN1_CLKOUT1)
                                                     -1.683    -0.938 r  Audio_Codec/audiocodec_master_clock/inst/mmcm_adv_inst/CLKOUT1
                         net (fo=1, routed)           0.912    -0.026    Audio_Codec/audiocodec_master_clock/inst/clk_out2_clk_wiz_0
    BUFGCTRL_X0Y1        BUFG (Prop_bufg_I_O)         0.026    -0.000 r  Audio_Codec/audiocodec_master_clock/inst/clkout2_buf/O
                         net (fo=115, routed)         0.643     0.643    Audio_Codec/initialize_audio/clk_out2
    SLICE_X159Y113       FDRE                                         r  Audio_Codec/initialize_audio/initWord_reg[18]/C
  -------------------------------------------------------------------    -------------------
    SLICE_X159Y113       FDRE (Prop_fdre_C_Q)         0.141     0.784 r  Audio_Codec/initialize_audio/initWord_reg[18]/Q
                         net (fo=2, routed)           0.165     0.948    Audio_Codec/initialize_audio/data1[2]
    SLICE_X160Y113       LUT6 (Prop_lut6_I0_O)        0.045     0.993 r  Audio_Codec/initialize_audio/data_i[2]_i_1/O
                         net (fo=1, routed)           0.000     0.993    Audio_Codec/initialize_audio/data_i[2]_i_1_n_0
    SLICE_X160Y113       FDRE                                         r  Audio_Codec/initialize_audio/data_i_reg[2]/D
  -------------------------------------------------------------------    -------------------

                         (clock clk_out2_clk_wiz_0 rise edge)
                                                      0.000     0.000 r  
    BUFGCTRL_X0Y2        BUFG                         0.000     0.000 r  clk_IBUF_BUFG_inst/O
                         net (fo=96, routed)          1.022     1.022    Audio_Codec/audiocodec_master_clock/inst/clk_in1
    MMCME2_ADV_X1Y0      MMCME2_ADV (Prop_mmcme2_adv_CLKIN1_CLKOUT1)
                                                     -2.040    -1.018 r  Audio_Codec/audiocodec_master_clock/inst/mmcm_adv_inst/CLKOUT1
                         net (fo=1, routed)           0.989    -0.029    Audio_Codec/audiocodec_master_clock/inst/clk_out2_clk_wiz_0
    BUFGCTRL_X0Y1        BUFG (Prop_bufg_I_O)         0.029    -0.000 r  Audio_Codec/audiocodec_master_clock/inst/clkout2_buf/O
                         net (fo=115, routed)         0.916     0.916    Audio_Codec/initialize_audio/clk_out2
    SLICE_X160Y113       FDRE                                         r  Audio_Codec/initialize_audio/data_i_reg[2]/C
                         clock pessimism             -0.234     0.682    
    SLICE_X160Y113       FDRE (Hold_fdre_C_D)         0.091     0.773    Audio_Codec/initialize_audio/data_i_reg[2]
  -------------------------------------------------------------------
                         required time                         -0.773    
                         arrival time                           0.993    
  -------------------------------------------------------------------
                         slack                                  0.221    





Pulse Width Checks
--------------------------------------------------------------------------------------
Clock Name:         clk_out2_clk_wiz_0
Waveform(ns):       { 0.000 10.000 }
Period(ns):         20.000
Sources:            { Audio_Codec/audiocodec_master_clock/inst/mmcm_adv_inst/CLKOUT1 }

Check Type        Corner  Lib Pin             Reference Pin  Required(ns)  Actual(ns)  Slack(ns)  Location         Pin
Min Period        n/a     BUFG/I              n/a            2.155         20.000      17.845     BUFGCTRL_X0Y1    Audio_Codec/audiocodec_master_clock/inst/clkout2_buf/I
Min Period        n/a     MMCME2_ADV/CLKOUT1  n/a            1.249         20.000      18.751     MMCME2_ADV_X1Y0  Audio_Codec/audiocodec_master_clock/inst/mmcm_adv_inst/CLKOUT1
Min Period        n/a     FDRE/C              n/a            1.000         20.000      19.000     SLICE_X160Y113   Audio_Codec/initialize_audio/data_i_reg[0]/C
Min Period        n/a     FDRE/C              n/a            1.000         20.000      19.000     SLICE_X161Y113   Audio_Codec/initialize_audio/data_i_reg[1]/C
Min Period        n/a     FDRE/C              n/a            1.000         20.000      19.000     SLICE_X160Y113   Audio_Codec/initialize_audio/data_i_reg[2]/C
Min Period        n/a     FDRE/C              n/a            1.000         20.000      19.000     SLICE_X160Y113   Audio_Codec/initialize_audio/data_i_reg[3]/C
Min Period        n/a     FDRE/C              n/a            1.000         20.000      19.000     SLICE_X161Y113   Audio_Codec/initialize_audio/data_i_reg[4]/C
Min Period        n/a     FDRE/C              n/a            1.000         20.000      19.000     SLICE_X162Y113   Audio_Codec/initialize_audio/data_i_reg[5]/C
Min Period        n/a     FDRE/C              n/a            1.000         20.000      19.000     SLICE_X158Y113   Audio_Codec/initialize_audio/data_i_reg[6]/C
Min Period        n/a     FDRE/C              n/a            1.000         20.000      19.000     SLICE_X162Y114   Audio_Codec/initialize_audio/data_i_reg[7]/C
Max Period        n/a     MMCME2_ADV/CLKOUT1  n/a            213.360       20.000      193.360    MMCME2_ADV_X1Y0  Audio_Codec/audiocodec_master_clock/inst/mmcm_adv_inst/CLKOUT1
Low Pulse Width   Slow    FDRE/C              n/a            0.500         10.000      9.500      SLICE_X160Y113   Audio_Codec/initialize_audio/data_i_reg[0]/C
Low Pulse Width   Fast    FDRE/C              n/a            0.500         10.000      9.500      SLICE_X160Y113   Audio_Codec/initialize_audio/data_i_reg[0]/C
Low Pulse Width   Slow    FDRE/C              n/a            0.500         10.000      9.500      SLICE_X161Y113   Audio_Codec/initialize_audio/data_i_reg[1]/C
Low Pulse Width   Fast    FDRE/C              n/a            0.500         10.000      9.500      SLICE_X161Y113   Audio_Codec/initialize_audio/data_i_reg[1]/C
Low Pulse Width   Slow    FDRE/C              n/a            0.500         10.000      9.500      SLICE_X160Y113   Audio_Codec/initialize_audio/data_i_reg[2]/C
Low Pulse Width   Fast    FDRE/C              n/a            0.500         10.000      9.500      SLICE_X160Y113   Audio_Codec/initialize_audio/data_i_reg[2]/C
Low Pulse Width   Slow    FDRE/C              n/a            0.500         10.000      9.500      SLICE_X160Y113   Audio_Codec/initialize_audio/data_i_reg[3]/C
Low Pulse Width   Fast    FDRE/C              n/a            0.500         10.000      9.500      SLICE_X160Y113   Audio_Codec/initialize_audio/data_i_reg[3]/C
Low Pulse Width   Slow    FDRE/C              n/a            0.500         10.000      9.500      SLICE_X161Y113   Audio_Codec/initialize_audio/data_i_reg[4]/C
Low Pulse Width   Fast    FDRE/C              n/a            0.500         10.000      9.500      SLICE_X161Y113   Audio_Codec/initialize_audio/data_i_reg[4]/C
High Pulse Width  Slow    FDRE/C              n/a            0.500         10.000      9.500      SLICE_X160Y113   Audio_Codec/initialize_audio/data_i_reg[0]/C
High Pulse Width  Fast    FDRE/C              n/a            0.500         10.000      9.500      SLICE_X160Y113   Audio_Codec/initialize_audio/data_i_reg[0]/C
High Pulse Width  Slow    FDRE/C              n/a            0.500         10.000      9.500      SLICE_X161Y113   Audio_Codec/initialize_audio/data_i_reg[1]/C
High Pulse Width  Fast    FDRE/C              n/a            0.500         10.000      9.500      SLICE_X161Y113   Audio_Codec/initialize_audio/data_i_reg[1]/C
High Pulse Width  Slow    FDRE/C              n/a            0.500         10.000      9.500      SLICE_X160Y113   Audio_Codec/initialize_audio/data_i_reg[2]/C
High Pulse Width  Fast    FDRE/C              n/a            0.500         10.000      9.500      SLICE_X160Y113   Audio_Codec/initialize_audio/data_i_reg[2]/C
High Pulse Width  Slow    FDRE/C              n/a            0.500         10.000      9.500      SLICE_X160Y113   Audio_Codec/initialize_audio/data_i_reg[3]/C
High Pulse Width  Fast    FDRE/C              n/a            0.500         10.000      9.500      SLICE_X160Y113   Audio_Codec/initialize_audio/data_i_reg[3]/C
High Pulse Width  Slow    FDRE/C              n/a            0.500         10.000      9.500      SLICE_X161Y113   Audio_Codec/initialize_audio/data_i_reg[4]/C
High Pulse Width  Fast    FDRE/C              n/a            0.500         10.000      9.500      SLICE_X161Y113   Audio_Codec/initialize_audio/data_i_reg[4]/C



---------------------------------------------------------------------------------------------------
From Clock:  clkfbout_clk_wiz_0
  To Clock:  clkfbout_clk_wiz_0

Setup :           NA  Failing Endpoints,  Worst Slack           NA  ,  Total Violation           NA
Hold  :           NA  Failing Endpoints,  Worst Slack           NA  ,  Total Violation           NA
PW    :            0  Failing Endpoints,  Worst Slack        7.845ns,  Total Violation        0.000ns
---------------------------------------------------------------------------------------------------


Pulse Width Checks
--------------------------------------------------------------------------------------
Clock Name:         clkfbout_clk_wiz_0
Waveform(ns):       { 0.000 5.000 }
Period(ns):         10.000
Sources:            { Audio_Codec/audiocodec_master_clock/inst/mmcm_adv_inst/CLKFBOUT }

Check Type  Corner  Lib Pin              Reference Pin  Required(ns)  Actual(ns)  Slack(ns)  Location         Pin
Min Period  n/a     BUFG/I               n/a            2.155         10.000      7.845      BUFGCTRL_X0Y3    Audio_Codec/audiocodec_master_clock/inst/clkf_buf/I
Min Period  n/a     MMCME2_ADV/CLKFBOUT  n/a            1.249         10.000      8.751      MMCME2_ADV_X1Y0  Audio_Codec/audiocodec_master_clock/inst/mmcm_adv_inst/CLKFBOUT
Min Period  n/a     MMCME2_ADV/CLKFBIN   n/a            1.249         10.000      8.751      MMCME2_ADV_X1Y0  Audio_Codec/audiocodec_master_clock/inst/mmcm_adv_inst/CLKFBIN
Max Period  n/a     MMCME2_ADV/CLKFBIN   n/a            100.000       10.000      90.000     MMCME2_ADV_X1Y0  Audio_Codec/audiocodec_master_clock/inst/mmcm_adv_inst/CLKFBIN
Max Period  n/a     MMCME2_ADV/CLKFBOUT  n/a            213.360       10.000      203.360    MMCME2_ADV_X1Y0  Audio_Codec/audiocodec_master_clock/inst/mmcm_adv_inst/CLKFBOUT



--------------------------------------------------------------------------------------
Path Group:  (none)
From Clock:  
  To Clock:  

Max Delay           203 Endpoints
Min Delay           203 Endpoints
--------------------------------------------------------------------------------------


Max Delay Paths
--------------------------------------------------------------------------------------
Slack:                    inf
  Source:                 btn[1]
                            (input port)
  Destination:            DP/IndexOffsetReg_inst/index_offset_reg_reg[13]/D
  Path Group:             (none)
  Path Type:              Max at Slow Process Corner
  Data Path Delay:        12.405ns  (logic 2.702ns (21.783%)  route 9.703ns (78.217%))
  Logic Levels:           7  (CARRY4=4 IBUF=1 LUT2=1 LUT6=1)

    Location             Delay type                Incr(ns)  Path(ns)    Netlist Resource(s)
  -------------------------------------------------------------------    -------------------
    C22                                               0.000     0.000 f  btn[1] (IN)
                         net (fo=0)                   0.000     0.000    btn[1]
    C22                  IBUF (Prop_ibuf_I_O)         1.090     1.090 f  btn_IBUF[1]_inst/O
                         net (fo=7, routed)           8.909     9.999    DP/IndexOffsetReg_inst/btn_IBUF[1]
    SLICE_X150Y110       LUT2 (Prop_lut2_I1_O)        0.152    10.151 r  DP/IndexOffsetReg_inst/index_offset_reg[0]_i_9/O
                         net (fo=2, routed)           0.794    10.945    DP/IndexOffsetReg_inst/index_offset_reg[0]_i_9_n_0
    SLICE_X151Y109       LUT6 (Prop_lut6_I3_O)        0.348    11.293 r  DP/IndexOffsetReg_inst/index_offset_reg[0]_i_5/O
                         net (fo=1, routed)           0.000    11.293    DP/IndexOffsetReg_inst/index_offset_reg[0]_i_5_n_0
    SLICE_X151Y109       CARRY4 (Prop_carry4_S[1]_CO[3])
                                                      0.550    11.843 r  DP/IndexOffsetReg_inst/index_offset_reg_reg[0]_i_2/CO[3]
                         net (fo=1, routed)           0.000    11.843    DP/IndexOffsetReg_inst/index_offset_reg_reg[0]_i_2_n_0
    SLICE_X151Y110       CARRY4 (Prop_carry4_CI_CO[3])
                                                      0.114    11.957 r  DP/IndexOffsetReg_inst/index_offset_reg_reg[4]_i_1/CO[3]
                         net (fo=1, routed)           0.000    11.957    DP/IndexOffsetReg_inst/index_offset_reg_reg[4]_i_1_n_0
    SLICE_X151Y111       CARRY4 (Prop_carry4_CI_CO[3])
                                                      0.114    12.071 r  DP/IndexOffsetReg_inst/index_offset_reg_reg[8]_i_1/CO[3]
                         net (fo=1, routed)           0.000    12.071    DP/IndexOffsetReg_inst/index_offset_reg_reg[8]_i_1_n_0
    SLICE_X151Y112       CARRY4 (Prop_carry4_CI_O[1])
                                                      0.334    12.405 r  DP/IndexOffsetReg_inst/index_offset_reg_reg[12]_i_1/O[1]
                         net (fo=1, routed)           0.000    12.405    DP/IndexOffsetReg_inst/index_offset_reg_reg[12]_i_1_n_6
    SLICE_X151Y112       FDRE                                         r  DP/IndexOffsetReg_inst/index_offset_reg_reg[13]/D
  -------------------------------------------------------------------    -------------------

Slack:                    inf
  Source:                 btn[1]
                            (input port)
  Destination:            DP/IndexOffsetReg_inst/index_offset_reg_reg[15]/D
  Path Group:             (none)
  Path Type:              Max at Slow Process Corner
  Data Path Delay:        12.384ns  (logic 2.681ns (21.650%)  route 9.703ns (78.350%))
  Logic Levels:           7  (CARRY4=4 IBUF=1 LUT2=1 LUT6=1)

    Location             Delay type                Incr(ns)  Path(ns)    Netlist Resource(s)
  -------------------------------------------------------------------    -------------------
    C22                                               0.000     0.000 f  btn[1] (IN)
                         net (fo=0)                   0.000     0.000    btn[1]
    C22                  IBUF (Prop_ibuf_I_O)         1.090     1.090 f  btn_IBUF[1]_inst/O
                         net (fo=7, routed)           8.909     9.999    DP/IndexOffsetReg_inst/btn_IBUF[1]
    SLICE_X150Y110       LUT2 (Prop_lut2_I1_O)        0.152    10.151 r  DP/IndexOffsetReg_inst/index_offset_reg[0]_i_9/O
                         net (fo=2, routed)           0.794    10.945    DP/IndexOffsetReg_inst/index_offset_reg[0]_i_9_n_0
    SLICE_X151Y109       LUT6 (Prop_lut6_I3_O)        0.348    11.293 r  DP/IndexOffsetReg_inst/index_offset_reg[0]_i_5/O
                         net (fo=1, routed)           0.000    11.293    DP/IndexOffsetReg_inst/index_offset_reg[0]_i_5_n_0
    SLICE_X151Y109       CARRY4 (Prop_carry4_S[1]_CO[3])
                                                      0.550    11.843 r  DP/IndexOffsetReg_inst/index_offset_reg_reg[0]_i_2/CO[3]
                         net (fo=1, routed)           0.000    11.843    DP/IndexOffsetReg_inst/index_offset_reg_reg[0]_i_2_n_0
    SLICE_X151Y110       CARRY4 (Prop_carry4_CI_CO[3])
                                                      0.114    11.957 r  DP/IndexOffsetReg_inst/index_offset_reg_reg[4]_i_1/CO[3]
                         net (fo=1, routed)           0.000    11.957    DP/IndexOffsetReg_inst/index_offset_reg_reg[4]_i_1_n_0
    SLICE_X151Y111       CARRY4 (Prop_carry4_CI_CO[3])
                                                      0.114    12.071 r  DP/IndexOffsetReg_inst/index_offset_reg_reg[8]_i_1/CO[3]
                         net (fo=1, routed)           0.000    12.071    DP/IndexOffsetReg_inst/index_offset_reg_reg[8]_i_1_n_0
    SLICE_X151Y112       CARRY4 (Prop_carry4_CI_O[3])
                                                      0.313    12.384 r  DP/IndexOffsetReg_inst/index_offset_reg_reg[12]_i_1/O[3]
                         net (fo=1, routed)           0.000    12.384    DP/IndexOffsetReg_inst/index_offset_reg_reg[12]_i_1_n_4
    SLICE_X151Y112       FDRE                                         r  DP/IndexOffsetReg_inst/index_offset_reg_reg[15]/D
  -------------------------------------------------------------------    -------------------

Slack:                    inf
  Source:                 btn[1]
                            (input port)
  Destination:            DP/IndexOffsetReg_inst/index_offset_reg_reg[14]/D
  Path Group:             (none)
  Path Type:              Max at Slow Process Corner
  Data Path Delay:        12.310ns  (logic 2.607ns (21.179%)  route 9.703ns (78.821%))
  Logic Levels:           7  (CARRY4=4 IBUF=1 LUT2=1 LUT6=1)

    Location             Delay type                Incr(ns)  Path(ns)    Netlist Resource(s)
  -------------------------------------------------------------------    -------------------
    C22                                               0.000     0.000 f  btn[1] (IN)
                         net (fo=0)                   0.000     0.000    btn[1]
    C22                  IBUF (Prop_ibuf_I_O)         1.090     1.090 f  btn_IBUF[1]_inst/O
                         net (fo=7, routed)           8.909     9.999    DP/IndexOffsetReg_inst/btn_IBUF[1]
    SLICE_X150Y110       LUT2 (Prop_lut2_I1_O)        0.152    10.151 r  DP/IndexOffsetReg_inst/index_offset_reg[0]_i_9/O
                         net (fo=2, routed)           0.794    10.945    DP/IndexOffsetReg_inst/index_offset_reg[0]_i_9_n_0
    SLICE_X151Y109       LUT6 (Prop_lut6_I3_O)        0.348    11.293 r  DP/IndexOffsetReg_inst/index_offset_reg[0]_i_5/O
                         net (fo=1, routed)           0.000    11.293    DP/IndexOffsetReg_inst/index_offset_reg[0]_i_5_n_0
    SLICE_X151Y109       CARRY4 (Prop_carry4_S[1]_CO[3])
                                                      0.550    11.843 r  DP/IndexOffsetReg_inst/index_offset_reg_reg[0]_i_2/CO[3]
                         net (fo=1, routed)           0.000    11.843    DP/IndexOffsetReg_inst/index_offset_reg_reg[0]_i_2_n_0
    SLICE_X151Y110       CARRY4 (Prop_carry4_CI_CO[3])
                                                      0.114    11.957 r  DP/IndexOffsetReg_inst/index_offset_reg_reg[4]_i_1/CO[3]
                         net (fo=1, routed)           0.000    11.957    DP/IndexOffsetReg_inst/index_offset_reg_reg[4]_i_1_n_0
    SLICE_X151Y111       CARRY4 (Prop_carry4_CI_CO[3])
                                                      0.114    12.071 r  DP/IndexOffsetReg_inst/index_offset_reg_reg[8]_i_1/CO[3]
                         net (fo=1, routed)           0.000    12.071    DP/IndexOffsetReg_inst/index_offset_reg_reg[8]_i_1_n_0
    SLICE_X151Y112       CARRY4 (Prop_carry4_CI_O[2])
                                                      0.239    12.310 r  DP/IndexOffsetReg_inst/index_offset_reg_reg[12]_i_1/O[2]
                         net (fo=1, routed)           0.000    12.310    DP/IndexOffsetReg_inst/index_offset_reg_reg[12]_i_1_n_5
    SLICE_X151Y112       FDRE                                         r  DP/IndexOffsetReg_inst/index_offset_reg_reg[14]/D
  -------------------------------------------------------------------    -------------------

Slack:                    inf
  Source:                 btn[1]
                            (input port)
  Destination:            DP/IndexOffsetReg_inst/index_offset_reg_reg[12]/D
  Path Group:             (none)
  Path Type:              Max at Slow Process Corner
  Data Path Delay:        12.294ns  (logic 2.591ns (21.077%)  route 9.703ns (78.923%))
  Logic Levels:           7  (CARRY4=4 IBUF=1 LUT2=1 LUT6=1)

    Location             Delay type                Incr(ns)  Path(ns)    Netlist Resource(s)
  -------------------------------------------------------------------    -------------------
    C22                                               0.000     0.000 f  btn[1] (IN)
                         net (fo=0)                   0.000     0.000    btn[1]
    C22                  IBUF (Prop_ibuf_I_O)         1.090     1.090 f  btn_IBUF[1]_inst/O
                         net (fo=7, routed)           8.909     9.999    DP/IndexOffsetReg_inst/btn_IBUF[1]
    SLICE_X150Y110       LUT2 (Prop_lut2_I1_O)        0.152    10.151 r  DP/IndexOffsetReg_inst/index_offset_reg[0]_i_9/O
                         net (fo=2, routed)           0.794    10.945    DP/IndexOffsetReg_inst/index_offset_reg[0]_i_9_n_0
    SLICE_X151Y109       LUT6 (Prop_lut6_I3_O)        0.348    11.293 r  DP/IndexOffsetReg_inst/index_offset_reg[0]_i_5/O
                         net (fo=1, routed)           0.000    11.293    DP/IndexOffsetReg_inst/index_offset_reg[0]_i_5_n_0
    SLICE_X151Y109       CARRY4 (Prop_carry4_S[1]_CO[3])
                                                      0.550    11.843 r  DP/IndexOffsetReg_inst/index_offset_reg_reg[0]_i_2/CO[3]
                         net (fo=1, routed)           0.000    11.843    DP/IndexOffsetReg_inst/index_offset_reg_reg[0]_i_2_n_0
    SLICE_X151Y110       CARRY4 (Prop_carry4_CI_CO[3])
                                                      0.114    11.957 r  DP/IndexOffsetReg_inst/index_offset_reg_reg[4]_i_1/CO[3]
                         net (fo=1, routed)           0.000    11.957    DP/IndexOffsetReg_inst/index_offset_reg_reg[4]_i_1_n_0
    SLICE_X151Y111       CARRY4 (Prop_carry4_CI_CO[3])
                                                      0.114    12.071 r  DP/IndexOffsetReg_inst/index_offset_reg_reg[8]_i_1/CO[3]
                         net (fo=1, routed)           0.000    12.071    DP/IndexOffsetReg_inst/index_offset_reg_reg[8]_i_1_n_0
    SLICE_X151Y112       CARRY4 (Prop_carry4_CI_O[0])
                                                      0.223    12.294 r  DP/IndexOffsetReg_inst/index_offset_reg_reg[12]_i_1/O[0]
                         net (fo=1, routed)           0.000    12.294    DP/IndexOffsetReg_inst/index_offset_reg_reg[12]_i_1_n_7
    SLICE_X151Y112       FDRE                                         r  DP/IndexOffsetReg_inst/index_offset_reg_reg[12]/D
  -------------------------------------------------------------------    -------------------

Slack:                    inf
  Source:                 btn[1]
                            (input port)
  Destination:            DP/IndexOffsetReg_inst/index_offset_reg_reg[9]/D
  Path Group:             (none)
  Path Type:              Max at Slow Process Corner
  Data Path Delay:        12.291ns  (logic 2.588ns (21.058%)  route 9.703ns (78.942%))
  Logic Levels:           6  (CARRY4=3 IBUF=1 LUT2=1 LUT6=1)

    Location             Delay type                Incr(ns)  Path(ns)    Netlist Resource(s)
  -------------------------------------------------------------------    -------------------
    C22                                               0.000     0.000 f  btn[1] (IN)
                         net (fo=0)                   0.000     0.000    btn[1]
    C22                  IBUF (Prop_ibuf_I_O)         1.090     1.090 f  btn_IBUF[1]_inst/O
                         net (fo=7, routed)           8.909     9.999    DP/IndexOffsetReg_inst/btn_IBUF[1]
    SLICE_X150Y110       LUT2 (Prop_lut2_I1_O)        0.152    10.151 r  DP/IndexOffsetReg_inst/index_offset_reg[0]_i_9/O
                         net (fo=2, routed)           0.794    10.945    DP/IndexOffsetReg_inst/index_offset_reg[0]_i_9_n_0
    SLICE_X151Y109       LUT6 (Prop_lut6_I3_O)        0.348    11.293 r  DP/IndexOffsetReg_inst/index_offset_reg[0]_i_5/O
                         net (fo=1, routed)           0.000    11.293    DP/IndexOffsetReg_inst/index_offset_reg[0]_i_5_n_0
    SLICE_X151Y109       CARRY4 (Prop_carry4_S[1]_CO[3])
                                                      0.550    11.843 r  DP/IndexOffsetReg_inst/index_offset_reg_reg[0]_i_2/CO[3]
                         net (fo=1, routed)           0.000    11.843    DP/IndexOffsetReg_inst/index_offset_reg_reg[0]_i_2_n_0
    SLICE_X151Y110       CARRY4 (Prop_carry4_CI_CO[3])
                                                      0.114    11.957 r  DP/IndexOffsetReg_inst/index_offset_reg_reg[4]_i_1/CO[3]
                         net (fo=1, routed)           0.000    11.957    DP/IndexOffsetReg_inst/index_offset_reg_reg[4]_i_1_n_0
    SLICE_X151Y111       CARRY4 (Prop_carry4_CI_O[1])
                                                      0.334    12.291 r  DP/IndexOffsetReg_inst/index_offset_reg_reg[8]_i_1/O[1]
                         net (fo=1, routed)           0.000    12.291    DP/IndexOffsetReg_inst/index_offset_reg_reg[8]_i_1_n_6
    SLICE_X151Y111       FDRE                                         r  DP/IndexOffsetReg_inst/index_offset_reg_reg[9]/D
  -------------------------------------------------------------------    -------------------

Slack:                    inf
  Source:                 btn[1]
                            (input port)
  Destination:            DP/IndexOffsetReg_inst/index_offset_reg_reg[11]/D
  Path Group:             (none)
  Path Type:              Max at Slow Process Corner
  Data Path Delay:        12.270ns  (logic 2.567ns (20.922%)  route 9.703ns (79.078%))
  Logic Levels:           6  (CARRY4=3 IBUF=1 LUT2=1 LUT6=1)

    Location             Delay type                Incr(ns)  Path(ns)    Netlist Resource(s)
  -------------------------------------------------------------------    -------------------
    C22                                               0.000     0.000 f  btn[1] (IN)
                         net (fo=0)                   0.000     0.000    btn[1]
    C22                  IBUF (Prop_ibuf_I_O)         1.090     1.090 f  btn_IBUF[1]_inst/O
                         net (fo=7, routed)           8.909     9.999    DP/IndexOffsetReg_inst/btn_IBUF[1]
    SLICE_X150Y110       LUT2 (Prop_lut2_I1_O)        0.152    10.151 r  DP/IndexOffsetReg_inst/index_offset_reg[0]_i_9/O
                         net (fo=2, routed)           0.794    10.945    DP/IndexOffsetReg_inst/index_offset_reg[0]_i_9_n_0
    SLICE_X151Y109       LUT6 (Prop_lut6_I3_O)        0.348    11.293 r  DP/IndexOffsetReg_inst/index_offset_reg[0]_i_5/O
                         net (fo=1, routed)           0.000    11.293    DP/IndexOffsetReg_inst/index_offset_reg[0]_i_5_n_0
    SLICE_X151Y109       CARRY4 (Prop_carry4_S[1]_CO[3])
                                                      0.550    11.843 r  DP/IndexOffsetReg_inst/index_offset_reg_reg[0]_i_2/CO[3]
                         net (fo=1, routed)           0.000    11.843    DP/IndexOffsetReg_inst/index_offset_reg_reg[0]_i_2_n_0
    SLICE_X151Y110       CARRY4 (Prop_carry4_CI_CO[3])
                                                      0.114    11.957 r  DP/IndexOffsetReg_inst/index_offset_reg_reg[4]_i_1/CO[3]
                         net (fo=1, routed)           0.000    11.957    DP/IndexOffsetReg_inst/index_offset_reg_reg[4]_i_1_n_0
    SLICE_X151Y111       CARRY4 (Prop_carry4_CI_O[3])
                                                      0.313    12.270 r  DP/IndexOffsetReg_inst/index_offset_reg_reg[8]_i_1/O[3]
                         net (fo=1, routed)           0.000    12.270    DP/IndexOffsetReg_inst/index_offset_reg_reg[8]_i_1_n_4
    SLICE_X151Y111       FDRE                                         r  DP/IndexOffsetReg_inst/index_offset_reg_reg[11]/D
  -------------------------------------------------------------------    -------------------

Slack:                    inf
  Source:                 btn[1]
                            (input port)
  Destination:            DP/IndexOffsetReg_inst/index_offset_reg_reg[10]/D
  Path Group:             (none)
  Path Type:              Max at Slow Process Corner
  Data Path Delay:        12.196ns  (logic 2.493ns (20.443%)  route 9.703ns (79.557%))
  Logic Levels:           6  (CARRY4=3 IBUF=1 LUT2=1 LUT6=1)

    Location             Delay type                Incr(ns)  Path(ns)    Netlist Resource(s)
  -------------------------------------------------------------------    -------------------
    C22                                               0.000     0.000 f  btn[1] (IN)
                         net (fo=0)                   0.000     0.000    btn[1]
    C22                  IBUF (Prop_ibuf_I_O)         1.090     1.090 f  btn_IBUF[1]_inst/O
                         net (fo=7, routed)           8.909     9.999    DP/IndexOffsetReg_inst/btn_IBUF[1]
    SLICE_X150Y110       LUT2 (Prop_lut2_I1_O)        0.152    10.151 r  DP/IndexOffsetReg_inst/index_offset_reg[0]_i_9/O
                         net (fo=2, routed)           0.794    10.945    DP/IndexOffsetReg_inst/index_offset_reg[0]_i_9_n_0
    SLICE_X151Y109       LUT6 (Prop_lut6_I3_O)        0.348    11.293 r  DP/IndexOffsetReg_inst/index_offset_reg[0]_i_5/O
                         net (fo=1, routed)           0.000    11.293    DP/IndexOffsetReg_inst/index_offset_reg[0]_i_5_n_0
    SLICE_X151Y109       CARRY4 (Prop_carry4_S[1]_CO[3])
                                                      0.550    11.843 r  DP/IndexOffsetReg_inst/index_offset_reg_reg[0]_i_2/CO[3]
                         net (fo=1, routed)           0.000    11.843    DP/IndexOffsetReg_inst/index_offset_reg_reg[0]_i_2_n_0
    SLICE_X151Y110       CARRY4 (Prop_carry4_CI_CO[3])
                                                      0.114    11.957 r  DP/IndexOffsetReg_inst/index_offset_reg_reg[4]_i_1/CO[3]
                         net (fo=1, routed)           0.000    11.957    DP/IndexOffsetReg_inst/index_offset_reg_reg[4]_i_1_n_0
    SLICE_X151Y111       CARRY4 (Prop_carry4_CI_O[2])
                                                      0.239    12.196 r  DP/IndexOffsetReg_inst/index_offset_reg_reg[8]_i_1/O[2]
                         net (fo=1, routed)           0.000    12.196    DP/IndexOffsetReg_inst/index_offset_reg_reg[8]_i_1_n_5
    SLICE_X151Y111       FDRE                                         r  DP/IndexOffsetReg_inst/index_offset_reg_reg[10]/D
  -------------------------------------------------------------------    -------------------

Slack:                    inf
  Source:                 btn[1]
                            (input port)
  Destination:            DP/IndexOffsetReg_inst/index_offset_reg_reg[8]/D
  Path Group:             (none)
  Path Type:              Max at Slow Process Corner
  Data Path Delay:        12.180ns  (logic 2.477ns (20.338%)  route 9.703ns (79.662%))
  Logic Levels:           6  (CARRY4=3 IBUF=1 LUT2=1 LUT6=1)

    Location             Delay type                Incr(ns)  Path(ns)    Netlist Resource(s)
  -------------------------------------------------------------------    -------------------
    C22                                               0.000     0.000 f  btn[1] (IN)
                         net (fo=0)                   0.000     0.000    btn[1]
    C22                  IBUF (Prop_ibuf_I_O)         1.090     1.090 f  btn_IBUF[1]_inst/O
                         net (fo=7, routed)           8.909     9.999    DP/IndexOffsetReg_inst/btn_IBUF[1]
    SLICE_X150Y110       LUT2 (Prop_lut2_I1_O)        0.152    10.151 r  DP/IndexOffsetReg_inst/index_offset_reg[0]_i_9/O
                         net (fo=2, routed)           0.794    10.945    DP/IndexOffsetReg_inst/index_offset_reg[0]_i_9_n_0
    SLICE_X151Y109       LUT6 (Prop_lut6_I3_O)        0.348    11.293 r  DP/IndexOffsetReg_inst/index_offset_reg[0]_i_5/O
                         net (fo=1, routed)           0.000    11.293    DP/IndexOffsetReg_inst/index_offset_reg[0]_i_5_n_0
    SLICE_X151Y109       CARRY4 (Prop_carry4_S[1]_CO[3])
                                                      0.550    11.843 r  DP/IndexOffsetReg_inst/index_offset_reg_reg[0]_i_2/CO[3]
                         net (fo=1, routed)           0.000    11.843    DP/IndexOffsetReg_inst/index_offset_reg_reg[0]_i_2_n_0
    SLICE_X151Y110       CARRY4 (Prop_carry4_CI_CO[3])
                                                      0.114    11.957 r  DP/IndexOffsetReg_inst/index_offset_reg_reg[4]_i_1/CO[3]
                         net (fo=1, routed)           0.000    11.957    DP/IndexOffsetReg_inst/index_offset_reg_reg[4]_i_1_n_0
    SLICE_X151Y111       CARRY4 (Prop_carry4_CI_O[0])
                                                      0.223    12.180 r  DP/IndexOffsetReg_inst/index_offset_reg_reg[8]_i_1/O[0]
                         net (fo=1, routed)           0.000    12.180    DP/IndexOffsetReg_inst/index_offset_reg_reg[8]_i_1_n_7
    SLICE_X151Y111       FDRE                                         r  DP/IndexOffsetReg_inst/index_offset_reg_reg[8]/D
  -------------------------------------------------------------------    -------------------

Slack:                    inf
  Source:                 btn[1]
                            (input port)
  Destination:            DP/IndexOffsetReg_inst/index_offset_reg_reg[5]/D
  Path Group:             (none)
  Path Type:              Max at Slow Process Corner
  Data Path Delay:        12.177ns  (logic 2.474ns (20.319%)  route 9.703ns (79.681%))
  Logic Levels:           5  (CARRY4=2 IBUF=1 LUT2=1 LUT6=1)

    Location             Delay type                Incr(ns)  Path(ns)    Netlist Resource(s)
  -------------------------------------------------------------------    -------------------
    C22                                               0.000     0.000 f  btn[1] (IN)
                         net (fo=0)                   0.000     0.000    btn[1]
    C22                  IBUF (Prop_ibuf_I_O)         1.090     1.090 f  btn_IBUF[1]_inst/O
                         net (fo=7, routed)           8.909     9.999    DP/IndexOffsetReg_inst/btn_IBUF[1]
    SLICE_X150Y110       LUT2 (Prop_lut2_I1_O)        0.152    10.151 r  DP/IndexOffsetReg_inst/index_offset_reg[0]_i_9/O
                         net (fo=2, routed)           0.794    10.945    DP/IndexOffsetReg_inst/index_offset_reg[0]_i_9_n_0
    SLICE_X151Y109       LUT6 (Prop_lut6_I3_O)        0.348    11.293 r  DP/IndexOffsetReg_inst/index_offset_reg[0]_i_5/O
                         net (fo=1, routed)           0.000    11.293    DP/IndexOffsetReg_inst/index_offset_reg[0]_i_5_n_0
    SLICE_X151Y109       CARRY4 (Prop_carry4_S[1]_CO[3])
                                                      0.550    11.843 r  DP/IndexOffsetReg_inst/index_offset_reg_reg[0]_i_2/CO[3]
                         net (fo=1, routed)           0.000    11.843    DP/IndexOffsetReg_inst/index_offset_reg_reg[0]_i_2_n_0
    SLICE_X151Y110       CARRY4 (Prop_carry4_CI_O[1])
                                                      0.334    12.177 r  DP/IndexOffsetReg_inst/index_offset_reg_reg[4]_i_1/O[1]
                         net (fo=1, routed)           0.000    12.177    DP/IndexOffsetReg_inst/index_offset_reg_reg[4]_i_1_n_6
    SLICE_X151Y110       FDRE                                         r  DP/IndexOffsetReg_inst/index_offset_reg_reg[5]/D
  -------------------------------------------------------------------    -------------------

Slack:                    inf
  Source:                 btn[1]
                            (input port)
  Destination:            DP/IndexOffsetReg_inst/index_offset_reg_reg[7]/D
  Path Group:             (none)
  Path Type:              Max at Slow Process Corner
  Data Path Delay:        12.156ns  (logic 2.453ns (20.181%)  route 9.703ns (79.819%))
  Logic Levels:           5  (CARRY4=2 IBUF=1 LUT2=1 LUT6=1)

    Location             Delay type                Incr(ns)  Path(ns)    Netlist Resource(s)
  -------------------------------------------------------------------    -------------------
    C22                                               0.000     0.000 f  btn[1] (IN)
                         net (fo=0)                   0.000     0.000    btn[1]
    C22                  IBUF (Prop_ibuf_I_O)         1.090     1.090 f  btn_IBUF[1]_inst/O
                         net (fo=7, routed)           8.909     9.999    DP/IndexOffsetReg_inst/btn_IBUF[1]
    SLICE_X150Y110       LUT2 (Prop_lut2_I1_O)        0.152    10.151 r  DP/IndexOffsetReg_inst/index_offset_reg[0]_i_9/O
                         net (fo=2, routed)           0.794    10.945    DP/IndexOffsetReg_inst/index_offset_reg[0]_i_9_n_0
    SLICE_X151Y109       LUT6 (Prop_lut6_I3_O)        0.348    11.293 r  DP/IndexOffsetReg_inst/index_offset_reg[0]_i_5/O
                         net (fo=1, routed)           0.000    11.293    DP/IndexOffsetReg_inst/index_offset_reg[0]_i_5_n_0
    SLICE_X151Y109       CARRY4 (Prop_carry4_S[1]_CO[3])
                                                      0.550    11.843 r  DP/IndexOffsetReg_inst/index_offset_reg_reg[0]_i_2/CO[3]
                         net (fo=1, routed)           0.000    11.843    DP/IndexOffsetReg_inst/index_offset_reg_reg[0]_i_2_n_0
    SLICE_X151Y110       CARRY4 (Prop_carry4_CI_O[3])
                                                      0.313    12.156 r  DP/IndexOffsetReg_inst/index_offset_reg_reg[4]_i_1/O[3]
                         net (fo=1, routed)           0.000    12.156    DP/IndexOffsetReg_inst/index_offset_reg_reg[4]_i_1_n_4
    SLICE_X151Y110       FDRE                                         r  DP/IndexOffsetReg_inst/index_offset_reg_reg[7]/D
  -------------------------------------------------------------------    -------------------





Min Delay Paths
--------------------------------------------------------------------------------------
Slack:                    inf
  Source:                 DP/BaseAndNextReg_inst/base_reg_reg[7]/C
                            (rising edge-triggered cell FDRE)
  Destination:            DP/ResultReg_inst/data_out_reg[17]/D
  Path Group:             (none)
  Path Type:              Min at Fast Process Corner
  Data Path Delay:        0.264ns  (logic 0.141ns (53.366%)  route 0.123ns (46.634%))
  Logic Levels:           1  (FDRE=1)

    Location             Delay type                Incr(ns)  Path(ns)    Netlist Resource(s)
  -------------------------------------------------------------------    -------------------
    SLICE_X156Y111       FDRE                         0.000     0.000 r  DP/BaseAndNextReg_inst/base_reg_reg[7]/C
    SLICE_X156Y111       FDRE (Prop_fdre_C_Q)         0.141     0.141 r  DP/BaseAndNextReg_inst/base_reg_reg[7]/Q
                         net (fo=3, routed)           0.123     0.264    DP/ResultReg_inst/data_out_reg[17]_1
    SLICE_X159Y110       FDRE                                         r  DP/ResultReg_inst/data_out_reg[17]/D
  -------------------------------------------------------------------    -------------------

Slack:                    inf
  Source:                 DP/ResultReg_inst/data_out_reg[17]/C
                            (rising edge-triggered cell FDRE)
  Destination:            Audio_Codec/audio_inout/Data_Out_int_reg[30]/D
  Path Group:             (none)
  Path Type:              Min at Fast Process Corner
  Data Path Delay:        0.266ns  (logic 0.186ns (69.897%)  route 0.080ns (30.103%))
  Logic Levels:           2  (FDRE=1 LUT5=1)

    Location             Delay type                Incr(ns)  Path(ns)    Netlist Resource(s)
  -------------------------------------------------------------------    -------------------
    SLICE_X159Y110       FDRE                         0.000     0.000 r  DP/ResultReg_inst/data_out_reg[17]/C
    SLICE_X159Y110       FDRE (Prop_fdre_C_Q)         0.141     0.141 r  DP/ResultReg_inst/data_out_reg[17]/Q
                         net (fo=1, routed)           0.080     0.221    Audio_Codec/audio_inout/data_out[14]
    SLICE_X158Y110       LUT5 (Prop_lut5_I2_O)        0.045     0.266 r  Audio_Codec/audio_inout/Data_Out_int[30]_i_1/O
                         net (fo=1, routed)           0.000     0.266    Audio_Codec/audio_inout/Data_Out_int[30]_i_1_n_0
    SLICE_X158Y110       FDRE                                         r  Audio_Codec/audio_inout/Data_Out_int_reg[30]/D
  -------------------------------------------------------------------    -------------------

Slack:                    inf
  Source:                 DP/ResultReg_inst/data_out_reg[2]/C
                            (rising edge-triggered cell FDRE)
  Destination:            Audio_Codec/audio_inout/Data_Out_int_reg[15]/D
  Path Group:             (none)
  Path Type:              Min at Fast Process Corner
  Data Path Delay:        0.285ns  (logic 0.186ns (65.321%)  route 0.099ns (34.679%))
  Logic Levels:           2  (FDRE=1 LUT4=1)

    Location             Delay type                Incr(ns)  Path(ns)    Netlist Resource(s)
  -------------------------------------------------------------------    -------------------
    SLICE_X156Y109       FDRE                         0.000     0.000 r  DP/ResultReg_inst/data_out_reg[2]/C
    SLICE_X156Y109       FDRE (Prop_fdre_C_Q)         0.141     0.141 r  DP/ResultReg_inst/data_out_reg[2]/Q
                         net (fo=1, routed)           0.099     0.240    DP/BaseAndNextReg_inst/data_out[0]
    SLICE_X159Y109       LUT4 (Prop_lut4_I2_O)        0.045     0.285 r  DP/BaseAndNextReg_inst/Data_Out_int[15]_i_1/O
                         net (fo=1, routed)           0.000     0.285    Audio_Codec/audio_inout/D[0]
    SLICE_X159Y109       FDRE                                         r  Audio_Codec/audio_inout/Data_Out_int_reg[15]/D
  -------------------------------------------------------------------    -------------------

Slack:                    inf
  Source:                 DP/BaseAndNextReg_inst/base_reg_reg[0]/C
                            (rising edge-triggered cell FDRE)
  Destination:            DP/ResultReg_inst/data_out_reg[10]/D
  Path Group:             (none)
  Path Type:              Min at Fast Process Corner
  Data Path Delay:        0.288ns  (logic 0.141ns (48.910%)  route 0.147ns (51.090%))
  Logic Levels:           1  (FDRE=1)

    Location             Delay type                Incr(ns)  Path(ns)    Netlist Resource(s)
  -------------------------------------------------------------------    -------------------
    SLICE_X156Y111       FDRE                         0.000     0.000 r  DP/BaseAndNextReg_inst/base_reg_reg[0]/C
    SLICE_X156Y111       FDRE (Prop_fdre_C_Q)         0.141     0.141 r  DP/BaseAndNextReg_inst/base_reg_reg[0]/Q
                         net (fo=9, routed)           0.147     0.288    DP/ResultReg_inst/data_out_reg[10]_0
    SLICE_X159Y110       FDRE                                         r  DP/ResultReg_inst/data_out_reg[10]/D
  -------------------------------------------------------------------    -------------------

Slack:                    inf
  Source:                 Audio_Codec/audio_inout/Cnt_Bclk_reg[0]/C
                            (rising edge-triggered cell FDRE)
  Destination:            Audio_Codec/audio_inout/Cnt_Bclk_reg[1]/D
  Path Group:             (none)
  Path Type:              Min at Fast Process Corner
  Data Path Delay:        0.306ns  (logic 0.186ns (60.767%)  route 0.120ns (39.233%))
  Logic Levels:           2  (FDRE=1 LUT2=1)

    Location             Delay type                Incr(ns)  Path(ns)    Netlist Resource(s)
  -------------------------------------------------------------------    -------------------
    SLICE_X156Y112       FDRE                         0.000     0.000 r  Audio_Codec/audio_inout/Cnt_Bclk_reg[0]/C
    SLICE_X156Y112       FDRE (Prop_fdre_C_Q)         0.141     0.141 r  Audio_Codec/audio_inout/Cnt_Bclk_reg[0]/Q
                         net (fo=6, routed)           0.120     0.261    Audio_Codec/audio_inout/Cnt_Bclk_reg[0]
    SLICE_X157Y112       LUT2 (Prop_lut2_I1_O)        0.045     0.306 r  Audio_Codec/audio_inout/Cnt_Bclk[1]_i_1/O
                         net (fo=1, routed)           0.000     0.306    Audio_Codec/audio_inout/p_0_in[1]
    SLICE_X157Y112       FDRE                                         r  Audio_Codec/audio_inout/Cnt_Bclk_reg[1]/D
  -------------------------------------------------------------------    -------------------

Slack:                    inf
  Source:                 Audio_Codec/audio_inout/Cnt_Bclk_reg[0]/C
                            (rising edge-triggered cell FDRE)
  Destination:            Audio_Codec/audio_inout/Cnt_Bclk_reg[3]/D
  Path Group:             (none)
  Path Type:              Min at Fast Process Corner
  Data Path Delay:        0.307ns  (logic 0.186ns (60.569%)  route 0.121ns (39.431%))
  Logic Levels:           2  (FDRE=1 LUT4=1)

    Location             Delay type                Incr(ns)  Path(ns)    Netlist Resource(s)
  -------------------------------------------------------------------    -------------------
    SLICE_X156Y112       FDRE                         0.000     0.000 r  Audio_Codec/audio_inout/Cnt_Bclk_reg[0]/C
    SLICE_X156Y112       FDRE (Prop_fdre_C_Q)         0.141     0.141 r  Audio_Codec/audio_inout/Cnt_Bclk_reg[0]/Q
                         net (fo=6, routed)           0.121     0.262    Audio_Codec/audio_inout/Cnt_Bclk_reg[0]
    SLICE_X157Y112       LUT4 (Prop_lut4_I3_O)        0.045     0.307 r  Audio_Codec/audio_inout/Cnt_Bclk[3]_i_1/O
                         net (fo=1, routed)           0.000     0.307    Audio_Codec/audio_inout/p_0_in[3]
    SLICE_X157Y112       FDRE                                         r  Audio_Codec/audio_inout/Cnt_Bclk_reg[3]/D
  -------------------------------------------------------------------    -------------------

Slack:                    inf
  Source:                 Audio_Codec/audio_inout/Cnt_Bclk_reg[0]/C
                            (rising edge-triggered cell FDRE)
  Destination:            Audio_Codec/audio_inout/Cnt_Bclk_reg[2]/D
  Path Group:             (none)
  Path Type:              Min at Fast Process Corner
  Data Path Delay:        0.309ns  (logic 0.189ns (61.148%)  route 0.120ns (38.852%))
  Logic Levels:           2  (FDRE=1 LUT3=1)

    Location             Delay type                Incr(ns)  Path(ns)    Netlist Resource(s)
  -------------------------------------------------------------------    -------------------
    SLICE_X156Y112       FDRE                         0.000     0.000 r  Audio_Codec/audio_inout/Cnt_Bclk_reg[0]/C
    SLICE_X156Y112       FDRE (Prop_fdre_C_Q)         0.141     0.141 r  Audio_Codec/audio_inout/Cnt_Bclk_reg[0]/Q
                         net (fo=6, routed)           0.120     0.261    Audio_Codec/audio_inout/Cnt_Bclk_reg[0]
    SLICE_X157Y112       LUT3 (Prop_lut3_I1_O)        0.048     0.309 r  Audio_Codec/audio_inout/Cnt_Bclk[2]_i_1/O
                         net (fo=1, routed)           0.000     0.309    Audio_Codec/audio_inout/p_0_in[2]
    SLICE_X157Y112       FDRE                                         r  Audio_Codec/audio_inout/Cnt_Bclk_reg[2]/D
  -------------------------------------------------------------------    -------------------

Slack:                    inf
  Source:                 Audio_Codec/audio_inout/Cnt_Bclk_reg[0]/C
                            (rising edge-triggered cell FDRE)
  Destination:            Audio_Codec/audio_inout/Cnt_Bclk_reg[4]/D
  Path Group:             (none)
  Path Type:              Min at Fast Process Corner
  Data Path Delay:        0.311ns  (logic 0.190ns (61.076%)  route 0.121ns (38.924%))
  Logic Levels:           2  (FDRE=1 LUT5=1)

    Location             Delay type                Incr(ns)  Path(ns)    Netlist Resource(s)
  -------------------------------------------------------------------    -------------------
    SLICE_X156Y112       FDRE                         0.000     0.000 r  Audio_Codec/audio_inout/Cnt_Bclk_reg[0]/C
    SLICE_X156Y112       FDRE (Prop_fdre_C_Q)         0.141     0.141 r  Audio_Codec/audio_inout/Cnt_Bclk_reg[0]/Q
                         net (fo=6, routed)           0.121     0.262    Audio_Codec/audio_inout/Cnt_Bclk_reg[0]
    SLICE_X157Y112       LUT5 (Prop_lut5_I1_O)        0.049     0.311 r  Audio_Codec/audio_inout/Cnt_Bclk[4]_i_2/O
                         net (fo=1, routed)           0.000     0.311    Audio_Codec/audio_inout/p_0_in[4]
    SLICE_X157Y112       FDRE                                         r  Audio_Codec/audio_inout/Cnt_Bclk_reg[4]/D
  -------------------------------------------------------------------    -------------------

Slack:                    inf
  Source:                 DP/ResultReg_inst/data_out_reg[5]/C
                            (rising edge-triggered cell FDRE)
  Destination:            Audio_Codec/audio_inout/Data_Out_int_reg[18]/D
  Path Group:             (none)
  Path Type:              Min at Fast Process Corner
  Data Path Delay:        0.323ns  (logic 0.186ns (57.554%)  route 0.137ns (42.446%))
  Logic Levels:           2  (FDRE=1 LUT5=1)

    Location             Delay type                Incr(ns)  Path(ns)    Netlist Resource(s)
  -------------------------------------------------------------------    -------------------
    SLICE_X159Y110       FDRE                         0.000     0.000 r  DP/ResultReg_inst/data_out_reg[5]/C
    SLICE_X159Y110       FDRE (Prop_fdre_C_Q)         0.141     0.141 r  DP/ResultReg_inst/data_out_reg[5]/Q
                         net (fo=1, routed)           0.137     0.278    Audio_Codec/audio_inout/data_out[2]
    SLICE_X159Y109       LUT5 (Prop_lut5_I2_O)        0.045     0.323 r  Audio_Codec/audio_inout/Data_Out_int[18]_i_1/O
                         net (fo=1, routed)           0.000     0.323    Audio_Codec/audio_inout/Data_Out_int[18]_i_1_n_0
    SLICE_X159Y109       FDRE                                         r  Audio_Codec/audio_inout/Data_Out_int_reg[18]/D
  -------------------------------------------------------------------    -------------------

Slack:                    inf
  Source:                 DP/ResultReg_inst/data_out_reg[16]/C
                            (rising edge-triggered cell FDRE)
  Destination:            Audio_Codec/audio_inout/Data_Out_int_reg[29]/D
  Path Group:             (none)
  Path Type:              Min at Fast Process Corner
  Data Path Delay:        0.324ns  (logic 0.186ns (57.389%)  route 0.138ns (42.611%))
  Logic Levels:           2  (FDRE=1 LUT5=1)

    Location             Delay type                Incr(ns)  Path(ns)    Netlist Resource(s)
  -------------------------------------------------------------------    -------------------
    SLICE_X159Y110       FDRE                         0.000     0.000 r  DP/ResultReg_inst/data_out_reg[16]/C
    SLICE_X159Y110       FDRE (Prop_fdre_C_Q)         0.141     0.141 r  DP/ResultReg_inst/data_out_reg[16]/Q
                         net (fo=1, routed)           0.138     0.279    Audio_Codec/audio_inout/data_out[13]
    SLICE_X158Y110       LUT5 (Prop_lut5_I2_O)        0.045     0.324 r  Audio_Codec/audio_inout/Data_Out_int[29]_i_1/O
                         net (fo=1, routed)           0.000     0.324    Audio_Codec/audio_inout/Data_Out_int[29]_i_1_n_0
    SLICE_X158Y110       FDRE                                         r  Audio_Codec/audio_inout/Data_Out_int_reg[29]/D
  -------------------------------------------------------------------    -------------------





--------------------------------------------------------------------------------------
Path Group:  (none)
From Clock:  clk_out1_clk_wiz_0
  To Clock:  

Max Delay             1 Endpoint
Min Delay             1 Endpoint
--------------------------------------------------------------------------------------


Max Delay Paths
--------------------------------------------------------------------------------------
Slack:                    inf
  Source:                 Audio_Codec/audiocodec_master_clock/inst/mmcm_adv_inst/CLKOUT0
                            (clock source 'clk_out1_clk_wiz_0'  {rise@0.000ns fall@40.688ns period=81.375ns})
  Destination:            ac_mclk
                            (output port)
  Path Group:             (none)
  Path Type:              Max at Slow Process Corner
  Data Path Delay:        9.455ns  (logic 3.632ns (38.418%)  route 5.823ns (61.582%))
  Logic Levels:           2  (BUFG=1 OBUF=1)
  Clock Uncertainty:      0.202ns  ((TSJ^2 + DJ^2)^1/2) / 2 + PE
    Total System Jitter     (TSJ):    0.050ns
    Discrete Jitter          (DJ):    0.201ns
    Phase Error              (PE):    0.099ns

    Location             Delay type                Incr(ns)  Path(ns)    Netlist Resource(s)
  -------------------------------------------------------------------    -------------------
                         (clock clk_out1_clk_wiz_0 fall edge)
                                                     40.688    40.688 f  
    BUFGCTRL_X0Y2        BUFG                         0.000    40.688 f  clk_IBUF_BUFG_inst/O
                         net (fo=96, routed)          2.106    42.794    Audio_Codec/audiocodec_master_clock/inst/clk_in1
  -------------------------------------------------------------------    -------------------
    MMCME2_ADV_X1Y0      MMCME2_ADV (Prop_mmcme2_adv_CLKIN1_CLKOUT0)
                                                     -4.900    37.894 f  Audio_Codec/audiocodec_master_clock/inst/mmcm_adv_inst/CLKOUT0
                         net (fo=1, routed)           2.697    40.591    Audio_Codec/audiocodec_master_clock/inst/clk_out1_clk_wiz_0
    BUFGCTRL_X0Y0        BUFG (Prop_bufg_I_O)         0.096    40.688 f  Audio_Codec/audiocodec_master_clock/inst/clkout1_buf/O
                         net (fo=1, routed)           3.125    43.813    ac_mclk_OBUF
    U6                   OBUF (Prop_obuf_I_O)         3.536    47.349 f  ac_mclk_OBUF_inst/O
                         net (fo=0)                   0.000    47.349    ac_mclk
    U6                                                                f  ac_mclk (OUT)
  -------------------------------------------------------------------    -------------------





Min Delay Paths
--------------------------------------------------------------------------------------
Slack:                    inf
  Source:                 Audio_Codec/audiocodec_master_clock/inst/mmcm_adv_inst/CLKOUT0
                            (clock source 'clk_out1_clk_wiz_0'  {rise@0.000ns fall@40.688ns period=81.375ns})
  Destination:            ac_mclk
                            (output port)
  Path Group:             (none)
  Path Type:              Min at Fast Process Corner
  Data Path Delay:        2.971ns  (logic 1.263ns (42.516%)  route 1.708ns (57.484%))
  Logic Levels:           2  (BUFG=1 OBUF=1)
  Clock Uncertainty:      0.202ns  ((TSJ^2 + DJ^2)^1/2) / 2 + PE
    Total System Jitter     (TSJ):    0.050ns
    Discrete Jitter          (DJ):    0.201ns
    Phase Error              (PE):    0.099ns

    Location             Delay type                Incr(ns)  Path(ns)    Netlist Resource(s)
  -------------------------------------------------------------------    -------------------
                         (clock clk_out1_clk_wiz_0 rise edge)
                                                      0.000     0.000 r  
    BUFGCTRL_X0Y2        BUFG                         0.000     0.000 r  clk_IBUF_BUFG_inst/O
                         net (fo=96, routed)          0.745     0.745    Audio_Codec/audiocodec_master_clock/inst/clk_in1
  -------------------------------------------------------------------    -------------------
    MMCME2_ADV_X1Y0      MMCME2_ADV (Prop_mmcme2_adv_CLKIN1_CLKOUT0)
                                                     -1.683    -0.938 r  Audio_Codec/audiocodec_master_clock/inst/mmcm_adv_inst/CLKOUT0
                         net (fo=1, routed)           0.912    -0.026    Audio_Codec/audiocodec_master_clock/inst/clk_out1_clk_wiz_0
    BUFGCTRL_X0Y0        BUFG (Prop_bufg_I_O)         0.026    -0.000 r  Audio_Codec/audiocodec_master_clock/inst/clkout1_buf/O
                         net (fo=1, routed)           0.796     0.796    ac_mclk_OBUF
    U6                   OBUF (Prop_obuf_I_O)         1.237     2.034 r  ac_mclk_OBUF_inst/O
                         net (fo=0)                   0.000     2.034    ac_mclk
    U6                                                                r  ac_mclk (OUT)
  -------------------------------------------------------------------    -------------------





--------------------------------------------------------------------------------------
Path Group:  (none)
From Clock:  clk_out2_clk_wiz_0
  To Clock:  

Max Delay             2 Endpoints
Min Delay             2 Endpoints
--------------------------------------------------------------------------------------


Max Delay Paths
--------------------------------------------------------------------------------------
Slack:                    inf
  Source:                 Audio_Codec/initialize_audio/twi_controller/rScl_reg/C
                            (rising edge-triggered cell FDRE clocked by clk_out2_clk_wiz_0  {rise@0.000ns fall@10.000ns period=20.000ns})
  Destination:            scl
                            (output port)
  Path Group:             (none)
  Path Type:              Max at Slow Process Corner
  Data Path Delay:        5.986ns  (logic 4.021ns (67.177%)  route 1.965ns (32.823%))
  Logic Levels:           1  (OBUFT=1)
  Clock Uncertainty:      0.178ns  ((TSJ^2 + DJ^2)^1/2) / 2 + PE
    Total System Jitter     (TSJ):    0.050ns
    Discrete Jitter          (DJ):    0.152ns
    Phase Error              (PE):    0.099ns

    Location             Delay type                Incr(ns)  Path(ns)    Netlist Resource(s)
  -------------------------------------------------------------------    -------------------
                         (clock clk_out2_clk_wiz_0 rise edge)
                                                      0.000     0.000 r  
    BUFGCTRL_X0Y2        BUFG                         0.000     0.000 r  clk_IBUF_BUFG_inst/O
                         net (fo=96, routed)          2.106     2.106    Audio_Codec/audiocodec_master_clock/inst/clk_in1
    MMCME2_ADV_X1Y0      MMCME2_ADV (Prop_mmcme2_adv_CLKIN1_CLKOUT1)
                                                     -4.900    -2.793 r  Audio_Codec/audiocodec_master_clock/inst/mmcm_adv_inst/CLKOUT1
                         net (fo=1, routed)           2.697    -0.096    Audio_Codec/audiocodec_master_clock/inst/clk_out2_clk_wiz_0
    BUFGCTRL_X0Y1        BUFG (Prop_bufg_I_O)         0.096    -0.000 r  Audio_Codec/audiocodec_master_clock/inst/clkout2_buf/O
                         net (fo=115, routed)         1.824     1.824    Audio_Codec/initialize_audio/twi_controller/clk_out2
    SLICE_X163Y116       FDRE                                         r  Audio_Codec/initialize_audio/twi_controller/rScl_reg/C
  -------------------------------------------------------------------    -------------------
    SLICE_X163Y116       FDRE (Prop_fdre_C_Q)         0.456     2.280 f  Audio_Codec/initialize_audio/twi_controller/rScl_reg/Q
                         net (fo=3, routed)           1.965     4.245    scl_IOBUF_inst/T
    W5                   OBUFT (TriStatE_obuft_T_O)
                                                      3.565     7.810 r  scl_IOBUF_inst/OBUFT/O
                         net (fo=1, unset)            0.000     7.810    scl
    W5                                                                r  scl (INOUT)
  -------------------------------------------------------------------    -------------------

Slack:                    inf
  Source:                 Audio_Codec/initialize_audio/twi_controller/rSda_reg/C
                            (rising edge-triggered cell FDRE clocked by clk_out2_clk_wiz_0  {rise@0.000ns fall@10.000ns period=20.000ns})
  Destination:            sda
                            (output port)
  Path Group:             (none)
  Path Type:              Max at Slow Process Corner
  Data Path Delay:        5.769ns  (logic 4.004ns (69.401%)  route 1.765ns (30.599%))
  Logic Levels:           1  (OBUFT=1)
  Clock Uncertainty:      0.178ns  ((TSJ^2 + DJ^2)^1/2) / 2 + PE
    Total System Jitter     (TSJ):    0.050ns
    Discrete Jitter          (DJ):    0.152ns
    Phase Error              (PE):    0.099ns

    Location             Delay type                Incr(ns)  Path(ns)    Netlist Resource(s)
  -------------------------------------------------------------------    -------------------
                         (clock clk_out2_clk_wiz_0 rise edge)
                                                      0.000     0.000 r  
    BUFGCTRL_X0Y2        BUFG                         0.000     0.000 r  clk_IBUF_BUFG_inst/O
                         net (fo=96, routed)          2.106     2.106    Audio_Codec/audiocodec_master_clock/inst/clk_in1
    MMCME2_ADV_X1Y0      MMCME2_ADV (Prop_mmcme2_adv_CLKIN1_CLKOUT1)
                                                     -4.900    -2.793 r  Audio_Codec/audiocodec_master_clock/inst/mmcm_adv_inst/CLKOUT1
                         net (fo=1, routed)           2.697    -0.096    Audio_Codec/audiocodec_master_clock/inst/clk_out2_clk_wiz_0
    BUFGCTRL_X0Y1        BUFG (Prop_bufg_I_O)         0.096    -0.000 r  Audio_Codec/audiocodec_master_clock/inst/clkout2_buf/O
                         net (fo=115, routed)         1.824     1.824    Audio_Codec/initialize_audio/twi_controller/clk_out2
    SLICE_X163Y116       FDRE                                         r  Audio_Codec/initialize_audio/twi_controller/rSda_reg/C
  -------------------------------------------------------------------    -------------------
    SLICE_X163Y116       FDRE (Prop_fdre_C_Q)         0.456     2.280 f  Audio_Codec/initialize_audio/twi_controller/rSda_reg/Q
                         net (fo=3, routed)           1.765     4.046    sda_IOBUF_inst/T
    V5                   OBUFT (TriStatE_obuft_T_O)
                                                      3.548     7.593 r  sda_IOBUF_inst/OBUFT/O
                         net (fo=1, unset)            0.000     7.593    sda
    V5                                                                r  sda (INOUT)
  -------------------------------------------------------------------    -------------------





Min Delay Paths
--------------------------------------------------------------------------------------
Slack:                    inf
  Source:                 Audio_Codec/initialize_audio/twi_controller/rSda_reg/C
                            (rising edge-triggered cell FDRE clocked by clk_out2_clk_wiz_0  {rise@0.000ns fall@10.000ns period=20.000ns})
  Destination:            sda
                            (output port)
  Path Group:             (none)
  Path Type:              Min at Fast Process Corner
  Data Path Delay:        1.623ns  (logic 0.965ns (59.447%)  route 0.658ns (40.553%))
  Logic Levels:           1  (OBUFT=1)
  Clock Uncertainty:      0.178ns  ((TSJ^2 + DJ^2)^1/2) / 2 + PE
    Total System Jitter     (TSJ):    0.050ns
    Discrete Jitter          (DJ):    0.152ns
    Phase Error              (PE):    0.099ns

    Location             Delay type                Incr(ns)  Path(ns)    Netlist Resource(s)
  -------------------------------------------------------------------    -------------------
                         (clock clk_out2_clk_wiz_0 rise edge)
                                                      0.000     0.000 r  
    BUFGCTRL_X0Y2        BUFG                         0.000     0.000 r  clk_IBUF_BUFG_inst/O
                         net (fo=96, routed)          0.745     0.745    Audio_Codec/audiocodec_master_clock/inst/clk_in1
    MMCME2_ADV_X1Y0      MMCME2_ADV (Prop_mmcme2_adv_CLKIN1_CLKOUT1)
                                                     -1.683    -0.938 r  Audio_Codec/audiocodec_master_clock/inst/mmcm_adv_inst/CLKOUT1
                         net (fo=1, routed)           0.912    -0.026    Audio_Codec/audiocodec_master_clock/inst/clk_out2_clk_wiz_0
    BUFGCTRL_X0Y1        BUFG (Prop_bufg_I_O)         0.026    -0.000 r  Audio_Codec/audiocodec_master_clock/inst/clkout2_buf/O
                         net (fo=115, routed)         0.643     0.643    Audio_Codec/initialize_audio/twi_controller/clk_out2
    SLICE_X163Y116       FDRE                                         r  Audio_Codec/initialize_audio/twi_controller/rSda_reg/C
  -------------------------------------------------------------------    -------------------
    SLICE_X163Y116       FDRE (Prop_fdre_C_Q)         0.141     0.784 r  Audio_Codec/initialize_audio/twi_controller/rSda_reg/Q
                         net (fo=3, routed)           0.658     1.442    sda_IOBUF_inst/T
    V5                   OBUFT (TriStatD_obuft_T_O)
                                                      0.824     2.266 r  sda_IOBUF_inst/OBUFT/O
                         net (fo=1, unset)            0.000     2.266    sda
    V5                                                                r  sda (INOUT)
  -------------------------------------------------------------------    -------------------

Slack:                    inf
  Source:                 Audio_Codec/initialize_audio/twi_controller/rScl_reg/C
                            (rising edge-triggered cell FDRE clocked by clk_out2_clk_wiz_0  {rise@0.000ns fall@10.000ns period=20.000ns})
  Destination:            scl
                            (output port)
  Path Group:             (none)
  Path Type:              Min at Fast Process Corner
  Data Path Delay:        1.692ns  (logic 0.965ns (57.043%)  route 0.727ns (42.957%))
  Logic Levels:           1  (OBUFT=1)
  Clock Uncertainty:      0.178ns  ((TSJ^2 + DJ^2)^1/2) / 2 + PE
    Total System Jitter     (TSJ):    0.050ns
    Discrete Jitter          (DJ):    0.152ns
    Phase Error              (PE):    0.099ns

    Location             Delay type                Incr(ns)  Path(ns)    Netlist Resource(s)
  -------------------------------------------------------------------    -------------------
                         (clock clk_out2_clk_wiz_0 rise edge)
                                                      0.000     0.000 r  
    BUFGCTRL_X0Y2        BUFG                         0.000     0.000 r  clk_IBUF_BUFG_inst/O
                         net (fo=96, routed)          0.745     0.745    Audio_Codec/audiocodec_master_clock/inst/clk_in1
    MMCME2_ADV_X1Y0      MMCME2_ADV (Prop_mmcme2_adv_CLKIN1_CLKOUT1)
                                                     -1.683    -0.938 r  Audio_Codec/audiocodec_master_clock/inst/mmcm_adv_inst/CLKOUT1
                         net (fo=1, routed)           0.912    -0.026    Audio_Codec/audiocodec_master_clock/inst/clk_out2_clk_wiz_0
    BUFGCTRL_X0Y1        BUFG (Prop_bufg_I_O)         0.026    -0.000 r  Audio_Codec/audiocodec_master_clock/inst/clkout2_buf/O
                         net (fo=115, routed)         0.643     0.643    Audio_Codec/initialize_audio/twi_controller/clk_out2
    SLICE_X163Y116       FDRE                                         r  Audio_Codec/initialize_audio/twi_controller/rScl_reg/C
  -------------------------------------------------------------------    -------------------
    SLICE_X163Y116       FDRE (Prop_fdre_C_Q)         0.141     0.784 r  Audio_Codec/initialize_audio/twi_controller/rScl_reg/Q
                         net (fo=3, routed)           0.727     1.510    scl_IOBUF_inst/T
    W5                   OBUFT (TriStatD_obuft_T_O)
                                                      0.824     2.334 r  scl_IOBUF_inst/OBUFT/O
                         net (fo=1, unset)            0.000     2.334    scl
    W5                                                                r  scl (INOUT)
  -------------------------------------------------------------------    -------------------





--------------------------------------------------------------------------------------
Path Group:  (none)
From Clock:  clkfbout_clk_wiz_0
  To Clock:  

Max Delay             1 Endpoint
Min Delay             1 Endpoint
--------------------------------------------------------------------------------------


Max Delay Paths
--------------------------------------------------------------------------------------
Slack:                    inf
  Source:                 Audio_Codec/audiocodec_master_clock/inst/mmcm_adv_inst/CLKFBOUT
                            (clock source 'clkfbout_clk_wiz_0'  {rise@0.000ns fall@5.000ns period=10.000ns})
  Destination:            Audio_Codec/audiocodec_master_clock/inst/mmcm_adv_inst/CLKFBIN
  Path Group:             (none)
  Path Type:              Max at Slow Process Corner
  Data Path Delay:        4.900ns  (logic 0.096ns (1.959%)  route 4.804ns (98.041%))
  Logic Levels:           1  (BUFG=1)
  Clock Uncertainty:      0.148ns  ((TSJ^2 + DJ^2)^1/2) / 2 + PE
    Total System Jitter     (TSJ):    0.050ns
    Discrete Jitter          (DJ):    0.086ns
    Phase Error              (PE):    0.099ns

    Location             Delay type                Incr(ns)  Path(ns)    Netlist Resource(s)
  -------------------------------------------------------------------    -------------------
                         (clock clkfbout_clk_wiz_0 fall edge)
                                                      5.000     5.000 f  
    BUFGCTRL_X0Y2        BUFG                         0.000     5.000 f  clk_IBUF_BUFG_inst/O
                         net (fo=96, routed)          2.106     7.106    Audio_Codec/audiocodec_master_clock/inst/clk_in1
  -------------------------------------------------------------------    -------------------
    MMCME2_ADV_X1Y0      MMCME2_ADV (Prop_mmcme2_adv_CLKIN1_CLKFBOUT)
                                                     -4.900     2.207 f  Audio_Codec/audiocodec_master_clock/inst/mmcm_adv_inst/CLKFBOUT
                         net (fo=1, routed)           2.697     4.904    Audio_Codec/audiocodec_master_clock/inst/clkfbout_clk_wiz_0
    BUFGCTRL_X0Y3        BUFG (Prop_bufg_I_O)         0.096     5.000 f  Audio_Codec/audiocodec_master_clock/inst/clkf_buf/O
                         net (fo=1, routed)           2.106     7.106    Audio_Codec/audiocodec_master_clock/inst/clkfbout_buf_clk_wiz_0
    MMCME2_ADV_X1Y0      MMCME2_ADV                                   f  Audio_Codec/audiocodec_master_clock/inst/mmcm_adv_inst/CLKFBIN
  -------------------------------------------------------------------    -------------------





Min Delay Paths
--------------------------------------------------------------------------------------
Slack:                    inf
  Source:                 Audio_Codec/audiocodec_master_clock/inst/mmcm_adv_inst/CLKFBOUT
                            (clock source 'clkfbout_clk_wiz_0'  {rise@0.000ns fall@5.000ns period=10.000ns})
  Destination:            Audio_Codec/audiocodec_master_clock/inst/mmcm_adv_inst/CLKFBIN
  Path Group:             (none)
  Path Type:              Min at Fast Process Corner
  Data Path Delay:        1.683ns  (logic 0.026ns (1.545%)  route 1.657ns (98.455%))
  Logic Levels:           1  (BUFG=1)
  Clock Uncertainty:      0.148ns  ((TSJ^2 + DJ^2)^1/2) / 2 + PE
    Total System Jitter     (TSJ):    0.050ns
    Discrete Jitter          (DJ):    0.086ns
    Phase Error              (PE):    0.099ns

    Location             Delay type                Incr(ns)  Path(ns)    Netlist Resource(s)
  -------------------------------------------------------------------    -------------------
                         (clock clkfbout_clk_wiz_0 rise edge)
                                                      0.000     0.000 r  
    BUFGCTRL_X0Y2        BUFG                         0.000     0.000 r  clk_IBUF_BUFG_inst/O
                         net (fo=96, routed)          0.745     0.745    Audio_Codec/audiocodec_master_clock/inst/clk_in1
  -------------------------------------------------------------------    -------------------
    MMCME2_ADV_X1Y0      MMCME2_ADV (Prop_mmcme2_adv_CLKIN1_CLKFBOUT)
                                                     -1.683    -0.938 r  Audio_Codec/audiocodec_master_clock/inst/mmcm_adv_inst/CLKFBOUT
                         net (fo=1, routed)           0.912    -0.026    Audio_Codec/audiocodec_master_clock/inst/clkfbout_clk_wiz_0
    BUFGCTRL_X0Y3        BUFG (Prop_bufg_I_O)         0.026    -0.000 r  Audio_Codec/audiocodec_master_clock/inst/clkf_buf/O
                         net (fo=1, routed)           0.745     0.745    Audio_Codec/audiocodec_master_clock/inst/clkfbout_buf_clk_wiz_0
    MMCME2_ADV_X1Y0      MMCME2_ADV                                   r  Audio_Codec/audiocodec_master_clock/inst/mmcm_adv_inst/CLKFBIN
  -------------------------------------------------------------------    -------------------





--------------------------------------------------------------------------------------
Path Group:  (none)
From Clock:  
  To Clock:  clk_out2_clk_wiz_0

Max Delay            34 Endpoints
Min Delay            34 Endpoints
--------------------------------------------------------------------------------------


Max Delay Paths
--------------------------------------------------------------------------------------
Slack:                    inf
  Source:                 reset_n
                            (input port)
  Destination:            Audio_Codec/initialize_audio/state_reg[2]/S
                            (rising edge-triggered cell FDSE clocked by clk_out2_clk_wiz_0  {rise@0.000ns fall@10.000ns period=20.000ns})
  Path Group:             (none)
  Path Type:              Setup (Max at Slow Process Corner)
  Data Path Delay:        5.797ns  (logic 1.212ns (20.902%)  route 4.586ns (79.098%))
  Logic Levels:           2  (IBUF=1 LUT1=1)
  Clock Path Skew:        1.705ns (DCD - SCD + CPR)
    Destination Clock Delay (DCD):    1.705ns
    Source Clock Delay      (SCD):    0.000ns
    Clock Pessimism Removal (CPR):    0.000ns
  Clock Uncertainty:      0.178ns  ((TSJ^2 + DJ^2)^1/2) / 2 + PE
    Total System Jitter     (TSJ):    0.050ns
    Discrete Jitter          (DJ):    0.152ns
    Phase Error              (PE):    0.099ns

    Location             Delay type                Incr(ns)  Path(ns)    Netlist Resource(s)
  -------------------------------------------------------------------    -------------------
    G4                                                0.000     0.000 f  reset_n (IN)
                         net (fo=0)                   0.000     0.000    reset_n
    G4                   IBUF (Prop_ibuf_I_O)         1.062     1.062 f  reset_n_IBUF_inst/O
                         net (fo=31, routed)          3.803     4.865    Audio_Codec/audio_inout/reset_n_IBUF
    SLICE_X158Y112       LUT1 (Prop_lut1_I0_O)        0.150     5.015 r  Audio_Codec/audio_inout/state[2]_i_1/O
                         net (fo=14, routed)          0.783     5.797    Audio_Codec/initialize_audio/SR[0]
    SLICE_X157Y115       FDSE                                         r  Audio_Codec/initialize_audio/state_reg[2]/S
  -------------------------------------------------------------------    -------------------

                         (clock clk_out2_clk_wiz_0 rise edge)
                                                      0.000     0.000 r  
    BUFGCTRL_X0Y2        BUFG                         0.000     0.000 r  clk_IBUF_BUFG_inst/O
                         net (fo=96, routed)          1.972     1.972    Audio_Codec/audiocodec_master_clock/inst/clk_in1
    MMCME2_ADV_X1Y0      MMCME2_ADV (Prop_mmcme2_adv_CLKIN1_CLKOUT1)
                                                     -4.637    -2.665 r  Audio_Codec/audiocodec_master_clock/inst/mmcm_adv_inst/CLKOUT1
                         net (fo=1, routed)           2.574    -0.091    Audio_Codec/audiocodec_master_clock/inst/clk_out2_clk_wiz_0
    BUFGCTRL_X0Y1        BUFG (Prop_bufg_I_O)         0.091     0.000 r  Audio_Codec/audiocodec_master_clock/inst/clkout2_buf/O
                         net (fo=115, routed)         1.705     1.705    Audio_Codec/initialize_audio/clk_out2
    SLICE_X157Y115       FDSE                                         r  Audio_Codec/initialize_audio/state_reg[2]/C

Slack:                    inf
  Source:                 reset_n
                            (input port)
  Destination:            Audio_Codec/initialize_audio/state_reg[3]/R
                            (rising edge-triggered cell FDRE clocked by clk_out2_clk_wiz_0  {rise@0.000ns fall@10.000ns period=20.000ns})
  Path Group:             (none)
  Path Type:              Setup (Max at Slow Process Corner)
  Data Path Delay:        5.797ns  (logic 1.212ns (20.902%)  route 4.586ns (79.098%))
  Logic Levels:           2  (IBUF=1 LUT1=1)
  Clock Path Skew:        1.705ns (DCD - SCD + CPR)
    Destination Clock Delay (DCD):    1.705ns
    Source Clock Delay      (SCD):    0.000ns
    Clock Pessimism Removal (CPR):    0.000ns
  Clock Uncertainty:      0.178ns  ((TSJ^2 + DJ^2)^1/2) / 2 + PE
    Total System Jitter     (TSJ):    0.050ns
    Discrete Jitter          (DJ):    0.152ns
    Phase Error              (PE):    0.099ns

    Location             Delay type                Incr(ns)  Path(ns)    Netlist Resource(s)
  -------------------------------------------------------------------    -------------------
    G4                                                0.000     0.000 f  reset_n (IN)
                         net (fo=0)                   0.000     0.000    reset_n
    G4                   IBUF (Prop_ibuf_I_O)         1.062     1.062 f  reset_n_IBUF_inst/O
                         net (fo=31, routed)          3.803     4.865    Audio_Codec/audio_inout/reset_n_IBUF
    SLICE_X158Y112       LUT1 (Prop_lut1_I0_O)        0.150     5.015 r  Audio_Codec/audio_inout/state[2]_i_1/O
                         net (fo=14, routed)          0.783     5.797    Audio_Codec/initialize_audio/SR[0]
    SLICE_X157Y115       FDRE                                         r  Audio_Codec/initialize_audio/state_reg[3]/R
  -------------------------------------------------------------------    -------------------

                         (clock clk_out2_clk_wiz_0 rise edge)
                                                      0.000     0.000 r  
    BUFGCTRL_X0Y2        BUFG                         0.000     0.000 r  clk_IBUF_BUFG_inst/O
                         net (fo=96, routed)          1.972     1.972    Audio_Codec/audiocodec_master_clock/inst/clk_in1
    MMCME2_ADV_X1Y0      MMCME2_ADV (Prop_mmcme2_adv_CLKIN1_CLKOUT1)
                                                     -4.637    -2.665 r  Audio_Codec/audiocodec_master_clock/inst/mmcm_adv_inst/CLKOUT1
                         net (fo=1, routed)           2.574    -0.091    Audio_Codec/audiocodec_master_clock/inst/clk_out2_clk_wiz_0
    BUFGCTRL_X0Y1        BUFG (Prop_bufg_I_O)         0.091     0.000 r  Audio_Codec/audiocodec_master_clock/inst/clkout2_buf/O
                         net (fo=115, routed)         1.705     1.705    Audio_Codec/initialize_audio/clk_out2
    SLICE_X157Y115       FDRE                                         r  Audio_Codec/initialize_audio/state_reg[3]/C

Slack:                    inf
  Source:                 reset_n
                            (input port)
  Destination:            Audio_Codec/initialize_audio/twi_controller/FSM_gray_state_reg[2]/CE
                            (rising edge-triggered cell FDRE clocked by clk_out2_clk_wiz_0  {rise@0.000ns fall@10.000ns period=20.000ns})
  Path Group:             (none)
  Path Type:              Setup (Max at Slow Process Corner)
  Data Path Delay:        5.783ns  (logic 1.310ns (22.651%)  route 4.473ns (77.349%))
  Logic Levels:           3  (IBUF=1 LUT6=2)
  Clock Path Skew:        1.707ns (DCD - SCD + CPR)
    Destination Clock Delay (DCD):    1.707ns
    Source Clock Delay      (SCD):    0.000ns
    Clock Pessimism Removal (CPR):    0.000ns
  Clock Uncertainty:      0.178ns  ((TSJ^2 + DJ^2)^1/2) / 2 + PE
    Total System Jitter     (TSJ):    0.050ns
    Discrete Jitter          (DJ):    0.152ns
    Phase Error              (PE):    0.099ns

    Location             Delay type                Incr(ns)  Path(ns)    Netlist Resource(s)
  -------------------------------------------------------------------    -------------------
    G4                                                0.000     0.000 r  reset_n (IN)
                         net (fo=0)                   0.000     0.000    reset_n
    G4                   IBUF (Prop_ibuf_I_O)         1.062     1.062 r  reset_n_IBUF_inst/O
                         net (fo=31, routed)          3.170     4.232    Audio_Codec/initialize_audio/twi_controller/reset_n_IBUF
    SLICE_X162Y116       LUT6 (Prop_lut6_I4_O)        0.124     4.356 r  Audio_Codec/initialize_audio/twi_controller/FSM_gray_state[3]_i_6/O
                         net (fo=1, routed)           0.636     4.992    Audio_Codec/initialize_audio/twi_controller/FSM_gray_state[3]_i_6_n_0
    SLICE_X160Y116       LUT6 (Prop_lut6_I3_O)        0.124     5.116 r  Audio_Codec/initialize_audio/twi_controller/FSM_gray_state[3]_i_1/O
                         net (fo=4, routed)           0.667     5.783    Audio_Codec/initialize_audio/twi_controller/FSM_gray_state[3]_i_1_n_0
    SLICE_X161Y115       FDRE                                         r  Audio_Codec/initialize_audio/twi_controller/FSM_gray_state_reg[2]/CE
  -------------------------------------------------------------------    -------------------

                         (clock clk_out2_clk_wiz_0 rise edge)
                                                      0.000     0.000 r  
    BUFGCTRL_X0Y2        BUFG                         0.000     0.000 r  clk_IBUF_BUFG_inst/O
                         net (fo=96, routed)          1.972     1.972    Audio_Codec/audiocodec_master_clock/inst/clk_in1
    MMCME2_ADV_X1Y0      MMCME2_ADV (Prop_mmcme2_adv_CLKIN1_CLKOUT1)
                                                     -4.637    -2.665 r  Audio_Codec/audiocodec_master_clock/inst/mmcm_adv_inst/CLKOUT1
                         net (fo=1, routed)           2.574    -0.091    Audio_Codec/audiocodec_master_clock/inst/clk_out2_clk_wiz_0
    BUFGCTRL_X0Y1        BUFG (Prop_bufg_I_O)         0.091     0.000 r  Audio_Codec/audiocodec_master_clock/inst/clkout2_buf/O
                         net (fo=115, routed)         1.707     1.707    Audio_Codec/initialize_audio/twi_controller/clk_out2
    SLICE_X161Y115       FDRE                                         r  Audio_Codec/initialize_audio/twi_controller/FSM_gray_state_reg[2]/C

Slack:                    inf
  Source:                 reset_n
                            (input port)
  Destination:            Audio_Codec/initialize_audio/initA_reg[2]/D
                            (rising edge-triggered cell FDRE clocked by clk_out2_clk_wiz_0  {rise@0.000ns fall@10.000ns period=20.000ns})
  Path Group:             (none)
  Path Type:              Setup (Max at Slow Process Corner)
  Data Path Delay:        5.699ns  (logic 1.215ns (21.315%)  route 4.484ns (78.685%))
  Logic Levels:           2  (IBUF=1 LUT5=1)
  Clock Path Skew:        1.705ns (DCD - SCD + CPR)
    Destination Clock Delay (DCD):    1.705ns
    Source Clock Delay      (SCD):    0.000ns
    Clock Pessimism Removal (CPR):    0.000ns
  Clock Uncertainty:      0.178ns  ((TSJ^2 + DJ^2)^1/2) / 2 + PE
    Total System Jitter     (TSJ):    0.050ns
    Discrete Jitter          (DJ):    0.152ns
    Phase Error              (PE):    0.099ns

    Location             Delay type                Incr(ns)  Path(ns)    Netlist Resource(s)
  -------------------------------------------------------------------    -------------------
    G4                                                0.000     0.000 r  reset_n (IN)
                         net (fo=0)                   0.000     0.000    reset_n
    G4                   IBUF (Prop_ibuf_I_O)         1.062     1.062 r  reset_n_IBUF_inst/O
                         net (fo=31, routed)          4.484     5.546    Audio_Codec/initialize_audio/twi_controller/reset_n_IBUF
    SLICE_X159Y115       LUT5 (Prop_lut5_I2_O)        0.153     5.699 r  Audio_Codec/initialize_audio/twi_controller/initA[2]_i_1/O
                         net (fo=1, routed)           0.000     5.699    Audio_Codec/initialize_audio/twi_controller_n_11
    SLICE_X159Y115       FDRE                                         r  Audio_Codec/initialize_audio/initA_reg[2]/D
  -------------------------------------------------------------------    -------------------

                         (clock clk_out2_clk_wiz_0 rise edge)
                                                      0.000     0.000 r  
    BUFGCTRL_X0Y2        BUFG                         0.000     0.000 r  clk_IBUF_BUFG_inst/O
                         net (fo=96, routed)          1.972     1.972    Audio_Codec/audiocodec_master_clock/inst/clk_in1
    MMCME2_ADV_X1Y0      MMCME2_ADV (Prop_mmcme2_adv_CLKIN1_CLKOUT1)
                                                     -4.637    -2.665 r  Audio_Codec/audiocodec_master_clock/inst/mmcm_adv_inst/CLKOUT1
                         net (fo=1, routed)           2.574    -0.091    Audio_Codec/audiocodec_master_clock/inst/clk_out2_clk_wiz_0
    BUFGCTRL_X0Y1        BUFG (Prop_bufg_I_O)         0.091     0.000 r  Audio_Codec/audiocodec_master_clock/inst/clkout2_buf/O
                         net (fo=115, routed)         1.705     1.705    Audio_Codec/initialize_audio/clk_out2
    SLICE_X159Y115       FDRE                                         r  Audio_Codec/initialize_audio/initA_reg[2]/C

Slack:                    inf
  Source:                 reset_n
                            (input port)
  Destination:            Audio_Codec/initialize_audio/initA_reg[1]/D
                            (rising edge-triggered cell FDRE clocked by clk_out2_clk_wiz_0  {rise@0.000ns fall@10.000ns period=20.000ns})
  Path Group:             (none)
  Path Type:              Setup (Max at Slow Process Corner)
  Data Path Delay:        5.670ns  (logic 1.186ns (20.913%)  route 4.484ns (79.087%))
  Logic Levels:           2  (IBUF=1 LUT4=1)
  Clock Path Skew:        1.705ns (DCD - SCD + CPR)
    Destination Clock Delay (DCD):    1.705ns
    Source Clock Delay      (SCD):    0.000ns
    Clock Pessimism Removal (CPR):    0.000ns
  Clock Uncertainty:      0.178ns  ((TSJ^2 + DJ^2)^1/2) / 2 + PE
    Total System Jitter     (TSJ):    0.050ns
    Discrete Jitter          (DJ):    0.152ns
    Phase Error              (PE):    0.099ns

    Location             Delay type                Incr(ns)  Path(ns)    Netlist Resource(s)
  -------------------------------------------------------------------    -------------------
    G4                                                0.000     0.000 r  reset_n (IN)
                         net (fo=0)                   0.000     0.000    reset_n
    G4                   IBUF (Prop_ibuf_I_O)         1.062     1.062 r  reset_n_IBUF_inst/O
                         net (fo=31, routed)          4.484     5.546    Audio_Codec/initialize_audio/twi_controller/reset_n_IBUF
    SLICE_X159Y115       LUT4 (Prop_lut4_I1_O)        0.124     5.670 r  Audio_Codec/initialize_audio/twi_controller/initA[1]_i_1/O
                         net (fo=1, routed)           0.000     5.670    Audio_Codec/initialize_audio/twi_controller_n_13
    SLICE_X159Y115       FDRE                                         r  Audio_Codec/initialize_audio/initA_reg[1]/D
  -------------------------------------------------------------------    -------------------

                         (clock clk_out2_clk_wiz_0 rise edge)
                                                      0.000     0.000 r  
    BUFGCTRL_X0Y2        BUFG                         0.000     0.000 r  clk_IBUF_BUFG_inst/O
                         net (fo=96, routed)          1.972     1.972    Audio_Codec/audiocodec_master_clock/inst/clk_in1
    MMCME2_ADV_X1Y0      MMCME2_ADV (Prop_mmcme2_adv_CLKIN1_CLKOUT1)
                                                     -4.637    -2.665 r  Audio_Codec/audiocodec_master_clock/inst/mmcm_adv_inst/CLKOUT1
                         net (fo=1, routed)           2.574    -0.091    Audio_Codec/audiocodec_master_clock/inst/clk_out2_clk_wiz_0
    BUFGCTRL_X0Y1        BUFG (Prop_bufg_I_O)         0.091     0.000 r  Audio_Codec/audiocodec_master_clock/inst/clkout2_buf/O
                         net (fo=115, routed)         1.705     1.705    Audio_Codec/initialize_audio/clk_out2
    SLICE_X159Y115       FDRE                                         r  Audio_Codec/initialize_audio/initA_reg[1]/C

Slack:                    inf
  Source:                 reset_n
                            (input port)
  Destination:            Audio_Codec/initialize_audio/state_reg[0]/R
                            (rising edge-triggered cell FDRE clocked by clk_out2_clk_wiz_0  {rise@0.000ns fall@10.000ns period=20.000ns})
  Path Group:             (none)
  Path Type:              Setup (Max at Slow Process Corner)
  Data Path Delay:        5.659ns  (logic 1.212ns (21.413%)  route 4.447ns (78.587%))
  Logic Levels:           2  (IBUF=1 LUT1=1)
  Clock Path Skew:        1.706ns (DCD - SCD + CPR)
    Destination Clock Delay (DCD):    1.706ns
    Source Clock Delay      (SCD):    0.000ns
    Clock Pessimism Removal (CPR):    0.000ns
  Clock Uncertainty:      0.178ns  ((TSJ^2 + DJ^2)^1/2) / 2 + PE
    Total System Jitter     (TSJ):    0.050ns
    Discrete Jitter          (DJ):    0.152ns
    Phase Error              (PE):    0.099ns

    Location             Delay type                Incr(ns)  Path(ns)    Netlist Resource(s)
  -------------------------------------------------------------------    -------------------
    G4                                                0.000     0.000 f  reset_n (IN)
                         net (fo=0)                   0.000     0.000    reset_n
    G4                   IBUF (Prop_ibuf_I_O)         1.062     1.062 f  reset_n_IBUF_inst/O
                         net (fo=31, routed)          3.803     4.865    Audio_Codec/audio_inout/reset_n_IBUF
    SLICE_X158Y112       LUT1 (Prop_lut1_I0_O)        0.150     5.015 r  Audio_Codec/audio_inout/state[2]_i_1/O
                         net (fo=14, routed)          0.644     5.659    Audio_Codec/initialize_audio/SR[0]
    SLICE_X157Y114       FDRE                                         r  Audio_Codec/initialize_audio/state_reg[0]/R
  -------------------------------------------------------------------    -------------------

                         (clock clk_out2_clk_wiz_0 rise edge)
                                                      0.000     0.000 r  
    BUFGCTRL_X0Y2        BUFG                         0.000     0.000 r  clk_IBUF_BUFG_inst/O
                         net (fo=96, routed)          1.972     1.972    Audio_Codec/audiocodec_master_clock/inst/clk_in1
    MMCME2_ADV_X1Y0      MMCME2_ADV (Prop_mmcme2_adv_CLKIN1_CLKOUT1)
                                                     -4.637    -2.665 r  Audio_Codec/audiocodec_master_clock/inst/mmcm_adv_inst/CLKOUT1
                         net (fo=1, routed)           2.574    -0.091    Audio_Codec/audiocodec_master_clock/inst/clk_out2_clk_wiz_0
    BUFGCTRL_X0Y1        BUFG (Prop_bufg_I_O)         0.091     0.000 r  Audio_Codec/audiocodec_master_clock/inst/clkout2_buf/O
                         net (fo=115, routed)         1.706     1.706    Audio_Codec/initialize_audio/clk_out2
    SLICE_X157Y114       FDRE                                         r  Audio_Codec/initialize_audio/state_reg[0]/C

Slack:                    inf
  Source:                 reset_n
                            (input port)
  Destination:            Audio_Codec/initialize_audio/state_reg[1]/S
                            (rising edge-triggered cell FDSE clocked by clk_out2_clk_wiz_0  {rise@0.000ns fall@10.000ns period=20.000ns})
  Path Group:             (none)
  Path Type:              Setup (Max at Slow Process Corner)
  Data Path Delay:        5.659ns  (logic 1.212ns (21.413%)  route 4.447ns (78.587%))
  Logic Levels:           2  (IBUF=1 LUT1=1)
  Clock Path Skew:        1.706ns (DCD - SCD + CPR)
    Destination Clock Delay (DCD):    1.706ns
    Source Clock Delay      (SCD):    0.000ns
    Clock Pessimism Removal (CPR):    0.000ns
  Clock Uncertainty:      0.178ns  ((TSJ^2 + DJ^2)^1/2) / 2 + PE
    Total System Jitter     (TSJ):    0.050ns
    Discrete Jitter          (DJ):    0.152ns
    Phase Error              (PE):    0.099ns

    Location             Delay type                Incr(ns)  Path(ns)    Netlist Resource(s)
  -------------------------------------------------------------------    -------------------
    G4                                                0.000     0.000 f  reset_n (IN)
                         net (fo=0)                   0.000     0.000    reset_n
    G4                   IBUF (Prop_ibuf_I_O)         1.062     1.062 f  reset_n_IBUF_inst/O
                         net (fo=31, routed)          3.803     4.865    Audio_Codec/audio_inout/reset_n_IBUF
    SLICE_X158Y112       LUT1 (Prop_lut1_I0_O)        0.150     5.015 r  Audio_Codec/audio_inout/state[2]_i_1/O
                         net (fo=14, routed)          0.644     5.659    Audio_Codec/initialize_audio/SR[0]
    SLICE_X157Y114       FDSE                                         r  Audio_Codec/initialize_audio/state_reg[1]/S
  -------------------------------------------------------------------    -------------------

                         (clock clk_out2_clk_wiz_0 rise edge)
                                                      0.000     0.000 r  
    BUFGCTRL_X0Y2        BUFG                         0.000     0.000 r  clk_IBUF_BUFG_inst/O
                         net (fo=96, routed)          1.972     1.972    Audio_Codec/audiocodec_master_clock/inst/clk_in1
    MMCME2_ADV_X1Y0      MMCME2_ADV (Prop_mmcme2_adv_CLKIN1_CLKOUT1)
                                                     -4.637    -2.665 r  Audio_Codec/audiocodec_master_clock/inst/mmcm_adv_inst/CLKOUT1
                         net (fo=1, routed)           2.574    -0.091    Audio_Codec/audiocodec_master_clock/inst/clk_out2_clk_wiz_0
    BUFGCTRL_X0Y1        BUFG (Prop_bufg_I_O)         0.091     0.000 r  Audio_Codec/audiocodec_master_clock/inst/clkout2_buf/O
                         net (fo=115, routed)         1.706     1.706    Audio_Codec/initialize_audio/clk_out2
    SLICE_X157Y114       FDSE                                         r  Audio_Codec/initialize_audio/state_reg[1]/C

Slack:                    inf
  Source:                 reset_n
                            (input port)
  Destination:            Audio_Codec/initialize_audio/twi_controller/FSM_gray_state_reg[1]/CE
                            (rising edge-triggered cell FDRE clocked by clk_out2_clk_wiz_0  {rise@0.000ns fall@10.000ns period=20.000ns})
  Path Group:             (none)
  Path Type:              Setup (Max at Slow Process Corner)
  Data Path Delay:        5.639ns  (logic 1.310ns (23.225%)  route 4.330ns (76.775%))
  Logic Levels:           3  (IBUF=1 LUT6=2)
  Clock Path Skew:        1.705ns (DCD - SCD + CPR)
    Destination Clock Delay (DCD):    1.705ns
    Source Clock Delay      (SCD):    0.000ns
    Clock Pessimism Removal (CPR):    0.000ns
  Clock Uncertainty:      0.178ns  ((TSJ^2 + DJ^2)^1/2) / 2 + PE
    Total System Jitter     (TSJ):    0.050ns
    Discrete Jitter          (DJ):    0.152ns
    Phase Error              (PE):    0.099ns

    Location             Delay type                Incr(ns)  Path(ns)    Netlist Resource(s)
  -------------------------------------------------------------------    -------------------
    G4                                                0.000     0.000 r  reset_n (IN)
                         net (fo=0)                   0.000     0.000    reset_n
    G4                   IBUF (Prop_ibuf_I_O)         1.062     1.062 r  reset_n_IBUF_inst/O
                         net (fo=31, routed)          3.170     4.232    Audio_Codec/initialize_audio/twi_controller/reset_n_IBUF
    SLICE_X162Y116       LUT6 (Prop_lut6_I4_O)        0.124     4.356 r  Audio_Codec/initialize_audio/twi_controller/FSM_gray_state[3]_i_6/O
                         net (fo=1, routed)           0.636     4.992    Audio_Codec/initialize_audio/twi_controller/FSM_gray_state[3]_i_6_n_0
    SLICE_X160Y116       LUT6 (Prop_lut6_I3_O)        0.124     5.116 r  Audio_Codec/initialize_audio/twi_controller/FSM_gray_state[3]_i_1/O
                         net (fo=4, routed)           0.524     5.639    Audio_Codec/initialize_audio/twi_controller/FSM_gray_state[3]_i_1_n_0
    SLICE_X161Y117       FDRE                                         r  Audio_Codec/initialize_audio/twi_controller/FSM_gray_state_reg[1]/CE
  -------------------------------------------------------------------    -------------------

                         (clock clk_out2_clk_wiz_0 rise edge)
                                                      0.000     0.000 r  
    BUFGCTRL_X0Y2        BUFG                         0.000     0.000 r  clk_IBUF_BUFG_inst/O
                         net (fo=96, routed)          1.972     1.972    Audio_Codec/audiocodec_master_clock/inst/clk_in1
    MMCME2_ADV_X1Y0      MMCME2_ADV (Prop_mmcme2_adv_CLKIN1_CLKOUT1)
                                                     -4.637    -2.665 r  Audio_Codec/audiocodec_master_clock/inst/mmcm_adv_inst/CLKOUT1
                         net (fo=1, routed)           2.574    -0.091    Audio_Codec/audiocodec_master_clock/inst/clk_out2_clk_wiz_0
    BUFGCTRL_X0Y1        BUFG (Prop_bufg_I_O)         0.091     0.000 r  Audio_Codec/audiocodec_master_clock/inst/clkout2_buf/O
                         net (fo=115, routed)         1.705     1.705    Audio_Codec/initialize_audio/twi_controller/clk_out2
    SLICE_X161Y117       FDRE                                         r  Audio_Codec/initialize_audio/twi_controller/FSM_gray_state_reg[1]/C

Slack:                    inf
  Source:                 reset_n
                            (input port)
  Destination:            Audio_Codec/initialize_audio/data_i_reg[5]/R
                            (rising edge-triggered cell FDRE clocked by clk_out2_clk_wiz_0  {rise@0.000ns fall@10.000ns period=20.000ns})
  Path Group:             (none)
  Path Type:              Setup (Max at Slow Process Corner)
  Data Path Delay:        5.514ns  (logic 1.186ns (21.506%)  route 4.328ns (78.494%))
  Logic Levels:           2  (IBUF=1 LUT5=1)
  Clock Path Skew:        1.708ns (DCD - SCD + CPR)
    Destination Clock Delay (DCD):    1.708ns
    Source Clock Delay      (SCD):    0.000ns
    Clock Pessimism Removal (CPR):    0.000ns
  Clock Uncertainty:      0.178ns  ((TSJ^2 + DJ^2)^1/2) / 2 + PE
    Total System Jitter     (TSJ):    0.050ns
    Discrete Jitter          (DJ):    0.152ns
    Phase Error              (PE):    0.099ns

    Location             Delay type                Incr(ns)  Path(ns)    Netlist Resource(s)
  -------------------------------------------------------------------    -------------------
    G4                                                0.000     0.000 r  reset_n (IN)
                         net (fo=0)                   0.000     0.000    reset_n
    G4                   IBUF (Prop_ibuf_I_O)         1.062     1.062 r  reset_n_IBUF_inst/O
                         net (fo=31, routed)          3.651     4.713    Audio_Codec/initialize_audio/reset_n_IBUF
    SLICE_X162Y113       LUT5 (Prop_lut5_I0_O)        0.124     4.837 r  Audio_Codec/initialize_audio/data_i[5]_i_1/O
                         net (fo=4, routed)           0.677     5.514    Audio_Codec/initialize_audio/data_i[5]_i_1_n_0
    SLICE_X162Y113       FDRE                                         r  Audio_Codec/initialize_audio/data_i_reg[5]/R
  -------------------------------------------------------------------    -------------------

                         (clock clk_out2_clk_wiz_0 rise edge)
                                                      0.000     0.000 r  
    BUFGCTRL_X0Y2        BUFG                         0.000     0.000 r  clk_IBUF_BUFG_inst/O
                         net (fo=96, routed)          1.972     1.972    Audio_Codec/audiocodec_master_clock/inst/clk_in1
    MMCME2_ADV_X1Y0      MMCME2_ADV (Prop_mmcme2_adv_CLKIN1_CLKOUT1)
                                                     -4.637    -2.665 r  Audio_Codec/audiocodec_master_clock/inst/mmcm_adv_inst/CLKOUT1
                         net (fo=1, routed)           2.574    -0.091    Audio_Codec/audiocodec_master_clock/inst/clk_out2_clk_wiz_0
    BUFGCTRL_X0Y1        BUFG (Prop_bufg_I_O)         0.091     0.000 r  Audio_Codec/audiocodec_master_clock/inst/clkout2_buf/O
                         net (fo=115, routed)         1.708     1.708    Audio_Codec/initialize_audio/clk_out2
    SLICE_X162Y113       FDRE                                         r  Audio_Codec/initialize_audio/data_i_reg[5]/C

Slack:                    inf
  Source:                 reset_n
                            (input port)
  Destination:            Audio_Codec/initialize_audio/twi_controller/FSM_gray_state_reg[0]/CE
                            (rising edge-triggered cell FDRE clocked by clk_out2_clk_wiz_0  {rise@0.000ns fall@10.000ns period=20.000ns})
  Path Group:             (none)
  Path Type:              Setup (Max at Slow Process Corner)
  Data Path Delay:        5.508ns  (logic 1.310ns (23.782%)  route 4.198ns (76.218%))
  Logic Levels:           3  (IBUF=1 LUT6=2)
  Clock Path Skew:        1.706ns (DCD - SCD + CPR)
    Destination Clock Delay (DCD):    1.706ns
    Source Clock Delay      (SCD):    0.000ns
    Clock Pessimism Removal (CPR):    0.000ns
  Clock Uncertainty:      0.178ns  ((TSJ^2 + DJ^2)^1/2) / 2 + PE
    Total System Jitter     (TSJ):    0.050ns
    Discrete Jitter          (DJ):    0.152ns
    Phase Error              (PE):    0.099ns

    Location             Delay type                Incr(ns)  Path(ns)    Netlist Resource(s)
  -------------------------------------------------------------------    -------------------
    G4                                                0.000     0.000 r  reset_n (IN)
                         net (fo=0)                   0.000     0.000    reset_n
    G4                   IBUF (Prop_ibuf_I_O)         1.062     1.062 r  reset_n_IBUF_inst/O
                         net (fo=31, routed)          3.170     4.232    Audio_Codec/initialize_audio/twi_controller/reset_n_IBUF
    SLICE_X162Y116       LUT6 (Prop_lut6_I4_O)        0.124     4.356 r  Audio_Codec/initialize_audio/twi_controller/FSM_gray_state[3]_i_6/O
                         net (fo=1, routed)           0.636     4.992    Audio_Codec/initialize_audio/twi_controller/FSM_gray_state[3]_i_6_n_0
    SLICE_X160Y116       LUT6 (Prop_lut6_I3_O)        0.124     5.116 r  Audio_Codec/initialize_audio/twi_controller/FSM_gray_state[3]_i_1/O
                         net (fo=4, routed)           0.392     5.508    Audio_Codec/initialize_audio/twi_controller/FSM_gray_state[3]_i_1_n_0
    SLICE_X161Y116       FDRE                                         r  Audio_Codec/initialize_audio/twi_controller/FSM_gray_state_reg[0]/CE
  -------------------------------------------------------------------    -------------------

                         (clock clk_out2_clk_wiz_0 rise edge)
                                                      0.000     0.000 r  
    BUFGCTRL_X0Y2        BUFG                         0.000     0.000 r  clk_IBUF_BUFG_inst/O
                         net (fo=96, routed)          1.972     1.972    Audio_Codec/audiocodec_master_clock/inst/clk_in1
    MMCME2_ADV_X1Y0      MMCME2_ADV (Prop_mmcme2_adv_CLKIN1_CLKOUT1)
                                                     -4.637    -2.665 r  Audio_Codec/audiocodec_master_clock/inst/mmcm_adv_inst/CLKOUT1
                         net (fo=1, routed)           2.574    -0.091    Audio_Codec/audiocodec_master_clock/inst/clk_out2_clk_wiz_0
    BUFGCTRL_X0Y1        BUFG (Prop_bufg_I_O)         0.091     0.000 r  Audio_Codec/audiocodec_master_clock/inst/clkout2_buf/O
                         net (fo=115, routed)         1.706     1.706    Audio_Codec/initialize_audio/twi_controller/clk_out2
    SLICE_X161Y116       FDRE                                         r  Audio_Codec/initialize_audio/twi_controller/FSM_gray_state_reg[0]/C





Min Delay Paths
--------------------------------------------------------------------------------------
Slack:                    inf
  Source:                 sda
                            (input port)
  Destination:            Audio_Codec/initialize_audio/twi_controller/dSda_reg/D
                            (rising edge-triggered cell FDRE clocked by clk_out2_clk_wiz_0  {rise@0.000ns fall@10.000ns period=20.000ns})
  Path Group:             (none)
  Path Type:              Hold (Min at Fast Process Corner)
  Data Path Delay:        0.541ns  (logic 0.246ns (45.367%)  route 0.296ns (54.633%))
  Logic Levels:           1  (IBUF=1)
  Clock Path Skew:        0.913ns (DCD - SCD - CPR)
    Destination Clock Delay (DCD):    0.913ns
    Source Clock Delay      (SCD):    0.000ns
    Clock Pessimism Removal (CPR):    -0.000ns

    Location             Delay type                Incr(ns)  Path(ns)    Netlist Resource(s)
  -------------------------------------------------------------------    -------------------
    V5                                                0.000     0.000 r  sda (INOUT)
                         net (fo=1, unset)            0.000     0.000    sda_IOBUF_inst/IO
    V5                   IBUF (Prop_ibuf_I_O)         0.246     0.246 r  sda_IOBUF_inst/IBUF/O
                         net (fo=1, routed)           0.296     0.541    Audio_Codec/initialize_audio/twi_controller/sda_IBUF
    SLICE_X162Y117       FDRE                                         r  Audio_Codec/initialize_audio/twi_controller/dSda_reg/D
  -------------------------------------------------------------------    -------------------

                         (clock clk_out2_clk_wiz_0 rise edge)
                                                      0.000     0.000 r  
    BUFGCTRL_X0Y2        BUFG                         0.000     0.000 r  clk_IBUF_BUFG_inst/O
                         net (fo=96, routed)          1.022     1.022    Audio_Codec/audiocodec_master_clock/inst/clk_in1
    MMCME2_ADV_X1Y0      MMCME2_ADV (Prop_mmcme2_adv_CLKIN1_CLKOUT1)
                                                     -2.040    -1.018 r  Audio_Codec/audiocodec_master_clock/inst/mmcm_adv_inst/CLKOUT1
                         net (fo=1, routed)           0.989    -0.029    Audio_Codec/audiocodec_master_clock/inst/clk_out2_clk_wiz_0
    BUFGCTRL_X0Y1        BUFG (Prop_bufg_I_O)         0.029    -0.000 r  Audio_Codec/audiocodec_master_clock/inst/clkout2_buf/O
                         net (fo=115, routed)         0.913     0.913    Audio_Codec/initialize_audio/twi_controller/clk_out2
    SLICE_X162Y117       FDRE                                         r  Audio_Codec/initialize_audio/twi_controller/dSda_reg/C

Slack:                    inf
  Source:                 scl
                            (input port)
  Destination:            Audio_Codec/initialize_audio/twi_controller/dScl_reg/D
                            (rising edge-triggered cell FDRE clocked by clk_out2_clk_wiz_0  {rise@0.000ns fall@10.000ns period=20.000ns})
  Path Group:             (none)
  Path Type:              Hold (Min at Fast Process Corner)
  Data Path Delay:        0.593ns  (logic 0.263ns (44.260%)  route 0.331ns (55.740%))
  Logic Levels:           1  (IBUF=1)
  Clock Path Skew:        0.913ns (DCD - SCD - CPR)
    Destination Clock Delay (DCD):    0.913ns
    Source Clock Delay      (SCD):    0.000ns
    Clock Pessimism Removal (CPR):    -0.000ns

    Location             Delay type                Incr(ns)  Path(ns)    Netlist Resource(s)
  -------------------------------------------------------------------    -------------------
    W5                                                0.000     0.000 r  scl (INOUT)
                         net (fo=1, unset)            0.000     0.000    scl_IOBUF_inst/IO
    W5                   IBUF (Prop_ibuf_I_O)         0.263     0.263 r  scl_IOBUF_inst/IBUF/O
                         net (fo=1, routed)           0.331     0.593    Audio_Codec/initialize_audio/twi_controller/scl_IBUF
    SLICE_X163Y117       FDRE                                         r  Audio_Codec/initialize_audio/twi_controller/dScl_reg/D
  -------------------------------------------------------------------    -------------------

                         (clock clk_out2_clk_wiz_0 rise edge)
                                                      0.000     0.000 r  
    BUFGCTRL_X0Y2        BUFG                         0.000     0.000 r  clk_IBUF_BUFG_inst/O
                         net (fo=96, routed)          1.022     1.022    Audio_Codec/audiocodec_master_clock/inst/clk_in1
    MMCME2_ADV_X1Y0      MMCME2_ADV (Prop_mmcme2_adv_CLKIN1_CLKOUT1)
                                                     -2.040    -1.018 r  Audio_Codec/audiocodec_master_clock/inst/mmcm_adv_inst/CLKOUT1
                         net (fo=1, routed)           0.989    -0.029    Audio_Codec/audiocodec_master_clock/inst/clk_out2_clk_wiz_0
    BUFGCTRL_X0Y1        BUFG (Prop_bufg_I_O)         0.029    -0.000 r  Audio_Codec/audiocodec_master_clock/inst/clkout2_buf/O
                         net (fo=115, routed)         0.913     0.913    Audio_Codec/initialize_audio/twi_controller/clk_out2
    SLICE_X163Y117       FDRE                                         r  Audio_Codec/initialize_audio/twi_controller/dScl_reg/C

Slack:                    inf
  Source:                 reset_n
                            (input port)
  Destination:            Audio_Codec/initialize_audio/data_i_reg[7]/CE
                            (rising edge-triggered cell FDRE clocked by clk_out2_clk_wiz_0  {rise@0.000ns fall@10.000ns period=20.000ns})
  Path Group:             (none)
  Path Type:              Hold (Min at Fast Process Corner)
  Data Path Delay:        1.498ns  (logic 0.186ns (12.410%)  route 1.312ns (87.590%))
  Logic Levels:           1  (IBUF=1)
  Clock Path Skew:        0.916ns (DCD - SCD - CPR)
    Destination Clock Delay (DCD):    0.916ns
    Source Clock Delay      (SCD):    0.000ns
    Clock Pessimism Removal (CPR):    -0.000ns

    Location             Delay type                Incr(ns)  Path(ns)    Netlist Resource(s)
  -------------------------------------------------------------------    -------------------
    G4                                                0.000     0.000 r  reset_n (IN)
                         net (fo=0)                   0.000     0.000    reset_n
    G4                   IBUF (Prop_ibuf_I_O)         0.186     0.186 r  reset_n_IBUF_inst/O
                         net (fo=31, routed)          1.312     1.498    Audio_Codec/initialize_audio/reset_n_IBUF
    SLICE_X162Y114       FDRE                                         r  Audio_Codec/initialize_audio/data_i_reg[7]/CE
  -------------------------------------------------------------------    -------------------

                         (clock clk_out2_clk_wiz_0 rise edge)
                                                      0.000     0.000 r  
    BUFGCTRL_X0Y2        BUFG                         0.000     0.000 r  clk_IBUF_BUFG_inst/O
                         net (fo=96, routed)          1.022     1.022    Audio_Codec/audiocodec_master_clock/inst/clk_in1
    MMCME2_ADV_X1Y0      MMCME2_ADV (Prop_mmcme2_adv_CLKIN1_CLKOUT1)
                                                     -2.040    -1.018 r  Audio_Codec/audiocodec_master_clock/inst/mmcm_adv_inst/CLKOUT1
                         net (fo=1, routed)           0.989    -0.029    Audio_Codec/audiocodec_master_clock/inst/clk_out2_clk_wiz_0
    BUFGCTRL_X0Y1        BUFG (Prop_bufg_I_O)         0.029    -0.000 r  Audio_Codec/audiocodec_master_clock/inst/clkout2_buf/O
                         net (fo=115, routed)         0.916     0.916    Audio_Codec/initialize_audio/clk_out2
    SLICE_X162Y114       FDRE                                         r  Audio_Codec/initialize_audio/data_i_reg[7]/C

Slack:                    inf
  Source:                 reset_n
                            (input port)
  Destination:            Audio_Codec/initialize_audio/msg_reg/CE
                            (rising edge-triggered cell FDRE clocked by clk_out2_clk_wiz_0  {rise@0.000ns fall@10.000ns period=20.000ns})
  Path Group:             (none)
  Path Type:              Hold (Min at Fast Process Corner)
  Data Path Delay:        1.501ns  (logic 0.186ns (12.384%)  route 1.315ns (87.616%))
  Logic Levels:           1  (IBUF=1)
  Clock Path Skew:        0.915ns (DCD - SCD - CPR)
    Destination Clock Delay (DCD):    0.915ns
    Source Clock Delay      (SCD):    0.000ns
    Clock Pessimism Removal (CPR):    -0.000ns

    Location             Delay type                Incr(ns)  Path(ns)    Netlist Resource(s)
  -------------------------------------------------------------------    -------------------
    G4                                                0.000     0.000 r  reset_n (IN)
                         net (fo=0)                   0.000     0.000    reset_n
    G4                   IBUF (Prop_ibuf_I_O)         0.186     0.186 r  reset_n_IBUF_inst/O
                         net (fo=31, routed)          1.315     1.501    Audio_Codec/initialize_audio/reset_n_IBUF
    SLICE_X160Y115       FDRE                                         r  Audio_Codec/initialize_audio/msg_reg/CE
  -------------------------------------------------------------------    -------------------

                         (clock clk_out2_clk_wiz_0 rise edge)
                                                      0.000     0.000 r  
    BUFGCTRL_X0Y2        BUFG                         0.000     0.000 r  clk_IBUF_BUFG_inst/O
                         net (fo=96, routed)          1.022     1.022    Audio_Codec/audiocodec_master_clock/inst/clk_in1
    MMCME2_ADV_X1Y0      MMCME2_ADV (Prop_mmcme2_adv_CLKIN1_CLKOUT1)
                                                     -2.040    -1.018 r  Audio_Codec/audiocodec_master_clock/inst/mmcm_adv_inst/CLKOUT1
                         net (fo=1, routed)           0.989    -0.029    Audio_Codec/audiocodec_master_clock/inst/clk_out2_clk_wiz_0
    BUFGCTRL_X0Y1        BUFG (Prop_bufg_I_O)         0.029    -0.000 r  Audio_Codec/audiocodec_master_clock/inst/clkout2_buf/O
                         net (fo=115, routed)         0.915     0.915    Audio_Codec/initialize_audio/clk_out2
    SLICE_X160Y115       FDRE                                         r  Audio_Codec/initialize_audio/msg_reg/C

Slack:                    inf
  Source:                 reset_n
                            (input port)
  Destination:            Audio_Codec/initialize_audio/stb_reg/CE
                            (rising edge-triggered cell FDRE clocked by clk_out2_clk_wiz_0  {rise@0.000ns fall@10.000ns period=20.000ns})
  Path Group:             (none)
  Path Type:              Hold (Min at Fast Process Corner)
  Data Path Delay:        1.501ns  (logic 0.186ns (12.384%)  route 1.315ns (87.616%))
  Logic Levels:           1  (IBUF=1)
  Clock Path Skew:        0.915ns (DCD - SCD - CPR)
    Destination Clock Delay (DCD):    0.915ns
    Source Clock Delay      (SCD):    0.000ns
    Clock Pessimism Removal (CPR):    -0.000ns

    Location             Delay type                Incr(ns)  Path(ns)    Netlist Resource(s)
  -------------------------------------------------------------------    -------------------
    G4                                                0.000     0.000 r  reset_n (IN)
                         net (fo=0)                   0.000     0.000    reset_n
    G4                   IBUF (Prop_ibuf_I_O)         0.186     0.186 r  reset_n_IBUF_inst/O
                         net (fo=31, routed)          1.315     1.501    Audio_Codec/initialize_audio/reset_n_IBUF
    SLICE_X160Y115       FDRE                                         r  Audio_Codec/initialize_audio/stb_reg/CE
  -------------------------------------------------------------------    -------------------

                         (clock clk_out2_clk_wiz_0 rise edge)
                                                      0.000     0.000 r  
    BUFGCTRL_X0Y2        BUFG                         0.000     0.000 r  clk_IBUF_BUFG_inst/O
                         net (fo=96, routed)          1.022     1.022    Audio_Codec/audiocodec_master_clock/inst/clk_in1
    MMCME2_ADV_X1Y0      MMCME2_ADV (Prop_mmcme2_adv_CLKIN1_CLKOUT1)
                                                     -2.040    -1.018 r  Audio_Codec/audiocodec_master_clock/inst/mmcm_adv_inst/CLKOUT1
                         net (fo=1, routed)           0.989    -0.029    Audio_Codec/audiocodec_master_clock/inst/clk_out2_clk_wiz_0
    BUFGCTRL_X0Y1        BUFG (Prop_bufg_I_O)         0.029    -0.000 r  Audio_Codec/audiocodec_master_clock/inst/clkout2_buf/O
                         net (fo=115, routed)         0.915     0.915    Audio_Codec/initialize_audio/clk_out2
    SLICE_X160Y115       FDRE                                         r  Audio_Codec/initialize_audio/stb_reg/C

Slack:                    inf
  Source:                 reset_n
                            (input port)
  Destination:            Audio_Codec/initialize_audio/data_i_reg[1]/CE
                            (rising edge-triggered cell FDRE clocked by clk_out2_clk_wiz_0  {rise@0.000ns fall@10.000ns period=20.000ns})
  Path Group:             (none)
  Path Type:              Hold (Min at Fast Process Corner)
  Data Path Delay:        1.647ns  (logic 0.186ns (11.291%)  route 1.461ns (88.709%))
  Logic Levels:           1  (IBUF=1)
  Clock Path Skew:        0.916ns (DCD - SCD - CPR)
    Destination Clock Delay (DCD):    0.916ns
    Source Clock Delay      (SCD):    0.000ns
    Clock Pessimism Removal (CPR):    -0.000ns

    Location             Delay type                Incr(ns)  Path(ns)    Netlist Resource(s)
  -------------------------------------------------------------------    -------------------
    G4                                                0.000     0.000 r  reset_n (IN)
                         net (fo=0)                   0.000     0.000    reset_n
    G4                   IBUF (Prop_ibuf_I_O)         0.186     0.186 r  reset_n_IBUF_inst/O
                         net (fo=31, routed)          1.461     1.647    Audio_Codec/initialize_audio/reset_n_IBUF
    SLICE_X161Y113       FDRE                                         r  Audio_Codec/initialize_audio/data_i_reg[1]/CE
  -------------------------------------------------------------------    -------------------

                         (clock clk_out2_clk_wiz_0 rise edge)
                                                      0.000     0.000 r  
    BUFGCTRL_X0Y2        BUFG                         0.000     0.000 r  clk_IBUF_BUFG_inst/O
                         net (fo=96, routed)          1.022     1.022    Audio_Codec/audiocodec_master_clock/inst/clk_in1
    MMCME2_ADV_X1Y0      MMCME2_ADV (Prop_mmcme2_adv_CLKIN1_CLKOUT1)
                                                     -2.040    -1.018 r  Audio_Codec/audiocodec_master_clock/inst/mmcm_adv_inst/CLKOUT1
                         net (fo=1, routed)           0.989    -0.029    Audio_Codec/audiocodec_master_clock/inst/clk_out2_clk_wiz_0
    BUFGCTRL_X0Y1        BUFG (Prop_bufg_I_O)         0.029    -0.000 r  Audio_Codec/audiocodec_master_clock/inst/clkout2_buf/O
                         net (fo=115, routed)         0.916     0.916    Audio_Codec/initialize_audio/clk_out2
    SLICE_X161Y113       FDRE                                         r  Audio_Codec/initialize_audio/data_i_reg[1]/C

Slack:                    inf
  Source:                 reset_n
                            (input port)
  Destination:            Audio_Codec/initialize_audio/data_i_reg[4]/CE
                            (rising edge-triggered cell FDRE clocked by clk_out2_clk_wiz_0  {rise@0.000ns fall@10.000ns period=20.000ns})
  Path Group:             (none)
  Path Type:              Hold (Min at Fast Process Corner)
  Data Path Delay:        1.647ns  (logic 0.186ns (11.291%)  route 1.461ns (88.709%))
  Logic Levels:           1  (IBUF=1)
  Clock Path Skew:        0.916ns (DCD - SCD - CPR)
    Destination Clock Delay (DCD):    0.916ns
    Source Clock Delay      (SCD):    0.000ns
    Clock Pessimism Removal (CPR):    -0.000ns

    Location             Delay type                Incr(ns)  Path(ns)    Netlist Resource(s)
  -------------------------------------------------------------------    -------------------
    G4                                                0.000     0.000 r  reset_n (IN)
                         net (fo=0)                   0.000     0.000    reset_n
    G4                   IBUF (Prop_ibuf_I_O)         0.186     0.186 r  reset_n_IBUF_inst/O
                         net (fo=31, routed)          1.461     1.647    Audio_Codec/initialize_audio/reset_n_IBUF
    SLICE_X161Y113       FDRE                                         r  Audio_Codec/initialize_audio/data_i_reg[4]/CE
  -------------------------------------------------------------------    -------------------

                         (clock clk_out2_clk_wiz_0 rise edge)
                                                      0.000     0.000 r  
    BUFGCTRL_X0Y2        BUFG                         0.000     0.000 r  clk_IBUF_BUFG_inst/O
                         net (fo=96, routed)          1.022     1.022    Audio_Codec/audiocodec_master_clock/inst/clk_in1
    MMCME2_ADV_X1Y0      MMCME2_ADV (Prop_mmcme2_adv_CLKIN1_CLKOUT1)
                                                     -2.040    -1.018 r  Audio_Codec/audiocodec_master_clock/inst/mmcm_adv_inst/CLKOUT1
                         net (fo=1, routed)           0.989    -0.029    Audio_Codec/audiocodec_master_clock/inst/clk_out2_clk_wiz_0
    BUFGCTRL_X0Y1        BUFG (Prop_bufg_I_O)         0.029    -0.000 r  Audio_Codec/audiocodec_master_clock/inst/clkout2_buf/O
                         net (fo=115, routed)         0.916     0.916    Audio_Codec/initialize_audio/clk_out2
    SLICE_X161Y113       FDRE                                         r  Audio_Codec/initialize_audio/data_i_reg[4]/C

Slack:                    inf
  Source:                 reset_n
                            (input port)
  Destination:            Audio_Codec/initialize_audio/data_i_reg[6]/CE
                            (rising edge-triggered cell FDRE clocked by clk_out2_clk_wiz_0  {rise@0.000ns fall@10.000ns period=20.000ns})
  Path Group:             (none)
  Path Type:              Hold (Min at Fast Process Corner)
  Data Path Delay:        1.664ns  (logic 0.186ns (11.173%)  route 1.478ns (88.827%))
  Logic Levels:           1  (IBUF=1)
  Clock Path Skew:        0.915ns (DCD - SCD - CPR)
    Destination Clock Delay (DCD):    0.915ns
    Source Clock Delay      (SCD):    0.000ns
    Clock Pessimism Removal (CPR):    -0.000ns

    Location             Delay type                Incr(ns)  Path(ns)    Netlist Resource(s)
  -------------------------------------------------------------------    -------------------
    G4                                                0.000     0.000 r  reset_n (IN)
                         net (fo=0)                   0.000     0.000    reset_n
    G4                   IBUF (Prop_ibuf_I_O)         0.186     0.186 r  reset_n_IBUF_inst/O
                         net (fo=31, routed)          1.478     1.664    Audio_Codec/initialize_audio/reset_n_IBUF
    SLICE_X158Y113       FDRE                                         r  Audio_Codec/initialize_audio/data_i_reg[6]/CE
  -------------------------------------------------------------------    -------------------

                         (clock clk_out2_clk_wiz_0 rise edge)
                                                      0.000     0.000 r  
    BUFGCTRL_X0Y2        BUFG                         0.000     0.000 r  clk_IBUF_BUFG_inst/O
                         net (fo=96, routed)          1.022     1.022    Audio_Codec/audiocodec_master_clock/inst/clk_in1
    MMCME2_ADV_X1Y0      MMCME2_ADV (Prop_mmcme2_adv_CLKIN1_CLKOUT1)
                                                     -2.040    -1.018 r  Audio_Codec/audiocodec_master_clock/inst/mmcm_adv_inst/CLKOUT1
                         net (fo=1, routed)           0.989    -0.029    Audio_Codec/audiocodec_master_clock/inst/clk_out2_clk_wiz_0
    BUFGCTRL_X0Y1        BUFG (Prop_bufg_I_O)         0.029    -0.000 r  Audio_Codec/audiocodec_master_clock/inst/clkout2_buf/O
                         net (fo=115, routed)         0.915     0.915    Audio_Codec/initialize_audio/clk_out2
    SLICE_X158Y113       FDRE                                         r  Audio_Codec/initialize_audio/data_i_reg[6]/C

Slack:                    inf
  Source:                 reset_n
                            (input port)
  Destination:            Audio_Codec/initialize_audio/data_i_reg[5]/CE
                            (rising edge-triggered cell FDRE clocked by clk_out2_clk_wiz_0  {rise@0.000ns fall@10.000ns period=20.000ns})
  Path Group:             (none)
  Path Type:              Hold (Min at Fast Process Corner)
  Data Path Delay:        1.706ns  (logic 0.186ns (10.895%)  route 1.520ns (89.105%))
  Logic Levels:           1  (IBUF=1)
  Clock Path Skew:        0.916ns (DCD - SCD - CPR)
    Destination Clock Delay (DCD):    0.916ns
    Source Clock Delay      (SCD):    0.000ns
    Clock Pessimism Removal (CPR):    -0.000ns

    Location             Delay type                Incr(ns)  Path(ns)    Netlist Resource(s)
  -------------------------------------------------------------------    -------------------
    G4                                                0.000     0.000 r  reset_n (IN)
                         net (fo=0)                   0.000     0.000    reset_n
    G4                   IBUF (Prop_ibuf_I_O)         0.186     0.186 r  reset_n_IBUF_inst/O
                         net (fo=31, routed)          1.520     1.706    Audio_Codec/initialize_audio/reset_n_IBUF
    SLICE_X162Y113       FDRE                                         r  Audio_Codec/initialize_audio/data_i_reg[5]/CE
  -------------------------------------------------------------------    -------------------

                         (clock clk_out2_clk_wiz_0 rise edge)
                                                      0.000     0.000 r  
    BUFGCTRL_X0Y2        BUFG                         0.000     0.000 r  clk_IBUF_BUFG_inst/O
                         net (fo=96, routed)          1.022     1.022    Audio_Codec/audiocodec_master_clock/inst/clk_in1
    MMCME2_ADV_X1Y0      MMCME2_ADV (Prop_mmcme2_adv_CLKIN1_CLKOUT1)
                                                     -2.040    -1.018 r  Audio_Codec/audiocodec_master_clock/inst/mmcm_adv_inst/CLKOUT1
                         net (fo=1, routed)           0.989    -0.029    Audio_Codec/audiocodec_master_clock/inst/clk_out2_clk_wiz_0
    BUFGCTRL_X0Y1        BUFG (Prop_bufg_I_O)         0.029    -0.000 r  Audio_Codec/audiocodec_master_clock/inst/clkout2_buf/O
                         net (fo=115, routed)         0.916     0.916    Audio_Codec/initialize_audio/clk_out2
    SLICE_X162Y113       FDRE                                         r  Audio_Codec/initialize_audio/data_i_reg[5]/C

Slack:                    inf
  Source:                 reset_n
                            (input port)
  Destination:            Audio_Codec/initialize_audio/data_i_reg[0]/CE
                            (rising edge-triggered cell FDRE clocked by clk_out2_clk_wiz_0  {rise@0.000ns fall@10.000ns period=20.000ns})
  Path Group:             (none)
  Path Type:              Hold (Min at Fast Process Corner)
  Data Path Delay:        1.707ns  (logic 0.186ns (10.892%)  route 1.521ns (89.108%))
  Logic Levels:           1  (IBUF=1)
  Clock Path Skew:        0.916ns (DCD - SCD - CPR)
    Destination Clock Delay (DCD):    0.916ns
    Source Clock Delay      (SCD):    0.000ns
    Clock Pessimism Removal (CPR):    -0.000ns

    Location             Delay type                Incr(ns)  Path(ns)    Netlist Resource(s)
  -------------------------------------------------------------------    -------------------
    G4                                                0.000     0.000 r  reset_n (IN)
                         net (fo=0)                   0.000     0.000    reset_n
    G4                   IBUF (Prop_ibuf_I_O)         0.186     0.186 r  reset_n_IBUF_inst/O
                         net (fo=31, routed)          1.521     1.707    Audio_Codec/initialize_audio/reset_n_IBUF
    SLICE_X160Y113       FDRE                                         r  Audio_Codec/initialize_audio/data_i_reg[0]/CE
  -------------------------------------------------------------------    -------------------

                         (clock clk_out2_clk_wiz_0 rise edge)
                                                      0.000     0.000 r  
    BUFGCTRL_X0Y2        BUFG                         0.000     0.000 r  clk_IBUF_BUFG_inst/O
                         net (fo=96, routed)          1.022     1.022    Audio_Codec/audiocodec_master_clock/inst/clk_in1
    MMCME2_ADV_X1Y0      MMCME2_ADV (Prop_mmcme2_adv_CLKIN1_CLKOUT1)
                                                     -2.040    -1.018 r  Audio_Codec/audiocodec_master_clock/inst/mmcm_adv_inst/CLKOUT1
                         net (fo=1, routed)           0.989    -0.029    Audio_Codec/audiocodec_master_clock/inst/clk_out2_clk_wiz_0
    BUFGCTRL_X0Y1        BUFG (Prop_bufg_I_O)         0.029    -0.000 r  Audio_Codec/audiocodec_master_clock/inst/clkout2_buf/O
                         net (fo=115, routed)         0.916     0.916    Audio_Codec/initialize_audio/clk_out2
    SLICE_X160Y113       FDRE                                         r  Audio_Codec/initialize_audio/data_i_reg[0]/C





