Copyright 1986-2022 Xilinx, Inc. All Rights Reserved. Copyright 2022-2024 Advanced Micro Devices, Inc. All Rights Reserved.
---------------------------------------------------------------------------------------------------------------------------------------------------------------------------------------------------------
| Tool Version : Vivado v.2024.2 (win64) Build 5239630 Fri Nov 08 22:35:27 MST 2024
| Date         : Mon Mar  9 16:05:42 2026
| Host         : C27-5CG31326ZG running 64-bit major release  (build 9200)
| Command      : report_timing_summary -max_paths 10 -report_unconstrained -file lab2_timing_summary_routed.rpt -pb lab2_timing_summary_routed.pb -rpx lab2_timing_summary_routed.rpx -warn_on_violation
| Design       : lab2
| Device       : 7a200t-sbg484
| Speed File   : -1  PRODUCTION 1.23 2018-06-13
| Design State : Routed
---------------------------------------------------------------------------------------------------------------------------------------------------------------------------------------------------------

Timing Summary Report

------------------------------------------------------------------------------------------------
| Timer Settings
| --------------
------------------------------------------------------------------------------------------------

  Enable Multi Corner Analysis               :  Yes
  Enable Pessimism Removal                   :  Yes
  Pessimism Removal Resolution               :  Nearest Common Node
  Enable Input Delay Default Clock           :  No
  Enable Preset / Clear Arcs                 :  No
  Disable Flight Delays                      :  No
  Ignore I/O Paths                           :  No
  Timing Early Launch at Borrowing Latches   :  No
  Borrow Time for Max Delay Exceptions       :  Yes
  Merge Timing Exceptions                    :  Yes
  Inter-SLR Compensation                     :  Conservative

  Corner  Analyze    Analyze    
  Name    Max Paths  Min Paths  
  ------  ---------  ---------  
  Slow    Yes        Yes        
  Fast    Yes        Yes        


------------------------------------------------------------------------------------------------
| Report Methodology
| ------------------
------------------------------------------------------------------------------------------------

Rule       Severity          Description                                        Violations  
---------  ----------------  -------------------------------------------------  ----------  
TIMING-17  Critical Warning  Non-clocked sequential cell                        300         
TIMING-27  Critical Warning  Invalid primary clock on hierarchical pin          2           
LUTAR-1    Warning           LUT drives async reset alert                       10          
TIMING-20  Warning           Non-clocked latch                                  12          
XDCC-2     Warning           Scoped Non-Timing constraint/property overwritten  1           
LATCH-1    Advisory          Existing latches in the design                     1           

Note: This report is based on the most recent report_methodology run and may not be up-to-date. Run report_methodology on the current design for the latest report.



check_timing report

Table of Contents
-----------------
1. checking no_clock (362)
2. checking constant_clock (0)
3. checking pulse_width_clock (0)
4. checking unconstrained_internal_endpoints (874)
5. checking no_input_delay (12)
6. checking no_output_delay (9)
7. checking multiple_clock (0)
8. checking generated_clocks (0)
9. checking loops (0)
10. checking partial_input_delay (0)
11. checking partial_output_delay (0)
12. checking latch_loops (0)

1. checking no_clock (362)
--------------------------
 There are 300 register/latch pins with no clock driven by root clock pin: clk (HIGH)

 There is 1 register/latch pin with no clock driven by root clock pin: control/FSM_onehot_state_reg[0]/Q (HIGH)

 There is 1 register/latch pin with no clock driven by root clock pin: control/FSM_onehot_state_reg[1]/Q (HIGH)

 There are 2 register/latch pins with no clock driven by root clock pin: control/FSM_onehot_state_reg[2]/Q (HIGH)

 There is 1 register/latch pin with no clock driven by root clock pin: datapath/debouncer_DOWN/FSM_sequential_state_reg[0]/Q (HIGH)

 There are 2 register/latch pins with no clock driven by root clock pin: datapath/debouncer_DOWN/FSM_sequential_state_reg[1]/Q (HIGH)

 There are 2 register/latch pins with no clock driven by root clock pin: datapath/debouncer_DOWN/FSM_sequential_state_reg[2]/Q (HIGH)

 There is 1 register/latch pin with no clock driven by root clock pin: datapath/debouncer_LEFT/FSM_sequential_state_reg[0]/Q (HIGH)

 There are 2 register/latch pins with no clock driven by root clock pin: datapath/debouncer_LEFT/FSM_sequential_state_reg[1]/Q (HIGH)

 There are 2 register/latch pins with no clock driven by root clock pin: datapath/debouncer_LEFT/FSM_sequential_state_reg[2]/Q (HIGH)

 There is 1 register/latch pin with no clock driven by root clock pin: datapath/debouncer_RIGHT/FSM_sequential_state_reg[0]/Q (HIGH)

 There are 2 register/latch pins with no clock driven by root clock pin: datapath/debouncer_RIGHT/FSM_sequential_state_reg[1]/Q (HIGH)

 There are 2 register/latch pins with no clock driven by root clock pin: datapath/debouncer_RIGHT/FSM_sequential_state_reg[2]/Q (HIGH)

 There is 1 register/latch pin with no clock driven by root clock pin: datapath/debouncer_UP/FSM_sequential_state_reg[0]/Q (HIGH)

 There are 2 register/latch pins with no clock driven by root clock pin: datapath/debouncer_UP/FSM_sequential_state_reg[1]/Q (HIGH)

 There are 2 register/latch pins with no clock driven by root clock pin: datapath/debouncer_UP/FSM_sequential_state_reg[2]/Q (HIGH)

 There is 1 register/latch pin with no clock driven by root clock pin: datapath/leftChannelMemory/bram/sdp_bl.ramb18_dp_bl.ram18_bl/DOADO[10] (HIGH)

 There is 1 register/latch pin with no clock driven by root clock pin: datapath/leftChannelMemory/bram/sdp_bl.ramb18_dp_bl.ram18_bl/DOADO[11] (HIGH)

 There is 1 register/latch pin with no clock driven by root clock pin: datapath/leftChannelMemory/bram/sdp_bl.ramb18_dp_bl.ram18_bl/DOADO[12] (HIGH)

 There is 1 register/latch pin with no clock driven by root clock pin: datapath/leftChannelMemory/bram/sdp_bl.ramb18_dp_bl.ram18_bl/DOADO[13] (HIGH)

 There is 1 register/latch pin with no clock driven by root clock pin: datapath/leftChannelMemory/bram/sdp_bl.ramb18_dp_bl.ram18_bl/DOADO[14] (HIGH)

 There is 1 register/latch pin with no clock driven by root clock pin: datapath/leftChannelMemory/bram/sdp_bl.ramb18_dp_bl.ram18_bl/DOADO[15] (HIGH)

 There is 1 register/latch pin with no clock driven by root clock pin: datapath/leftChannelMemory/bram/sdp_bl.ramb18_dp_bl.ram18_bl/DOADO[7] (HIGH)

 There is 1 register/latch pin with no clock driven by root clock pin: datapath/leftChannelMemory/bram/sdp_bl.ramb18_dp_bl.ram18_bl/DOADO[8] (HIGH)

 There is 1 register/latch pin with no clock driven by root clock pin: datapath/leftChannelMemory/bram/sdp_bl.ramb18_dp_bl.ram18_bl/DOADO[9] (HIGH)

 There is 1 register/latch pin with no clock driven by root clock pin: datapath/rightChannelMemory/bram/sdp_bl.ramb18_dp_bl.ram18_bl/DOADO[10] (HIGH)

 There is 1 register/latch pin with no clock driven by root clock pin: datapath/rightChannelMemory/bram/sdp_bl.ramb18_dp_bl.ram18_bl/DOADO[11] (HIGH)

 There is 1 register/latch pin with no clock driven by root clock pin: datapath/rightChannelMemory/bram/sdp_bl.ramb18_dp_bl.ram18_bl/DOADO[12] (HIGH)

 There is 1 register/latch pin with no clock driven by root clock pin: datapath/rightChannelMemory/bram/sdp_bl.ramb18_dp_bl.ram18_bl/DOADO[13] (HIGH)

 There is 1 register/latch pin with no clock driven by root clock pin: datapath/rightChannelMemory/bram/sdp_bl.ramb18_dp_bl.ram18_bl/DOADO[14] (HIGH)

 There is 1 register/latch pin with no clock driven by root clock pin: datapath/rightChannelMemory/bram/sdp_bl.ramb18_dp_bl.ram18_bl/DOADO[15] (HIGH)

 There is 1 register/latch pin with no clock driven by root clock pin: datapath/rightChannelMemory/bram/sdp_bl.ramb18_dp_bl.ram18_bl/DOADO[7] (HIGH)

 There is 1 register/latch pin with no clock driven by root clock pin: datapath/rightChannelMemory/bram/sdp_bl.ramb18_dp_bl.ram18_bl/DOADO[8] (HIGH)

 There is 1 register/latch pin with no clock driven by root clock pin: datapath/rightChannelMemory/bram/sdp_bl.ramb18_dp_bl.ram18_bl/DOADO[9] (HIGH)

 There are 2 register/latch pins with no clock driven by root clock pin: datapath/video_inst/Inst_vga/vga_sig_gen/v_counter/w_processQ_reg[0]/Q (HIGH)

 There are 2 register/latch pins with no clock driven by root clock pin: datapath/video_inst/Inst_vga/vga_sig_gen/v_counter/w_processQ_reg[1]/Q (HIGH)

 There are 2 register/latch pins with no clock driven by root clock pin: datapath/video_inst/Inst_vga/vga_sig_gen/v_counter/w_processQ_reg[2]/Q (HIGH)

 There are 2 register/latch pins with no clock driven by root clock pin: datapath/video_inst/Inst_vga/vga_sig_gen/v_counter/w_processQ_reg[3]/Q (HIGH)

 There are 2 register/latch pins with no clock driven by root clock pin: datapath/video_inst/Inst_vga/vga_sig_gen/v_counter/w_processQ_reg[4]/Q (HIGH)

 There are 2 register/latch pins with no clock driven by root clock pin: datapath/video_inst/Inst_vga/vga_sig_gen/v_counter/w_processQ_reg[5]/Q (HIGH)

 There are 2 register/latch pins with no clock driven by root clock pin: datapath/video_inst/Inst_vga/vga_sig_gen/v_counter/w_processQ_reg[6]/Q (HIGH)

 There are 2 register/latch pins with no clock driven by root clock pin: datapath/video_inst/Inst_vga/vga_sig_gen/v_counter/w_processQ_reg[7]/Q (HIGH)

 There are 2 register/latch pins with no clock driven by root clock pin: datapath/video_inst/Inst_vga/vga_sig_gen/v_counter/w_processQ_reg[8]/Q (HIGH)

 There are 2 register/latch pins with no clock driven by root clock pin: datapath/video_inst/Inst_vga/vga_sig_gen/v_counter/w_processQ_reg[9]/Q (HIGH)


2. checking constant_clock (0)
------------------------------
 There are 0 register/latch pins with constant_clock.


3. checking pulse_width_clock (0)
---------------------------------
 There are 0 register/latch pins which need pulse_width check


4. checking unconstrained_internal_endpoints (874)
--------------------------------------------------
 There are 874 pins that are not constrained for maximum delay. (HIGH)

 There are 0 pins that are not constrained for maximum delay due to constant clock.


5. checking no_input_delay (12)
-------------------------------
 There are 12 input ports with no input delay specified. (HIGH)

 There are 0 input ports with no input delay but user has a false path constraint.


6. checking no_output_delay (9)
-------------------------------
 There are 9 ports with no output delay specified. (HIGH)

 There are 0 ports with no output delay but user has a false path constraint

 There are 0 ports with no output delay but with a timing clock defined on it or propagating through it


7. checking multiple_clock (0)
------------------------------
 There are 0 register/latch pins with multiple clocks.


8. checking generated_clocks (0)
--------------------------------
 There are 0 generated clocks that are not connected to a clock source.


9. checking loops (0)
---------------------
 There are 0 combinational loops in the design.


10. checking partial_input_delay (0)
------------------------------------
 There are 0 input ports with partial input delay specified.


11. checking partial_output_delay (0)
-------------------------------------
 There are 0 ports with partial output delay specified.


12. checking latch_loops (0)
----------------------------
 There are 0 combinational latch loops in the design through latch input



------------------------------------------------------------------------------------------------
| Design Timing Summary
| ---------------------
------------------------------------------------------------------------------------------------

    WNS(ns)      TNS(ns)  TNS Failing Endpoints  TNS Total Endpoints      WHS(ns)      THS(ns)  THS Failing Endpoints  THS Total Endpoints     WPWS(ns)     TPWS(ns)  TPWS Failing Endpoints  TPWS Total Endpoints  
    -------      -------  ---------------------  -------------------      -------      -------  ---------------------  -------------------     --------     --------  ----------------------  --------------------  
      3.605        0.000                      0                  370        0.134        0.000                      0                  370        3.000        0.000                       0                   240  


All user specified timing constraints are met.


------------------------------------------------------------------------------------------------
| Clock Summary
| -------------
------------------------------------------------------------------------------------------------

Clock                                                          Waveform(ns)         Period(ns)      Frequency(MHz)
-----                                                          ------------         ----------      --------------
datapath/Audio_Codec/audiocodec_master_clock/inst/clk_in1      {0.000 5.000}        10.000          100.000         
  clk_out1_clk_wiz_1                                           {0.000 40.687}       81.375          12.289          
  clk_out2_clk_wiz_1                                           {0.000 10.000}       20.000          50.000          
  clkfbout_clk_wiz_1                                           {0.000 5.000}        10.000          100.000         
datapath/video_inst/mmcm_adv_inst_display_clocks/inst/clk_in1  {0.000 5.000}        10.000          100.000         
  clk_out1_clk_wiz_0                                           {0.000 20.000}       40.000          25.000          
  clk_out2_clk_wiz_0                                           {0.000 4.000}        8.000           125.000         
  clkfbout_clk_wiz_0                                           {0.000 5.000}        10.000          100.000         


------------------------------------------------------------------------------------------------
| Intra Clock Table
| -----------------
------------------------------------------------------------------------------------------------

Clock                                                              WNS(ns)      TNS(ns)  TNS Failing Endpoints  TNS Total Endpoints      WHS(ns)      THS(ns)  THS Failing Endpoints  THS Total Endpoints     WPWS(ns)     TPWS(ns)  TPWS Failing Endpoints  TPWS Total Endpoints  
-----                                                              -------      -------  ---------------------  -------------------      -------      -------  ---------------------  -------------------     --------     --------  ----------------------  --------------------  
datapath/Audio_Codec/audiocodec_master_clock/inst/clk_in1                                                                                                                                                        3.000        0.000                       0                     1  
  clk_out1_clk_wiz_1                                                                                                                                                                                            79.220        0.000                       0                     2  
  clk_out2_clk_wiz_1                                                14.187        0.000                      0                  207        0.140        0.000                      0                  207        9.500        0.000                       0                   117  
  clkfbout_clk_wiz_1                                                                                                                                                                                             7.845        0.000                       0                     3  
datapath/video_inst/mmcm_adv_inst_display_clocks/inst/clk_in1                                                                                                                                                    3.000        0.000                       0                     1  
  clk_out1_clk_wiz_0                                                26.883        0.000                      0                  104        0.153        0.000                      0                  104       19.500        0.000                       0                    67  
  clk_out2_clk_wiz_0                                                 3.605        0.000                      0                   53        0.174        0.000                      0                   53        3.500        0.000                       0                    46  
  clkfbout_clk_wiz_0                                                                                                                                                                                             7.845        0.000                       0                     3  


------------------------------------------------------------------------------------------------
| Inter Clock Table
| -----------------
------------------------------------------------------------------------------------------------

From Clock          To Clock                WNS(ns)      TNS(ns)  TNS Failing Endpoints  TNS Total Endpoints      WHS(ns)      THS(ns)  THS Failing Endpoints  THS Total Endpoints  
----------          --------                -------      -------  ---------------------  -------------------      -------      -------  ---------------------  -------------------  
clk_out1_clk_wiz_0  clk_out2_clk_wiz_0        4.497        0.000                      0                   30        0.134        0.000                      0                   30  


------------------------------------------------------------------------------------------------
| Other Path Groups Table
| -----------------------
------------------------------------------------------------------------------------------------

Path Group    From Clock    To Clock          WNS(ns)      TNS(ns)  TNS Failing Endpoints  TNS Total Endpoints      WHS(ns)      THS(ns)  THS Failing Endpoints  THS Total Endpoints  
----------    ----------    --------          -------      -------  ---------------------  -------------------      -------      -------  ---------------------  -------------------  


------------------------------------------------------------------------------------------------
| User Ignored Path Table
| -----------------------
------------------------------------------------------------------------------------------------

Path Group    From Clock    To Clock    
----------    ----------    --------    


------------------------------------------------------------------------------------------------
| Unconstrained Path Table
| ------------------------
------------------------------------------------------------------------------------------------

Path Group          From Clock          To Clock          
----------          ----------          --------          
(none)                                                      
(none)              clk_out1_clk_wiz_0                      
(none)              clk_out1_clk_wiz_1                      
(none)              clk_out2_clk_wiz_0                      
(none)              clk_out2_clk_wiz_1                      
(none)              clkfbout_clk_wiz_0                      
(none)              clkfbout_clk_wiz_1                      
(none)                                  clk_out1_clk_wiz_0  
(none)                                  clk_out2_clk_wiz_1  


------------------------------------------------------------------------------------------------
| Timing Details
| --------------
------------------------------------------------------------------------------------------------


---------------------------------------------------------------------------------------------------
From Clock:  datapath/Audio_Codec/audiocodec_master_clock/inst/clk_in1
  To Clock:  datapath/Audio_Codec/audiocodec_master_clock/inst/clk_in1

Setup :           NA  Failing Endpoints,  Worst Slack           NA  ,  Total Violation           NA
Hold  :           NA  Failing Endpoints,  Worst Slack           NA  ,  Total Violation           NA
PW    :            0  Failing Endpoints,  Worst Slack        3.000ns,  Total Violation        0.000ns
---------------------------------------------------------------------------------------------------


Pulse Width Checks
--------------------------------------------------------------------------------------
Clock Name:         datapath/Audio_Codec/audiocodec_master_clock/inst/clk_in1
Waveform(ns):       { 0.000 5.000 }
Period(ns):         10.000
Sources:            { datapath/Audio_Codec/audiocodec_master_clock/inst/clk_in1 }

Check Type        Corner  Lib Pin            Reference Pin  Required(ns)  Actual(ns)  Slack(ns)  Location         Pin
Min Period        n/a     MMCME2_ADV/CLKIN1  n/a            1.249         10.000      8.751      MMCME2_ADV_X0Y2  datapath/Audio_Codec/audiocodec_master_clock/inst/mmcm_adv_inst/CLKIN1
Max Period        n/a     MMCME2_ADV/CLKIN1  n/a            100.000       10.000      90.000     MMCME2_ADV_X0Y2  datapath/Audio_Codec/audiocodec_master_clock/inst/mmcm_adv_inst/CLKIN1
Low Pulse Width   Slow    MMCME2_ADV/CLKIN1  n/a            2.000         5.000       3.000      MMCME2_ADV_X0Y2  datapath/Audio_Codec/audiocodec_master_clock/inst/mmcm_adv_inst/CLKIN1
Low Pulse Width   Fast    MMCME2_ADV/CLKIN1  n/a            2.000         5.000       3.000      MMCME2_ADV_X0Y2  datapath/Audio_Codec/audiocodec_master_clock/inst/mmcm_adv_inst/CLKIN1
High Pulse Width  Slow    MMCME2_ADV/CLKIN1  n/a            2.000         5.000       3.000      MMCME2_ADV_X0Y2  datapath/Audio_Codec/audiocodec_master_clock/inst/mmcm_adv_inst/CLKIN1
High Pulse Width  Fast    MMCME2_ADV/CLKIN1  n/a            2.000         5.000       3.000      MMCME2_ADV_X0Y2  datapath/Audio_Codec/audiocodec_master_clock/inst/mmcm_adv_inst/CLKIN1



---------------------------------------------------------------------------------------------------
From Clock:  clk_out1_clk_wiz_1
  To Clock:  clk_out1_clk_wiz_1

Setup :           NA  Failing Endpoints,  Worst Slack           NA  ,  Total Violation           NA
Hold  :           NA  Failing Endpoints,  Worst Slack           NA  ,  Total Violation           NA
PW    :            0  Failing Endpoints,  Worst Slack       79.220ns,  Total Violation        0.000ns
---------------------------------------------------------------------------------------------------


Pulse Width Checks
--------------------------------------------------------------------------------------
Clock Name:         clk_out1_clk_wiz_1
Waveform(ns):       { 0.000 40.688 }
Period(ns):         81.375
Sources:            { datapath/Audio_Codec/audiocodec_master_clock/inst/mmcm_adv_inst/CLKOUT0 }

Check Type  Corner  Lib Pin             Reference Pin  Required(ns)  Actual(ns)  Slack(ns)  Location         Pin
Min Period  n/a     BUFG/I              n/a            2.155         81.375      79.220     BUFGCTRL_X0Y1    datapath/Audio_Codec/audiocodec_master_clock/inst/clkout1_buf/I
Min Period  n/a     MMCME2_ADV/CLKOUT0  n/a            1.249         81.375      80.126     MMCME2_ADV_X0Y2  datapath/Audio_Codec/audiocodec_master_clock/inst/mmcm_adv_inst/CLKOUT0
Max Period  n/a     MMCME2_ADV/CLKOUT0  n/a            213.360       81.375      131.985    MMCME2_ADV_X0Y2  datapath/Audio_Codec/audiocodec_master_clock/inst/mmcm_adv_inst/CLKOUT0



---------------------------------------------------------------------------------------------------
From Clock:  clk_out2_clk_wiz_1
  To Clock:  clk_out2_clk_wiz_1

Setup :            0  Failing Endpoints,  Worst Slack       14.187ns,  Total Violation        0.000ns
Hold  :            0  Failing Endpoints,  Worst Slack        0.140ns,  Total Violation        0.000ns
PW    :            0  Failing Endpoints,  Worst Slack        9.500ns,  Total Violation        0.000ns
---------------------------------------------------------------------------------------------------


Max Delay Paths
--------------------------------------------------------------------------------------
Slack (MET) :             14.187ns  (required time - arrival time)
  Source:                 datapath/Audio_Codec/initialize_audio/twi_controller/sclCnt_reg[0]/C
                            (rising edge-triggered cell FDSE clocked by clk_out2_clk_wiz_1  {rise@0.000ns fall@10.000ns period=20.000ns})
  Destination:            datapath/Audio_Codec/initialize_audio/twi_controller/dataByte_reg[1]/D
                            (rising edge-triggered cell FDRE clocked by clk_out2_clk_wiz_1  {rise@0.000ns fall@10.000ns period=20.000ns})
  Path Group:             clk_out2_clk_wiz_1
  Path Type:              Setup (Max at Slow Process Corner)
  Requirement:            20.000ns  (clk_out2_clk_wiz_1 rise@20.000ns - clk_out2_clk_wiz_1 rise@0.000ns)
  Data Path Delay:        5.741ns  (logic 1.334ns (23.237%)  route 4.407ns (76.763%))
  Logic Levels:           5  (LUT2=1 LUT3=1 LUT4=1 LUT5=1 LUT6=1)
  Clock Path Skew:        -0.018ns (DCD - SCD + CPR)
    Destination Clock Delay (DCD):    1.702ns = ( 21.702 - 20.000 ) 
    Source Clock Delay      (SCD):    1.814ns
    Clock Pessimism Removal (CPR):    0.094ns
  Clock Uncertainty:      0.084ns  ((TSJ^2 + DJ^2)^1/2) / 2 + PE
    Total System Jitter     (TSJ):    0.071ns
    Discrete Jitter          (DJ):    0.152ns
    Phase Error              (PE):    0.000ns

    Location             Delay type                Incr(ns)  Path(ns)    Netlist Resource(s)
  -------------------------------------------------------------------    -------------------
                         (clock clk_out2_clk_wiz_1 rise edge)
                                                      0.000     0.000 r  
    BUFGCTRL_X0Y2        BUFG                         0.000     0.000 r  clk_IBUF_BUFG_inst/O
                         net (fo=302, routed)         1.761     1.761    datapath/Audio_Codec/audiocodec_master_clock/inst/clk_in1
    MMCME2_ADV_X0Y2      MMCME2_ADV (Prop_mmcme2_adv_CLKIN1_CLKOUT1)
                                                     -3.701    -1.939 r  datapath/Audio_Codec/audiocodec_master_clock/inst/mmcm_adv_inst/CLKOUT1
                         net (fo=1, routed)           1.843    -0.096    datapath/Audio_Codec/audiocodec_master_clock/inst/clk_out2_clk_wiz_1
    BUFGCTRL_X0Y3        BUFG (Prop_bufg_I_O)         0.096    -0.000 r  datapath/Audio_Codec/audiocodec_master_clock/inst/clkout2_buf/O
                         net (fo=115, routed)         1.814     1.814    datapath/Audio_Codec/initialize_audio/twi_controller/CLK
    SLICE_X162Y123       FDSE                                         r  datapath/Audio_Codec/initialize_audio/twi_controller/sclCnt_reg[0]/C
  -------------------------------------------------------------------    -------------------
    SLICE_X162Y123       FDSE (Prop_fdse_C_Q)         0.518     2.332 r  datapath/Audio_Codec/initialize_audio/twi_controller/sclCnt_reg[0]/Q
                         net (fo=7, routed)           0.861     3.194    datapath/Audio_Codec/initialize_audio/twi_controller/sclCnt_reg[0]
    SLICE_X162Y124       LUT6 (Prop_lut6_I2_O)        0.124     3.318 r  datapath/Audio_Codec/initialize_audio/twi_controller/sclCnt[6]_i_4/O
                         net (fo=2, routed)           0.416     3.734    datapath/Audio_Codec/initialize_audio/twi_controller/sclCnt[6]_i_4_n_0
    SLICE_X162Y123       LUT2 (Prop_lut2_I0_O)        0.116     3.850 r  datapath/Audio_Codec/initialize_audio/twi_controller/subState[1]_i_2/O
                         net (fo=10, routed)          1.378     5.228    datapath/Audio_Codec/initialize_audio/twi_controller/subState[1]_i_2_n_0
    SLICE_X159Y118       LUT3 (Prop_lut3_I2_O)        0.328     5.556 r  datapath/Audio_Codec/initialize_audio/twi_controller/FSM_gray_state[3]_i_5/O
                         net (fo=2, routed)           0.416     5.972    datapath/Audio_Codec/initialize_audio/twi_controller/FSM_gray_state[3]_i_5_n_0
    SLICE_X159Y116       LUT5 (Prop_lut5_I0_O)        0.124     6.096 r  datapath/Audio_Codec/initialize_audio/twi_controller/dataByte[7]_i_6/O
                         net (fo=12, routed)          1.335     7.431    datapath/Audio_Codec/initialize_audio/twi_controller/dataByte[7]_i_6_n_0
    SLICE_X160Y119       LUT4 (Prop_lut4_I2_O)        0.124     7.555 r  datapath/Audio_Codec/initialize_audio/twi_controller/dataByte[1]_i_1/O
                         net (fo=1, routed)           0.000     7.555    datapath/Audio_Codec/initialize_audio/twi_controller/p_1_in[1]
    SLICE_X160Y119       FDRE                                         r  datapath/Audio_Codec/initialize_audio/twi_controller/dataByte_reg[1]/D
  -------------------------------------------------------------------    -------------------

                         (clock clk_out2_clk_wiz_1 rise edge)
                                                     20.000    20.000 r  
    BUFGCTRL_X0Y2        BUFG                         0.000    20.000 r  clk_IBUF_BUFG_inst/O
                         net (fo=302, routed)         1.643    21.643    datapath/Audio_Codec/audiocodec_master_clock/inst/clk_in1
    MMCME2_ADV_X0Y2      MMCME2_ADV (Prop_mmcme2_adv_CLKIN1_CLKOUT1)
                                                     -3.494    18.149 r  datapath/Audio_Codec/audiocodec_master_clock/inst/mmcm_adv_inst/CLKOUT1
                         net (fo=1, routed)           1.760    19.909    datapath/Audio_Codec/audiocodec_master_clock/inst/clk_out2_clk_wiz_1
    BUFGCTRL_X0Y3        BUFG (Prop_bufg_I_O)         0.091    20.000 r  datapath/Audio_Codec/audiocodec_master_clock/inst/clkout2_buf/O
                         net (fo=115, routed)         1.702    21.702    datapath/Audio_Codec/initialize_audio/twi_controller/CLK
    SLICE_X160Y119       FDRE                                         r  datapath/Audio_Codec/initialize_audio/twi_controller/dataByte_reg[1]/C
                         clock pessimism              0.094    21.796    
                         clock uncertainty           -0.084    21.713    
    SLICE_X160Y119       FDRE (Setup_fdre_C_D)        0.029    21.742    datapath/Audio_Codec/initialize_audio/twi_controller/dataByte_reg[1]
  -------------------------------------------------------------------
                         required time                         21.742    
                         arrival time                          -7.555    
  -------------------------------------------------------------------
                         slack                                 14.187    

Slack (MET) :             14.196ns  (required time - arrival time)
  Source:                 datapath/Audio_Codec/initialize_audio/twi_controller/sclCnt_reg[0]/C
                            (rising edge-triggered cell FDSE clocked by clk_out2_clk_wiz_1  {rise@0.000ns fall@10.000ns period=20.000ns})
  Destination:            datapath/Audio_Codec/initialize_audio/twi_controller/dataByte_reg[2]/D
                            (rising edge-triggered cell FDRE clocked by clk_out2_clk_wiz_1  {rise@0.000ns fall@10.000ns period=20.000ns})
  Path Group:             clk_out2_clk_wiz_1
  Path Type:              Setup (Max at Slow Process Corner)
  Requirement:            20.000ns  (clk_out2_clk_wiz_1 rise@20.000ns - clk_out2_clk_wiz_1 rise@0.000ns)
  Data Path Delay:        5.734ns  (logic 1.334ns (23.267%)  route 4.400ns (76.733%))
  Logic Levels:           5  (LUT2=1 LUT3=1 LUT4=1 LUT5=1 LUT6=1)
  Clock Path Skew:        -0.018ns (DCD - SCD + CPR)
    Destination Clock Delay (DCD):    1.702ns = ( 21.702 - 20.000 ) 
    Source Clock Delay      (SCD):    1.814ns
    Clock Pessimism Removal (CPR):    0.094ns
  Clock Uncertainty:      0.084ns  ((TSJ^2 + DJ^2)^1/2) / 2 + PE
    Total System Jitter     (TSJ):    0.071ns
    Discrete Jitter          (DJ):    0.152ns
    Phase Error              (PE):    0.000ns

    Location             Delay type                Incr(ns)  Path(ns)    Netlist Resource(s)
  -------------------------------------------------------------------    -------------------
                         (clock clk_out2_clk_wiz_1 rise edge)
                                                      0.000     0.000 r  
    BUFGCTRL_X0Y2        BUFG                         0.000     0.000 r  clk_IBUF_BUFG_inst/O
                         net (fo=302, routed)         1.761     1.761    datapath/Audio_Codec/audiocodec_master_clock/inst/clk_in1
    MMCME2_ADV_X0Y2      MMCME2_ADV (Prop_mmcme2_adv_CLKIN1_CLKOUT1)
                                                     -3.701    -1.939 r  datapath/Audio_Codec/audiocodec_master_clock/inst/mmcm_adv_inst/CLKOUT1
                         net (fo=1, routed)           1.843    -0.096    datapath/Audio_Codec/audiocodec_master_clock/inst/clk_out2_clk_wiz_1
    BUFGCTRL_X0Y3        BUFG (Prop_bufg_I_O)         0.096    -0.000 r  datapath/Audio_Codec/audiocodec_master_clock/inst/clkout2_buf/O
                         net (fo=115, routed)         1.814     1.814    datapath/Audio_Codec/initialize_audio/twi_controller/CLK
    SLICE_X162Y123       FDSE                                         r  datapath/Audio_Codec/initialize_audio/twi_controller/sclCnt_reg[0]/C
  -------------------------------------------------------------------    -------------------
    SLICE_X162Y123       FDSE (Prop_fdse_C_Q)         0.518     2.332 r  datapath/Audio_Codec/initialize_audio/twi_controller/sclCnt_reg[0]/Q
                         net (fo=7, routed)           0.861     3.194    datapath/Audio_Codec/initialize_audio/twi_controller/sclCnt_reg[0]
    SLICE_X162Y124       LUT6 (Prop_lut6_I2_O)        0.124     3.318 r  datapath/Audio_Codec/initialize_audio/twi_controller/sclCnt[6]_i_4/O
                         net (fo=2, routed)           0.416     3.734    datapath/Audio_Codec/initialize_audio/twi_controller/sclCnt[6]_i_4_n_0
    SLICE_X162Y123       LUT2 (Prop_lut2_I0_O)        0.116     3.850 r  datapath/Audio_Codec/initialize_audio/twi_controller/subState[1]_i_2/O
                         net (fo=10, routed)          1.378     5.228    datapath/Audio_Codec/initialize_audio/twi_controller/subState[1]_i_2_n_0
    SLICE_X159Y118       LUT3 (Prop_lut3_I2_O)        0.328     5.556 r  datapath/Audio_Codec/initialize_audio/twi_controller/FSM_gray_state[3]_i_5/O
                         net (fo=2, routed)           0.416     5.972    datapath/Audio_Codec/initialize_audio/twi_controller/FSM_gray_state[3]_i_5_n_0
    SLICE_X159Y116       LUT5 (Prop_lut5_I0_O)        0.124     6.096 r  datapath/Audio_Codec/initialize_audio/twi_controller/dataByte[7]_i_6/O
                         net (fo=12, routed)          1.328     7.424    datapath/Audio_Codec/initialize_audio/twi_controller/dataByte[7]_i_6_n_0
    SLICE_X160Y119       LUT4 (Prop_lut4_I2_O)        0.124     7.548 r  datapath/Audio_Codec/initialize_audio/twi_controller/dataByte[2]_i_1/O
                         net (fo=1, routed)           0.000     7.548    datapath/Audio_Codec/initialize_audio/twi_controller/p_1_in[2]
    SLICE_X160Y119       FDRE                                         r  datapath/Audio_Codec/initialize_audio/twi_controller/dataByte_reg[2]/D
  -------------------------------------------------------------------    -------------------

                         (clock clk_out2_clk_wiz_1 rise edge)
                                                     20.000    20.000 r  
    BUFGCTRL_X0Y2        BUFG                         0.000    20.000 r  clk_IBUF_BUFG_inst/O
                         net (fo=302, routed)         1.643    21.643    datapath/Audio_Codec/audiocodec_master_clock/inst/clk_in1
    MMCME2_ADV_X0Y2      MMCME2_ADV (Prop_mmcme2_adv_CLKIN1_CLKOUT1)
                                                     -3.494    18.149 r  datapath/Audio_Codec/audiocodec_master_clock/inst/mmcm_adv_inst/CLKOUT1
                         net (fo=1, routed)           1.760    19.909    datapath/Audio_Codec/audiocodec_master_clock/inst/clk_out2_clk_wiz_1
    BUFGCTRL_X0Y3        BUFG (Prop_bufg_I_O)         0.091    20.000 r  datapath/Audio_Codec/audiocodec_master_clock/inst/clkout2_buf/O
                         net (fo=115, routed)         1.702    21.702    datapath/Audio_Codec/initialize_audio/twi_controller/CLK
    SLICE_X160Y119       FDRE                                         r  datapath/Audio_Codec/initialize_audio/twi_controller/dataByte_reg[2]/C
                         clock pessimism              0.094    21.796    
                         clock uncertainty           -0.084    21.713    
    SLICE_X160Y119       FDRE (Setup_fdre_C_D)        0.031    21.744    datapath/Audio_Codec/initialize_audio/twi_controller/dataByte_reg[2]
  -------------------------------------------------------------------
                         required time                         21.744    
                         arrival time                          -7.548    
  -------------------------------------------------------------------
                         slack                                 14.196    

Slack (MET) :             14.196ns  (required time - arrival time)
  Source:                 datapath/Audio_Codec/initialize_audio/twi_controller/sclCnt_reg[0]/C
                            (rising edge-triggered cell FDSE clocked by clk_out2_clk_wiz_1  {rise@0.000ns fall@10.000ns period=20.000ns})
  Destination:            datapath/Audio_Codec/initialize_audio/twi_controller/dataByte_reg[6]/D
                            (rising edge-triggered cell FDRE clocked by clk_out2_clk_wiz_1  {rise@0.000ns fall@10.000ns period=20.000ns})
  Path Group:             clk_out2_clk_wiz_1
  Path Type:              Setup (Max at Slow Process Corner)
  Requirement:            20.000ns  (clk_out2_clk_wiz_1 rise@20.000ns - clk_out2_clk_wiz_1 rise@0.000ns)
  Data Path Delay:        5.734ns  (logic 1.334ns (23.267%)  route 4.400ns (76.733%))
  Logic Levels:           5  (LUT2=1 LUT3=1 LUT4=1 LUT5=1 LUT6=1)
  Clock Path Skew:        -0.018ns (DCD - SCD + CPR)
    Destination Clock Delay (DCD):    1.702ns = ( 21.702 - 20.000 ) 
    Source Clock Delay      (SCD):    1.814ns
    Clock Pessimism Removal (CPR):    0.094ns
  Clock Uncertainty:      0.084ns  ((TSJ^2 + DJ^2)^1/2) / 2 + PE
    Total System Jitter     (TSJ):    0.071ns
    Discrete Jitter          (DJ):    0.152ns
    Phase Error              (PE):    0.000ns

    Location             Delay type                Incr(ns)  Path(ns)    Netlist Resource(s)
  -------------------------------------------------------------------    -------------------
                         (clock clk_out2_clk_wiz_1 rise edge)
                                                      0.000     0.000 r  
    BUFGCTRL_X0Y2        BUFG                         0.000     0.000 r  clk_IBUF_BUFG_inst/O
                         net (fo=302, routed)         1.761     1.761    datapath/Audio_Codec/audiocodec_master_clock/inst/clk_in1
    MMCME2_ADV_X0Y2      MMCME2_ADV (Prop_mmcme2_adv_CLKIN1_CLKOUT1)
                                                     -3.701    -1.939 r  datapath/Audio_Codec/audiocodec_master_clock/inst/mmcm_adv_inst/CLKOUT1
                         net (fo=1, routed)           1.843    -0.096    datapath/Audio_Codec/audiocodec_master_clock/inst/clk_out2_clk_wiz_1
    BUFGCTRL_X0Y3        BUFG (Prop_bufg_I_O)         0.096    -0.000 r  datapath/Audio_Codec/audiocodec_master_clock/inst/clkout2_buf/O
                         net (fo=115, routed)         1.814     1.814    datapath/Audio_Codec/initialize_audio/twi_controller/CLK
    SLICE_X162Y123       FDSE                                         r  datapath/Audio_Codec/initialize_audio/twi_controller/sclCnt_reg[0]/C
  -------------------------------------------------------------------    -------------------
    SLICE_X162Y123       FDSE (Prop_fdse_C_Q)         0.518     2.332 r  datapath/Audio_Codec/initialize_audio/twi_controller/sclCnt_reg[0]/Q
                         net (fo=7, routed)           0.861     3.194    datapath/Audio_Codec/initialize_audio/twi_controller/sclCnt_reg[0]
    SLICE_X162Y124       LUT6 (Prop_lut6_I2_O)        0.124     3.318 r  datapath/Audio_Codec/initialize_audio/twi_controller/sclCnt[6]_i_4/O
                         net (fo=2, routed)           0.416     3.734    datapath/Audio_Codec/initialize_audio/twi_controller/sclCnt[6]_i_4_n_0
    SLICE_X162Y123       LUT2 (Prop_lut2_I0_O)        0.116     3.850 r  datapath/Audio_Codec/initialize_audio/twi_controller/subState[1]_i_2/O
                         net (fo=10, routed)          1.378     5.228    datapath/Audio_Codec/initialize_audio/twi_controller/subState[1]_i_2_n_0
    SLICE_X159Y118       LUT3 (Prop_lut3_I2_O)        0.328     5.556 r  datapath/Audio_Codec/initialize_audio/twi_controller/FSM_gray_state[3]_i_5/O
                         net (fo=2, routed)           0.416     5.972    datapath/Audio_Codec/initialize_audio/twi_controller/FSM_gray_state[3]_i_5_n_0
    SLICE_X159Y116       LUT5 (Prop_lut5_I0_O)        0.124     6.096 r  datapath/Audio_Codec/initialize_audio/twi_controller/dataByte[7]_i_6/O
                         net (fo=12, routed)          1.328     7.424    datapath/Audio_Codec/initialize_audio/twi_controller/dataByte[7]_i_6_n_0
    SLICE_X161Y119       LUT4 (Prop_lut4_I2_O)        0.124     7.548 r  datapath/Audio_Codec/initialize_audio/twi_controller/dataByte[6]_i_1/O
                         net (fo=1, routed)           0.000     7.548    datapath/Audio_Codec/initialize_audio/twi_controller/p_1_in[6]
    SLICE_X161Y119       FDRE                                         r  datapath/Audio_Codec/initialize_audio/twi_controller/dataByte_reg[6]/D
  -------------------------------------------------------------------    -------------------

                         (clock clk_out2_clk_wiz_1 rise edge)
                                                     20.000    20.000 r  
    BUFGCTRL_X0Y2        BUFG                         0.000    20.000 r  clk_IBUF_BUFG_inst/O
                         net (fo=302, routed)         1.643    21.643    datapath/Audio_Codec/audiocodec_master_clock/inst/clk_in1
    MMCME2_ADV_X0Y2      MMCME2_ADV (Prop_mmcme2_adv_CLKIN1_CLKOUT1)
                                                     -3.494    18.149 r  datapath/Audio_Codec/audiocodec_master_clock/inst/mmcm_adv_inst/CLKOUT1
                         net (fo=1, routed)           1.760    19.909    datapath/Audio_Codec/audiocodec_master_clock/inst/clk_out2_clk_wiz_1
    BUFGCTRL_X0Y3        BUFG (Prop_bufg_I_O)         0.091    20.000 r  datapath/Audio_Codec/audiocodec_master_clock/inst/clkout2_buf/O
                         net (fo=115, routed)         1.702    21.702    datapath/Audio_Codec/initialize_audio/twi_controller/CLK
    SLICE_X161Y119       FDRE                                         r  datapath/Audio_Codec/initialize_audio/twi_controller/dataByte_reg[6]/C
                         clock pessimism              0.094    21.796    
                         clock uncertainty           -0.084    21.713    
    SLICE_X161Y119       FDRE (Setup_fdre_C_D)        0.031    21.744    datapath/Audio_Codec/initialize_audio/twi_controller/dataByte_reg[6]
  -------------------------------------------------------------------
                         required time                         21.744    
                         arrival time                          -7.548    
  -------------------------------------------------------------------
                         slack                                 14.196    

Slack (MET) :             14.196ns  (required time - arrival time)
  Source:                 datapath/Audio_Codec/initialize_audio/twi_controller/sclCnt_reg[0]/C
                            (rising edge-triggered cell FDSE clocked by clk_out2_clk_wiz_1  {rise@0.000ns fall@10.000ns period=20.000ns})
  Destination:            datapath/Audio_Codec/initialize_audio/twi_controller/dataByte_reg[5]/D
                            (rising edge-triggered cell FDRE clocked by clk_out2_clk_wiz_1  {rise@0.000ns fall@10.000ns period=20.000ns})
  Path Group:             clk_out2_clk_wiz_1
  Path Type:              Setup (Max at Slow Process Corner)
  Requirement:            20.000ns  (clk_out2_clk_wiz_1 rise@20.000ns - clk_out2_clk_wiz_1 rise@0.000ns)
  Data Path Delay:        5.732ns  (logic 1.334ns (23.275%)  route 4.398ns (76.725%))
  Logic Levels:           5  (LUT2=1 LUT3=1 LUT4=1 LUT5=1 LUT6=1)
  Clock Path Skew:        -0.018ns (DCD - SCD + CPR)
    Destination Clock Delay (DCD):    1.702ns = ( 21.702 - 20.000 ) 
    Source Clock Delay      (SCD):    1.814ns
    Clock Pessimism Removal (CPR):    0.094ns
  Clock Uncertainty:      0.084ns  ((TSJ^2 + DJ^2)^1/2) / 2 + PE
    Total System Jitter     (TSJ):    0.071ns
    Discrete Jitter          (DJ):    0.152ns
    Phase Error              (PE):    0.000ns

    Location             Delay type                Incr(ns)  Path(ns)    Netlist Resource(s)
  -------------------------------------------------------------------    -------------------
                         (clock clk_out2_clk_wiz_1 rise edge)
                                                      0.000     0.000 r  
    BUFGCTRL_X0Y2        BUFG                         0.000     0.000 r  clk_IBUF_BUFG_inst/O
                         net (fo=302, routed)         1.761     1.761    datapath/Audio_Codec/audiocodec_master_clock/inst/clk_in1
    MMCME2_ADV_X0Y2      MMCME2_ADV (Prop_mmcme2_adv_CLKIN1_CLKOUT1)
                                                     -3.701    -1.939 r  datapath/Audio_Codec/audiocodec_master_clock/inst/mmcm_adv_inst/CLKOUT1
                         net (fo=1, routed)           1.843    -0.096    datapath/Audio_Codec/audiocodec_master_clock/inst/clk_out2_clk_wiz_1
    BUFGCTRL_X0Y3        BUFG (Prop_bufg_I_O)         0.096    -0.000 r  datapath/Audio_Codec/audiocodec_master_clock/inst/clkout2_buf/O
                         net (fo=115, routed)         1.814     1.814    datapath/Audio_Codec/initialize_audio/twi_controller/CLK
    SLICE_X162Y123       FDSE                                         r  datapath/Audio_Codec/initialize_audio/twi_controller/sclCnt_reg[0]/C
  -------------------------------------------------------------------    -------------------
    SLICE_X162Y123       FDSE (Prop_fdse_C_Q)         0.518     2.332 r  datapath/Audio_Codec/initialize_audio/twi_controller/sclCnt_reg[0]/Q
                         net (fo=7, routed)           0.861     3.194    datapath/Audio_Codec/initialize_audio/twi_controller/sclCnt_reg[0]
    SLICE_X162Y124       LUT6 (Prop_lut6_I2_O)        0.124     3.318 r  datapath/Audio_Codec/initialize_audio/twi_controller/sclCnt[6]_i_4/O
                         net (fo=2, routed)           0.416     3.734    datapath/Audio_Codec/initialize_audio/twi_controller/sclCnt[6]_i_4_n_0
    SLICE_X162Y123       LUT2 (Prop_lut2_I0_O)        0.116     3.850 r  datapath/Audio_Codec/initialize_audio/twi_controller/subState[1]_i_2/O
                         net (fo=10, routed)          1.378     5.228    datapath/Audio_Codec/initialize_audio/twi_controller/subState[1]_i_2_n_0
    SLICE_X159Y118       LUT3 (Prop_lut3_I2_O)        0.328     5.556 r  datapath/Audio_Codec/initialize_audio/twi_controller/FSM_gray_state[3]_i_5/O
                         net (fo=2, routed)           0.416     5.972    datapath/Audio_Codec/initialize_audio/twi_controller/FSM_gray_state[3]_i_5_n_0
    SLICE_X159Y116       LUT5 (Prop_lut5_I0_O)        0.124     6.096 r  datapath/Audio_Codec/initialize_audio/twi_controller/dataByte[7]_i_6/O
                         net (fo=12, routed)          1.326     7.422    datapath/Audio_Codec/initialize_audio/twi_controller/dataByte[7]_i_6_n_0
    SLICE_X161Y119       LUT4 (Prop_lut4_I2_O)        0.124     7.546 r  datapath/Audio_Codec/initialize_audio/twi_controller/dataByte[5]_i_1/O
                         net (fo=1, routed)           0.000     7.546    datapath/Audio_Codec/initialize_audio/twi_controller/p_1_in[5]
    SLICE_X161Y119       FDRE                                         r  datapath/Audio_Codec/initialize_audio/twi_controller/dataByte_reg[5]/D
  -------------------------------------------------------------------    -------------------

                         (clock clk_out2_clk_wiz_1 rise edge)
                                                     20.000    20.000 r  
    BUFGCTRL_X0Y2        BUFG                         0.000    20.000 r  clk_IBUF_BUFG_inst/O
                         net (fo=302, routed)         1.643    21.643    datapath/Audio_Codec/audiocodec_master_clock/inst/clk_in1
    MMCME2_ADV_X0Y2      MMCME2_ADV (Prop_mmcme2_adv_CLKIN1_CLKOUT1)
                                                     -3.494    18.149 r  datapath/Audio_Codec/audiocodec_master_clock/inst/mmcm_adv_inst/CLKOUT1
                         net (fo=1, routed)           1.760    19.909    datapath/Audio_Codec/audiocodec_master_clock/inst/clk_out2_clk_wiz_1
    BUFGCTRL_X0Y3        BUFG (Prop_bufg_I_O)         0.091    20.000 r  datapath/Audio_Codec/audiocodec_master_clock/inst/clkout2_buf/O
                         net (fo=115, routed)         1.702    21.702    datapath/Audio_Codec/initialize_audio/twi_controller/CLK
    SLICE_X161Y119       FDRE                                         r  datapath/Audio_Codec/initialize_audio/twi_controller/dataByte_reg[5]/C
                         clock pessimism              0.094    21.796    
                         clock uncertainty           -0.084    21.713    
    SLICE_X161Y119       FDRE (Setup_fdre_C_D)        0.029    21.742    datapath/Audio_Codec/initialize_audio/twi_controller/dataByte_reg[5]
  -------------------------------------------------------------------
                         required time                         21.742    
                         arrival time                          -7.546    
  -------------------------------------------------------------------
                         slack                                 14.196    

Slack (MET) :             14.363ns  (required time - arrival time)
  Source:                 datapath/Audio_Codec/initialize_audio/twi_controller/sclCnt_reg[0]/C
                            (rising edge-triggered cell FDSE clocked by clk_out2_clk_wiz_1  {rise@0.000ns fall@10.000ns period=20.000ns})
  Destination:            datapath/Audio_Codec/initialize_audio/twi_controller/dataByte_reg[7]/D
                            (rising edge-triggered cell FDRE clocked by clk_out2_clk_wiz_1  {rise@0.000ns fall@10.000ns period=20.000ns})
  Path Group:             clk_out2_clk_wiz_1
  Path Type:              Setup (Max at Slow Process Corner)
  Requirement:            20.000ns  (clk_out2_clk_wiz_1 rise@20.000ns - clk_out2_clk_wiz_1 rise@0.000ns)
  Data Path Delay:        5.567ns  (logic 1.334ns (23.965%)  route 4.233ns (76.035%))
  Logic Levels:           5  (LUT2=1 LUT3=1 LUT4=1 LUT5=1 LUT6=1)
  Clock Path Skew:        -0.018ns (DCD - SCD + CPR)
    Destination Clock Delay (DCD):    1.702ns = ( 21.702 - 20.000 ) 
    Source Clock Delay      (SCD):    1.814ns
    Clock Pessimism Removal (CPR):    0.094ns
  Clock Uncertainty:      0.084ns  ((TSJ^2 + DJ^2)^1/2) / 2 + PE
    Total System Jitter     (TSJ):    0.071ns
    Discrete Jitter          (DJ):    0.152ns
    Phase Error              (PE):    0.000ns

    Location             Delay type                Incr(ns)  Path(ns)    Netlist Resource(s)
  -------------------------------------------------------------------    -------------------
                         (clock clk_out2_clk_wiz_1 rise edge)
                                                      0.000     0.000 r  
    BUFGCTRL_X0Y2        BUFG                         0.000     0.000 r  clk_IBUF_BUFG_inst/O
                         net (fo=302, routed)         1.761     1.761    datapath/Audio_Codec/audiocodec_master_clock/inst/clk_in1
    MMCME2_ADV_X0Y2      MMCME2_ADV (Prop_mmcme2_adv_CLKIN1_CLKOUT1)
                                                     -3.701    -1.939 r  datapath/Audio_Codec/audiocodec_master_clock/inst/mmcm_adv_inst/CLKOUT1
                         net (fo=1, routed)           1.843    -0.096    datapath/Audio_Codec/audiocodec_master_clock/inst/clk_out2_clk_wiz_1
    BUFGCTRL_X0Y3        BUFG (Prop_bufg_I_O)         0.096    -0.000 r  datapath/Audio_Codec/audiocodec_master_clock/inst/clkout2_buf/O
                         net (fo=115, routed)         1.814     1.814    datapath/Audio_Codec/initialize_audio/twi_controller/CLK
    SLICE_X162Y123       FDSE                                         r  datapath/Audio_Codec/initialize_audio/twi_controller/sclCnt_reg[0]/C
  -------------------------------------------------------------------    -------------------
    SLICE_X162Y123       FDSE (Prop_fdse_C_Q)         0.518     2.332 f  datapath/Audio_Codec/initialize_audio/twi_controller/sclCnt_reg[0]/Q
                         net (fo=7, routed)           0.861     3.194    datapath/Audio_Codec/initialize_audio/twi_controller/sclCnt_reg[0]
    SLICE_X162Y124       LUT6 (Prop_lut6_I2_O)        0.124     3.318 f  datapath/Audio_Codec/initialize_audio/twi_controller/sclCnt[6]_i_4/O
                         net (fo=2, routed)           0.416     3.734    datapath/Audio_Codec/initialize_audio/twi_controller/sclCnt[6]_i_4_n_0
    SLICE_X162Y123       LUT2 (Prop_lut2_I0_O)        0.116     3.850 f  datapath/Audio_Codec/initialize_audio/twi_controller/subState[1]_i_2/O
                         net (fo=10, routed)          1.378     5.228    datapath/Audio_Codec/initialize_audio/twi_controller/subState[1]_i_2_n_0
    SLICE_X159Y118       LUT3 (Prop_lut3_I2_O)        0.328     5.556 f  datapath/Audio_Codec/initialize_audio/twi_controller/FSM_gray_state[3]_i_5/O
                         net (fo=2, routed)           0.416     5.972    datapath/Audio_Codec/initialize_audio/twi_controller/FSM_gray_state[3]_i_5_n_0
    SLICE_X159Y116       LUT5 (Prop_lut5_I0_O)        0.124     6.096 f  datapath/Audio_Codec/initialize_audio/twi_controller/dataByte[7]_i_6/O
                         net (fo=12, routed)          1.161     7.257    datapath/Audio_Codec/initialize_audio/twi_controller/dataByte[7]_i_6_n_0
    SLICE_X161Y119       LUT4 (Prop_lut4_I0_O)        0.124     7.381 r  datapath/Audio_Codec/initialize_audio/twi_controller/dataByte[7]_i_2/O
                         net (fo=1, routed)           0.000     7.381    datapath/Audio_Codec/initialize_audio/twi_controller/p_1_in[7]
    SLICE_X161Y119       FDRE                                         r  datapath/Audio_Codec/initialize_audio/twi_controller/dataByte_reg[7]/D
  -------------------------------------------------------------------    -------------------

                         (clock clk_out2_clk_wiz_1 rise edge)
                                                     20.000    20.000 r  
    BUFGCTRL_X0Y2        BUFG                         0.000    20.000 r  clk_IBUF_BUFG_inst/O
                         net (fo=302, routed)         1.643    21.643    datapath/Audio_Codec/audiocodec_master_clock/inst/clk_in1
    MMCME2_ADV_X0Y2      MMCME2_ADV (Prop_mmcme2_adv_CLKIN1_CLKOUT1)
                                                     -3.494    18.149 r  datapath/Audio_Codec/audiocodec_master_clock/inst/mmcm_adv_inst/CLKOUT1
                         net (fo=1, routed)           1.760    19.909    datapath/Audio_Codec/audiocodec_master_clock/inst/clk_out2_clk_wiz_1
    BUFGCTRL_X0Y3        BUFG (Prop_bufg_I_O)         0.091    20.000 r  datapath/Audio_Codec/audiocodec_master_clock/inst/clkout2_buf/O
                         net (fo=115, routed)         1.702    21.702    datapath/Audio_Codec/initialize_audio/twi_controller/CLK
    SLICE_X161Y119       FDRE                                         r  datapath/Audio_Codec/initialize_audio/twi_controller/dataByte_reg[7]/C
                         clock pessimism              0.094    21.796    
                         clock uncertainty           -0.084    21.713    
    SLICE_X161Y119       FDRE (Setup_fdre_C_D)        0.031    21.744    datapath/Audio_Codec/initialize_audio/twi_controller/dataByte_reg[7]
  -------------------------------------------------------------------
                         required time                         21.744    
                         arrival time                          -7.381    
  -------------------------------------------------------------------
                         slack                                 14.363    

Slack (MET) :             14.526ns  (required time - arrival time)
  Source:                 datapath/Audio_Codec/initialize_audio/twi_controller/sclCnt_reg[0]/C
                            (rising edge-triggered cell FDSE clocked by clk_out2_clk_wiz_1  {rise@0.000ns fall@10.000ns period=20.000ns})
  Destination:            datapath/Audio_Codec/initialize_audio/twi_controller/addrNData_reg/D
                            (rising edge-triggered cell FDRE clocked by clk_out2_clk_wiz_1  {rise@0.000ns fall@10.000ns period=20.000ns})
  Path Group:             clk_out2_clk_wiz_1
  Path Type:              Setup (Max at Slow Process Corner)
  Requirement:            20.000ns  (clk_out2_clk_wiz_1 rise@20.000ns - clk_out2_clk_wiz_1 rise@0.000ns)
  Data Path Delay:        5.404ns  (logic 1.334ns (24.685%)  route 4.070ns (75.315%))
  Logic Levels:           5  (LUT2=1 LUT3=2 LUT5=1 LUT6=1)
  Clock Path Skew:        -0.017ns (DCD - SCD + CPR)
    Destination Clock Delay (DCD):    1.703ns = ( 21.703 - 20.000 ) 
    Source Clock Delay      (SCD):    1.814ns
    Clock Pessimism Removal (CPR):    0.094ns
  Clock Uncertainty:      0.084ns  ((TSJ^2 + DJ^2)^1/2) / 2 + PE
    Total System Jitter     (TSJ):    0.071ns
    Discrete Jitter          (DJ):    0.152ns
    Phase Error              (PE):    0.000ns

    Location             Delay type                Incr(ns)  Path(ns)    Netlist Resource(s)
  -------------------------------------------------------------------    -------------------
                         (clock clk_out2_clk_wiz_1 rise edge)
                                                      0.000     0.000 r  
    BUFGCTRL_X0Y2        BUFG                         0.000     0.000 r  clk_IBUF_BUFG_inst/O
                         net (fo=302, routed)         1.761     1.761    datapath/Audio_Codec/audiocodec_master_clock/inst/clk_in1
    MMCME2_ADV_X0Y2      MMCME2_ADV (Prop_mmcme2_adv_CLKIN1_CLKOUT1)
                                                     -3.701    -1.939 r  datapath/Audio_Codec/audiocodec_master_clock/inst/mmcm_adv_inst/CLKOUT1
                         net (fo=1, routed)           1.843    -0.096    datapath/Audio_Codec/audiocodec_master_clock/inst/clk_out2_clk_wiz_1
    BUFGCTRL_X0Y3        BUFG (Prop_bufg_I_O)         0.096    -0.000 r  datapath/Audio_Codec/audiocodec_master_clock/inst/clkout2_buf/O
                         net (fo=115, routed)         1.814     1.814    datapath/Audio_Codec/initialize_audio/twi_controller/CLK
    SLICE_X162Y123       FDSE                                         r  datapath/Audio_Codec/initialize_audio/twi_controller/sclCnt_reg[0]/C
  -------------------------------------------------------------------    -------------------
    SLICE_X162Y123       FDSE (Prop_fdse_C_Q)         0.518     2.332 r  datapath/Audio_Codec/initialize_audio/twi_controller/sclCnt_reg[0]/Q
                         net (fo=7, routed)           0.861     3.194    datapath/Audio_Codec/initialize_audio/twi_controller/sclCnt_reg[0]
    SLICE_X162Y124       LUT6 (Prop_lut6_I2_O)        0.124     3.318 r  datapath/Audio_Codec/initialize_audio/twi_controller/sclCnt[6]_i_4/O
                         net (fo=2, routed)           0.416     3.734    datapath/Audio_Codec/initialize_audio/twi_controller/sclCnt[6]_i_4_n_0
    SLICE_X162Y123       LUT2 (Prop_lut2_I0_O)        0.116     3.850 r  datapath/Audio_Codec/initialize_audio/twi_controller/subState[1]_i_2/O
                         net (fo=10, routed)          1.378     5.228    datapath/Audio_Codec/initialize_audio/twi_controller/subState[1]_i_2_n_0
    SLICE_X159Y118       LUT3 (Prop_lut3_I2_O)        0.328     5.556 r  datapath/Audio_Codec/initialize_audio/twi_controller/FSM_gray_state[3]_i_5/O
                         net (fo=2, routed)           0.416     5.972    datapath/Audio_Codec/initialize_audio/twi_controller/FSM_gray_state[3]_i_5_n_0
    SLICE_X159Y116       LUT5 (Prop_lut5_I0_O)        0.124     6.096 r  datapath/Audio_Codec/initialize_audio/twi_controller/dataByte[7]_i_6/O
                         net (fo=12, routed)          0.998     7.094    datapath/Audio_Codec/initialize_audio/twi_controller/dataByte[7]_i_6_n_0
    SLICE_X160Y118       LUT3 (Prop_lut3_I2_O)        0.124     7.218 r  datapath/Audio_Codec/initialize_audio/twi_controller/addrNData_i_1/O
                         net (fo=1, routed)           0.000     7.218    datapath/Audio_Codec/initialize_audio/twi_controller/addrNData_i_1_n_0
    SLICE_X160Y118       FDRE                                         r  datapath/Audio_Codec/initialize_audio/twi_controller/addrNData_reg/D
  -------------------------------------------------------------------    -------------------

                         (clock clk_out2_clk_wiz_1 rise edge)
                                                     20.000    20.000 r  
    BUFGCTRL_X0Y2        BUFG                         0.000    20.000 r  clk_IBUF_BUFG_inst/O
                         net (fo=302, routed)         1.643    21.643    datapath/Audio_Codec/audiocodec_master_clock/inst/clk_in1
    MMCME2_ADV_X0Y2      MMCME2_ADV (Prop_mmcme2_adv_CLKIN1_CLKOUT1)
                                                     -3.494    18.149 r  datapath/Audio_Codec/audiocodec_master_clock/inst/mmcm_adv_inst/CLKOUT1
                         net (fo=1, routed)           1.760    19.909    datapath/Audio_Codec/audiocodec_master_clock/inst/clk_out2_clk_wiz_1
    BUFGCTRL_X0Y3        BUFG (Prop_bufg_I_O)         0.091    20.000 r  datapath/Audio_Codec/audiocodec_master_clock/inst/clkout2_buf/O
                         net (fo=115, routed)         1.703    21.703    datapath/Audio_Codec/initialize_audio/twi_controller/CLK
    SLICE_X160Y118       FDRE                                         r  datapath/Audio_Codec/initialize_audio/twi_controller/addrNData_reg/C
                         clock pessimism              0.094    21.797    
                         clock uncertainty           -0.084    21.714    
    SLICE_X160Y118       FDRE (Setup_fdre_C_D)        0.031    21.745    datapath/Audio_Codec/initialize_audio/twi_controller/addrNData_reg
  -------------------------------------------------------------------
                         required time                         21.745    
                         arrival time                          -7.218    
  -------------------------------------------------------------------
                         slack                                 14.526    

Slack (MET) :             14.583ns  (required time - arrival time)
  Source:                 datapath/Audio_Codec/initialize_audio/twi_controller/sclCnt_reg[0]/C
                            (rising edge-triggered cell FDSE clocked by clk_out2_clk_wiz_1  {rise@0.000ns fall@10.000ns period=20.000ns})
  Destination:            datapath/Audio_Codec/initialize_audio/twi_controller/dataByte_reg[3]/D
                            (rising edge-triggered cell FDRE clocked by clk_out2_clk_wiz_1  {rise@0.000ns fall@10.000ns period=20.000ns})
  Path Group:             clk_out2_clk_wiz_1
  Path Type:              Setup (Max at Slow Process Corner)
  Requirement:            20.000ns  (clk_out2_clk_wiz_1 rise@20.000ns - clk_out2_clk_wiz_1 rise@0.000ns)
  Data Path Delay:        5.346ns  (logic 1.334ns (24.953%)  route 4.012ns (75.047%))
  Logic Levels:           5  (LUT2=1 LUT3=1 LUT4=1 LUT5=1 LUT6=1)
  Clock Path Skew:        -0.018ns (DCD - SCD + CPR)
    Destination Clock Delay (DCD):    1.702ns = ( 21.702 - 20.000 ) 
    Source Clock Delay      (SCD):    1.814ns
    Clock Pessimism Removal (CPR):    0.094ns
  Clock Uncertainty:      0.084ns  ((TSJ^2 + DJ^2)^1/2) / 2 + PE
    Total System Jitter     (TSJ):    0.071ns
    Discrete Jitter          (DJ):    0.152ns
    Phase Error              (PE):    0.000ns

    Location             Delay type                Incr(ns)  Path(ns)    Netlist Resource(s)
  -------------------------------------------------------------------    -------------------
                         (clock clk_out2_clk_wiz_1 rise edge)
                                                      0.000     0.000 r  
    BUFGCTRL_X0Y2        BUFG                         0.000     0.000 r  clk_IBUF_BUFG_inst/O
                         net (fo=302, routed)         1.761     1.761    datapath/Audio_Codec/audiocodec_master_clock/inst/clk_in1
    MMCME2_ADV_X0Y2      MMCME2_ADV (Prop_mmcme2_adv_CLKIN1_CLKOUT1)
                                                     -3.701    -1.939 r  datapath/Audio_Codec/audiocodec_master_clock/inst/mmcm_adv_inst/CLKOUT1
                         net (fo=1, routed)           1.843    -0.096    datapath/Audio_Codec/audiocodec_master_clock/inst/clk_out2_clk_wiz_1
    BUFGCTRL_X0Y3        BUFG (Prop_bufg_I_O)         0.096    -0.000 r  datapath/Audio_Codec/audiocodec_master_clock/inst/clkout2_buf/O
                         net (fo=115, routed)         1.814     1.814    datapath/Audio_Codec/initialize_audio/twi_controller/CLK
    SLICE_X162Y123       FDSE                                         r  datapath/Audio_Codec/initialize_audio/twi_controller/sclCnt_reg[0]/C
  -------------------------------------------------------------------    -------------------
    SLICE_X162Y123       FDSE (Prop_fdse_C_Q)         0.518     2.332 f  datapath/Audio_Codec/initialize_audio/twi_controller/sclCnt_reg[0]/Q
                         net (fo=7, routed)           0.861     3.194    datapath/Audio_Codec/initialize_audio/twi_controller/sclCnt_reg[0]
    SLICE_X162Y124       LUT6 (Prop_lut6_I2_O)        0.124     3.318 f  datapath/Audio_Codec/initialize_audio/twi_controller/sclCnt[6]_i_4/O
                         net (fo=2, routed)           0.416     3.734    datapath/Audio_Codec/initialize_audio/twi_controller/sclCnt[6]_i_4_n_0
    SLICE_X162Y123       LUT2 (Prop_lut2_I0_O)        0.116     3.850 f  datapath/Audio_Codec/initialize_audio/twi_controller/subState[1]_i_2/O
                         net (fo=10, routed)          1.378     5.228    datapath/Audio_Codec/initialize_audio/twi_controller/subState[1]_i_2_n_0
    SLICE_X159Y118       LUT3 (Prop_lut3_I2_O)        0.328     5.556 f  datapath/Audio_Codec/initialize_audio/twi_controller/FSM_gray_state[3]_i_5/O
                         net (fo=2, routed)           0.416     5.972    datapath/Audio_Codec/initialize_audio/twi_controller/FSM_gray_state[3]_i_5_n_0
    SLICE_X159Y116       LUT5 (Prop_lut5_I0_O)        0.124     6.096 f  datapath/Audio_Codec/initialize_audio/twi_controller/dataByte[7]_i_6/O
                         net (fo=12, routed)          0.940     7.037    datapath/Audio_Codec/initialize_audio/twi_controller/dataByte[7]_i_6_n_0
    SLICE_X160Y119       LUT4 (Prop_lut4_I0_O)        0.124     7.161 r  datapath/Audio_Codec/initialize_audio/twi_controller/dataByte[3]_i_1/O
                         net (fo=1, routed)           0.000     7.161    datapath/Audio_Codec/initialize_audio/twi_controller/p_1_in[3]
    SLICE_X160Y119       FDRE                                         r  datapath/Audio_Codec/initialize_audio/twi_controller/dataByte_reg[3]/D
  -------------------------------------------------------------------    -------------------

                         (clock clk_out2_clk_wiz_1 rise edge)
                                                     20.000    20.000 r  
    BUFGCTRL_X0Y2        BUFG                         0.000    20.000 r  clk_IBUF_BUFG_inst/O
                         net (fo=302, routed)         1.643    21.643    datapath/Audio_Codec/audiocodec_master_clock/inst/clk_in1
    MMCME2_ADV_X0Y2      MMCME2_ADV (Prop_mmcme2_adv_CLKIN1_CLKOUT1)
                                                     -3.494    18.149 r  datapath/Audio_Codec/audiocodec_master_clock/inst/mmcm_adv_inst/CLKOUT1
                         net (fo=1, routed)           1.760    19.909    datapath/Audio_Codec/audiocodec_master_clock/inst/clk_out2_clk_wiz_1
    BUFGCTRL_X0Y3        BUFG (Prop_bufg_I_O)         0.091    20.000 r  datapath/Audio_Codec/audiocodec_master_clock/inst/clkout2_buf/O
                         net (fo=115, routed)         1.702    21.702    datapath/Audio_Codec/initialize_audio/twi_controller/CLK
    SLICE_X160Y119       FDRE                                         r  datapath/Audio_Codec/initialize_audio/twi_controller/dataByte_reg[3]/C
                         clock pessimism              0.094    21.796    
                         clock uncertainty           -0.084    21.713    
    SLICE_X160Y119       FDRE (Setup_fdre_C_D)        0.031    21.744    datapath/Audio_Codec/initialize_audio/twi_controller/dataByte_reg[3]
  -------------------------------------------------------------------
                         required time                         21.744    
                         arrival time                          -7.161    
  -------------------------------------------------------------------
                         slack                                 14.583    

Slack (MET) :             14.589ns  (required time - arrival time)
  Source:                 datapath/Audio_Codec/initialize_audio/twi_controller/sclCnt_reg[0]/C
                            (rising edge-triggered cell FDSE clocked by clk_out2_clk_wiz_1  {rise@0.000ns fall@10.000ns period=20.000ns})
  Destination:            datapath/Audio_Codec/initialize_audio/twi_controller/dataByte_reg[0]/D
                            (rising edge-triggered cell FDRE clocked by clk_out2_clk_wiz_1  {rise@0.000ns fall@10.000ns period=20.000ns})
  Path Group:             clk_out2_clk_wiz_1
  Path Type:              Setup (Max at Slow Process Corner)
  Requirement:            20.000ns  (clk_out2_clk_wiz_1 rise@20.000ns - clk_out2_clk_wiz_1 rise@0.000ns)
  Data Path Delay:        5.341ns  (logic 1.334ns (24.974%)  route 4.007ns (75.026%))
  Logic Levels:           5  (LUT2=1 LUT3=1 LUT4=1 LUT5=1 LUT6=1)
  Clock Path Skew:        -0.018ns (DCD - SCD + CPR)
    Destination Clock Delay (DCD):    1.702ns = ( 21.702 - 20.000 ) 
    Source Clock Delay      (SCD):    1.814ns
    Clock Pessimism Removal (CPR):    0.094ns
  Clock Uncertainty:      0.084ns  ((TSJ^2 + DJ^2)^1/2) / 2 + PE
    Total System Jitter     (TSJ):    0.071ns
    Discrete Jitter          (DJ):    0.152ns
    Phase Error              (PE):    0.000ns

    Location             Delay type                Incr(ns)  Path(ns)    Netlist Resource(s)
  -------------------------------------------------------------------    -------------------
                         (clock clk_out2_clk_wiz_1 rise edge)
                                                      0.000     0.000 r  
    BUFGCTRL_X0Y2        BUFG                         0.000     0.000 r  clk_IBUF_BUFG_inst/O
                         net (fo=302, routed)         1.761     1.761    datapath/Audio_Codec/audiocodec_master_clock/inst/clk_in1
    MMCME2_ADV_X0Y2      MMCME2_ADV (Prop_mmcme2_adv_CLKIN1_CLKOUT1)
                                                     -3.701    -1.939 r  datapath/Audio_Codec/audiocodec_master_clock/inst/mmcm_adv_inst/CLKOUT1
                         net (fo=1, routed)           1.843    -0.096    datapath/Audio_Codec/audiocodec_master_clock/inst/clk_out2_clk_wiz_1
    BUFGCTRL_X0Y3        BUFG (Prop_bufg_I_O)         0.096    -0.000 r  datapath/Audio_Codec/audiocodec_master_clock/inst/clkout2_buf/O
                         net (fo=115, routed)         1.814     1.814    datapath/Audio_Codec/initialize_audio/twi_controller/CLK
    SLICE_X162Y123       FDSE                                         r  datapath/Audio_Codec/initialize_audio/twi_controller/sclCnt_reg[0]/C
  -------------------------------------------------------------------    -------------------
    SLICE_X162Y123       FDSE (Prop_fdse_C_Q)         0.518     2.332 f  datapath/Audio_Codec/initialize_audio/twi_controller/sclCnt_reg[0]/Q
                         net (fo=7, routed)           0.861     3.194    datapath/Audio_Codec/initialize_audio/twi_controller/sclCnt_reg[0]
    SLICE_X162Y124       LUT6 (Prop_lut6_I2_O)        0.124     3.318 f  datapath/Audio_Codec/initialize_audio/twi_controller/sclCnt[6]_i_4/O
                         net (fo=2, routed)           0.416     3.734    datapath/Audio_Codec/initialize_audio/twi_controller/sclCnt[6]_i_4_n_0
    SLICE_X162Y123       LUT2 (Prop_lut2_I0_O)        0.116     3.850 f  datapath/Audio_Codec/initialize_audio/twi_controller/subState[1]_i_2/O
                         net (fo=10, routed)          1.378     5.228    datapath/Audio_Codec/initialize_audio/twi_controller/subState[1]_i_2_n_0
    SLICE_X159Y118       LUT3 (Prop_lut3_I2_O)        0.328     5.556 f  datapath/Audio_Codec/initialize_audio/twi_controller/FSM_gray_state[3]_i_5/O
                         net (fo=2, routed)           0.416     5.972    datapath/Audio_Codec/initialize_audio/twi_controller/FSM_gray_state[3]_i_5_n_0
    SLICE_X159Y116       LUT5 (Prop_lut5_I0_O)        0.124     6.096 f  datapath/Audio_Codec/initialize_audio/twi_controller/dataByte[7]_i_6/O
                         net (fo=12, routed)          0.936     7.032    datapath/Audio_Codec/initialize_audio/twi_controller/dataByte[7]_i_6_n_0
    SLICE_X160Y119       LUT4 (Prop_lut4_I2_O)        0.124     7.156 r  datapath/Audio_Codec/initialize_audio/twi_controller/dataByte[0]_i_1/O
                         net (fo=1, routed)           0.000     7.156    datapath/Audio_Codec/initialize_audio/twi_controller/p_1_in[0]
    SLICE_X160Y119       FDRE                                         r  datapath/Audio_Codec/initialize_audio/twi_controller/dataByte_reg[0]/D
  -------------------------------------------------------------------    -------------------

                         (clock clk_out2_clk_wiz_1 rise edge)
                                                     20.000    20.000 r  
    BUFGCTRL_X0Y2        BUFG                         0.000    20.000 r  clk_IBUF_BUFG_inst/O
                         net (fo=302, routed)         1.643    21.643    datapath/Audio_Codec/audiocodec_master_clock/inst/clk_in1
    MMCME2_ADV_X0Y2      MMCME2_ADV (Prop_mmcme2_adv_CLKIN1_CLKOUT1)
                                                     -3.494    18.149 r  datapath/Audio_Codec/audiocodec_master_clock/inst/mmcm_adv_inst/CLKOUT1
                         net (fo=1, routed)           1.760    19.909    datapath/Audio_Codec/audiocodec_master_clock/inst/clk_out2_clk_wiz_1
    BUFGCTRL_X0Y3        BUFG (Prop_bufg_I_O)         0.091    20.000 r  datapath/Audio_Codec/audiocodec_master_clock/inst/clkout2_buf/O
                         net (fo=115, routed)         1.702    21.702    datapath/Audio_Codec/initialize_audio/twi_controller/CLK
    SLICE_X160Y119       FDRE                                         r  datapath/Audio_Codec/initialize_audio/twi_controller/dataByte_reg[0]/C
                         clock pessimism              0.094    21.796    
                         clock uncertainty           -0.084    21.713    
    SLICE_X160Y119       FDRE (Setup_fdre_C_D)        0.032    21.745    datapath/Audio_Codec/initialize_audio/twi_controller/dataByte_reg[0]
  -------------------------------------------------------------------
                         required time                         21.745    
                         arrival time                          -7.156    
  -------------------------------------------------------------------
                         slack                                 14.589    

Slack (MET) :             14.647ns  (required time - arrival time)
  Source:                 datapath/Audio_Codec/initialize_audio/twi_controller/sclCnt_reg[0]/C
                            (rising edge-triggered cell FDSE clocked by clk_out2_clk_wiz_1  {rise@0.000ns fall@10.000ns period=20.000ns})
  Destination:            datapath/Audio_Codec/initialize_audio/twi_controller/FSM_gray_state_reg[0]/CE
                            (rising edge-triggered cell FDRE clocked by clk_out2_clk_wiz_1  {rise@0.000ns fall@10.000ns period=20.000ns})
  Path Group:             clk_out2_clk_wiz_1
  Path Type:              Setup (Max at Slow Process Corner)
  Requirement:            20.000ns  (clk_out2_clk_wiz_1 rise@20.000ns - clk_out2_clk_wiz_1 rise@0.000ns)
  Data Path Delay:        5.051ns  (logic 1.210ns (23.957%)  route 3.841ns (76.043%))
  Logic Levels:           4  (LUT2=1 LUT3=1 LUT6=2)
  Clock Path Skew:        -0.014ns (DCD - SCD + CPR)
    Destination Clock Delay (DCD):    1.706ns = ( 21.706 - 20.000 ) 
    Source Clock Delay      (SCD):    1.814ns
    Clock Pessimism Removal (CPR):    0.094ns
  Clock Uncertainty:      0.084ns  ((TSJ^2 + DJ^2)^1/2) / 2 + PE
    Total System Jitter     (TSJ):    0.071ns
    Discrete Jitter          (DJ):    0.152ns
    Phase Error              (PE):    0.000ns

    Location             Delay type                Incr(ns)  Path(ns)    Netlist Resource(s)
  -------------------------------------------------------------------    -------------------
                         (clock clk_out2_clk_wiz_1 rise edge)
                                                      0.000     0.000 r  
    BUFGCTRL_X0Y2        BUFG                         0.000     0.000 r  clk_IBUF_BUFG_inst/O
                         net (fo=302, routed)         1.761     1.761    datapath/Audio_Codec/audiocodec_master_clock/inst/clk_in1
    MMCME2_ADV_X0Y2      MMCME2_ADV (Prop_mmcme2_adv_CLKIN1_CLKOUT1)
                                                     -3.701    -1.939 r  datapath/Audio_Codec/audiocodec_master_clock/inst/mmcm_adv_inst/CLKOUT1
                         net (fo=1, routed)           1.843    -0.096    datapath/Audio_Codec/audiocodec_master_clock/inst/clk_out2_clk_wiz_1
    BUFGCTRL_X0Y3        BUFG (Prop_bufg_I_O)         0.096    -0.000 r  datapath/Audio_Codec/audiocodec_master_clock/inst/clkout2_buf/O
                         net (fo=115, routed)         1.814     1.814    datapath/Audio_Codec/initialize_audio/twi_controller/CLK
    SLICE_X162Y123       FDSE                                         r  datapath/Audio_Codec/initialize_audio/twi_controller/sclCnt_reg[0]/C
  -------------------------------------------------------------------    -------------------
    SLICE_X162Y123       FDSE (Prop_fdse_C_Q)         0.518     2.332 f  datapath/Audio_Codec/initialize_audio/twi_controller/sclCnt_reg[0]/Q
                         net (fo=7, routed)           0.861     3.194    datapath/Audio_Codec/initialize_audio/twi_controller/sclCnt_reg[0]
    SLICE_X162Y124       LUT6 (Prop_lut6_I2_O)        0.124     3.318 f  datapath/Audio_Codec/initialize_audio/twi_controller/sclCnt[6]_i_4/O
                         net (fo=2, routed)           0.416     3.734    datapath/Audio_Codec/initialize_audio/twi_controller/sclCnt[6]_i_4_n_0
    SLICE_X162Y123       LUT2 (Prop_lut2_I0_O)        0.116     3.850 f  datapath/Audio_Codec/initialize_audio/twi_controller/subState[1]_i_2/O
                         net (fo=10, routed)          1.378     5.228    datapath/Audio_Codec/initialize_audio/twi_controller/subState[1]_i_2_n_0
    SLICE_X159Y118       LUT3 (Prop_lut3_I2_O)        0.328     5.556 f  datapath/Audio_Codec/initialize_audio/twi_controller/FSM_gray_state[3]_i_5/O
                         net (fo=2, routed)           0.842     6.399    datapath/Audio_Codec/initialize_audio/twi_controller/FSM_gray_state[3]_i_5_n_0
    SLICE_X160Y117       LUT6 (Prop_lut6_I2_O)        0.124     6.523 r  datapath/Audio_Codec/initialize_audio/twi_controller/FSM_gray_state[3]_i_1/O
                         net (fo=4, routed)           0.342     6.865    datapath/Audio_Codec/initialize_audio/twi_controller/FSM_gray_state[3]_i_1_n_0
    SLICE_X160Y116       FDRE                                         r  datapath/Audio_Codec/initialize_audio/twi_controller/FSM_gray_state_reg[0]/CE
  -------------------------------------------------------------------    -------------------

                         (clock clk_out2_clk_wiz_1 rise edge)
                                                     20.000    20.000 r  
    BUFGCTRL_X0Y2        BUFG                         0.000    20.000 r  clk_IBUF_BUFG_inst/O
                         net (fo=302, routed)         1.643    21.643    datapath/Audio_Codec/audiocodec_master_clock/inst/clk_in1
    MMCME2_ADV_X0Y2      MMCME2_ADV (Prop_mmcme2_adv_CLKIN1_CLKOUT1)
                                                     -3.494    18.149 r  datapath/Audio_Codec/audiocodec_master_clock/inst/mmcm_adv_inst/CLKOUT1
                         net (fo=1, routed)           1.760    19.909    datapath/Audio_Codec/audiocodec_master_clock/inst/clk_out2_clk_wiz_1
    BUFGCTRL_X0Y3        BUFG (Prop_bufg_I_O)         0.091    20.000 r  datapath/Audio_Codec/audiocodec_master_clock/inst/clkout2_buf/O
                         net (fo=115, routed)         1.706    21.706    datapath/Audio_Codec/initialize_audio/twi_controller/CLK
    SLICE_X160Y116       FDRE                                         r  datapath/Audio_Codec/initialize_audio/twi_controller/FSM_gray_state_reg[0]/C
                         clock pessimism              0.094    21.800    
                         clock uncertainty           -0.084    21.717    
    SLICE_X160Y116       FDRE (Setup_fdre_C_CE)      -0.205    21.512    datapath/Audio_Codec/initialize_audio/twi_controller/FSM_gray_state_reg[0]
  -------------------------------------------------------------------
                         required time                         21.512    
                         arrival time                          -6.865    
  -------------------------------------------------------------------
                         slack                                 14.647    

Slack (MET) :             14.647ns  (required time - arrival time)
  Source:                 datapath/Audio_Codec/initialize_audio/twi_controller/sclCnt_reg[0]/C
                            (rising edge-triggered cell FDSE clocked by clk_out2_clk_wiz_1  {rise@0.000ns fall@10.000ns period=20.000ns})
  Destination:            datapath/Audio_Codec/initialize_audio/twi_controller/FSM_gray_state_reg[1]/CE
                            (rising edge-triggered cell FDRE clocked by clk_out2_clk_wiz_1  {rise@0.000ns fall@10.000ns period=20.000ns})
  Path Group:             clk_out2_clk_wiz_1
  Path Type:              Setup (Max at Slow Process Corner)
  Requirement:            20.000ns  (clk_out2_clk_wiz_1 rise@20.000ns - clk_out2_clk_wiz_1 rise@0.000ns)
  Data Path Delay:        5.051ns  (logic 1.210ns (23.957%)  route 3.841ns (76.043%))
  Logic Levels:           4  (LUT2=1 LUT3=1 LUT6=2)
  Clock Path Skew:        -0.014ns (DCD - SCD + CPR)
    Destination Clock Delay (DCD):    1.706ns = ( 21.706 - 20.000 ) 
    Source Clock Delay      (SCD):    1.814ns
    Clock Pessimism Removal (CPR):    0.094ns
  Clock Uncertainty:      0.084ns  ((TSJ^2 + DJ^2)^1/2) / 2 + PE
    Total System Jitter     (TSJ):    0.071ns
    Discrete Jitter          (DJ):    0.152ns
    Phase Error              (PE):    0.000ns

    Location             Delay type                Incr(ns)  Path(ns)    Netlist Resource(s)
  -------------------------------------------------------------------    -------------------
                         (clock clk_out2_clk_wiz_1 rise edge)
                                                      0.000     0.000 r  
    BUFGCTRL_X0Y2        BUFG                         0.000     0.000 r  clk_IBUF_BUFG_inst/O
                         net (fo=302, routed)         1.761     1.761    datapath/Audio_Codec/audiocodec_master_clock/inst/clk_in1
    MMCME2_ADV_X0Y2      MMCME2_ADV (Prop_mmcme2_adv_CLKIN1_CLKOUT1)
                                                     -3.701    -1.939 r  datapath/Audio_Codec/audiocodec_master_clock/inst/mmcm_adv_inst/CLKOUT1
                         net (fo=1, routed)           1.843    -0.096    datapath/Audio_Codec/audiocodec_master_clock/inst/clk_out2_clk_wiz_1
    BUFGCTRL_X0Y3        BUFG (Prop_bufg_I_O)         0.096    -0.000 r  datapath/Audio_Codec/audiocodec_master_clock/inst/clkout2_buf/O
                         net (fo=115, routed)         1.814     1.814    datapath/Audio_Codec/initialize_audio/twi_controller/CLK
    SLICE_X162Y123       FDSE                                         r  datapath/Audio_Codec/initialize_audio/twi_controller/sclCnt_reg[0]/C
  -------------------------------------------------------------------    -------------------
    SLICE_X162Y123       FDSE (Prop_fdse_C_Q)         0.518     2.332 f  datapath/Audio_Codec/initialize_audio/twi_controller/sclCnt_reg[0]/Q
                         net (fo=7, routed)           0.861     3.194    datapath/Audio_Codec/initialize_audio/twi_controller/sclCnt_reg[0]
    SLICE_X162Y124       LUT6 (Prop_lut6_I2_O)        0.124     3.318 f  datapath/Audio_Codec/initialize_audio/twi_controller/sclCnt[6]_i_4/O
                         net (fo=2, routed)           0.416     3.734    datapath/Audio_Codec/initialize_audio/twi_controller/sclCnt[6]_i_4_n_0
    SLICE_X162Y123       LUT2 (Prop_lut2_I0_O)        0.116     3.850 f  datapath/Audio_Codec/initialize_audio/twi_controller/subState[1]_i_2/O
                         net (fo=10, routed)          1.378     5.228    datapath/Audio_Codec/initialize_audio/twi_controller/subState[1]_i_2_n_0
    SLICE_X159Y118       LUT3 (Prop_lut3_I2_O)        0.328     5.556 f  datapath/Audio_Codec/initialize_audio/twi_controller/FSM_gray_state[3]_i_5/O
                         net (fo=2, routed)           0.842     6.399    datapath/Audio_Codec/initialize_audio/twi_controller/FSM_gray_state[3]_i_5_n_0
    SLICE_X160Y117       LUT6 (Prop_lut6_I2_O)        0.124     6.523 r  datapath/Audio_Codec/initialize_audio/twi_controller/FSM_gray_state[3]_i_1/O
                         net (fo=4, routed)           0.342     6.865    datapath/Audio_Codec/initialize_audio/twi_controller/FSM_gray_state[3]_i_1_n_0
    SLICE_X160Y116       FDRE                                         r  datapath/Audio_Codec/initialize_audio/twi_controller/FSM_gray_state_reg[1]/CE
  -------------------------------------------------------------------    -------------------

                         (clock clk_out2_clk_wiz_1 rise edge)
                                                     20.000    20.000 r  
    BUFGCTRL_X0Y2        BUFG                         0.000    20.000 r  clk_IBUF_BUFG_inst/O
                         net (fo=302, routed)         1.643    21.643    datapath/Audio_Codec/audiocodec_master_clock/inst/clk_in1
    MMCME2_ADV_X0Y2      MMCME2_ADV (Prop_mmcme2_adv_CLKIN1_CLKOUT1)
                                                     -3.494    18.149 r  datapath/Audio_Codec/audiocodec_master_clock/inst/mmcm_adv_inst/CLKOUT1
                         net (fo=1, routed)           1.760    19.909    datapath/Audio_Codec/audiocodec_master_clock/inst/clk_out2_clk_wiz_1
    BUFGCTRL_X0Y3        BUFG (Prop_bufg_I_O)         0.091    20.000 r  datapath/Audio_Codec/audiocodec_master_clock/inst/clkout2_buf/O
                         net (fo=115, routed)         1.706    21.706    datapath/Audio_Codec/initialize_audio/twi_controller/CLK
    SLICE_X160Y116       FDRE                                         r  datapath/Audio_Codec/initialize_audio/twi_controller/FSM_gray_state_reg[1]/C
                         clock pessimism              0.094    21.800    
                         clock uncertainty           -0.084    21.717    
    SLICE_X160Y116       FDRE (Setup_fdre_C_CE)      -0.205    21.512    datapath/Audio_Codec/initialize_audio/twi_controller/FSM_gray_state_reg[1]
  -------------------------------------------------------------------
                         required time                         21.512    
                         arrival time                          -6.865    
  -------------------------------------------------------------------
                         slack                                 14.647    





Min Delay Paths
--------------------------------------------------------------------------------------
Slack (MET) :             0.140ns  (arrival time - required time)
  Source:                 datapath/Audio_Codec/initialize_audio/initWord_reg[14]/C
                            (rising edge-triggered cell FDRE clocked by clk_out2_clk_wiz_1  {rise@0.000ns fall@10.000ns period=20.000ns})
  Destination:            datapath/Audio_Codec/initialize_audio/data_i_reg[6]/D
                            (rising edge-triggered cell FDRE clocked by clk_out2_clk_wiz_1  {rise@0.000ns fall@10.000ns period=20.000ns})
  Path Group:             clk_out2_clk_wiz_1
  Path Type:              Hold (Min at Fast Process Corner)
  Requirement:            0.000ns  (clk_out2_clk_wiz_1 rise@0.000ns - clk_out2_clk_wiz_1 rise@0.000ns)
  Data Path Delay:        0.273ns  (logic 0.186ns (68.106%)  route 0.087ns (31.894%))
  Logic Levels:           1  (LUT6=1)
  Clock Path Skew:        0.013ns (DCD - SCD - CPR)
    Destination Clock Delay (DCD):    0.907ns
    Source Clock Delay      (SCD):    0.637ns
    Clock Pessimism Removal (CPR):    0.257ns

    Location             Delay type                Incr(ns)  Path(ns)    Netlist Resource(s)
  -------------------------------------------------------------------    -------------------
                         (clock clk_out2_clk_wiz_1 rise edge)
                                                      0.000     0.000 r  
    BUFGCTRL_X0Y2        BUFG                         0.000     0.000 r  clk_IBUF_BUFG_inst/O
                         net (fo=302, routed)         0.610     0.610    datapath/Audio_Codec/audiocodec_master_clock/inst/clk_in1
    MMCME2_ADV_X0Y2      MMCME2_ADV (Prop_mmcme2_adv_CLKIN1_CLKOUT1)
                                                     -1.180    -0.571 r  datapath/Audio_Codec/audiocodec_master_clock/inst/mmcm_adv_inst/CLKOUT1
                         net (fo=1, routed)           0.545    -0.026    datapath/Audio_Codec/audiocodec_master_clock/inst/clk_out2_clk_wiz_1
    BUFGCTRL_X0Y3        BUFG (Prop_bufg_I_O)         0.026     0.000 r  datapath/Audio_Codec/audiocodec_master_clock/inst/clkout2_buf/O
                         net (fo=115, routed)         0.637     0.637    datapath/Audio_Codec/initialize_audio/CLK
    SLICE_X159Y122       FDRE                                         r  datapath/Audio_Codec/initialize_audio/initWord_reg[14]/C
  -------------------------------------------------------------------    -------------------
    SLICE_X159Y122       FDRE (Prop_fdre_C_Q)         0.141     0.778 r  datapath/Audio_Codec/initialize_audio/initWord_reg[14]/Q
                         net (fo=1, routed)           0.087     0.865    datapath/Audio_Codec/initialize_audio/data2[6]
    SLICE_X158Y122       LUT6 (Prop_lut6_I5_O)        0.045     0.910 r  datapath/Audio_Codec/initialize_audio/data_i[6]_i_1/O
                         net (fo=1, routed)           0.000     0.910    datapath/Audio_Codec/initialize_audio/data_i[6]_i_1_n_0
    SLICE_X158Y122       FDRE                                         r  datapath/Audio_Codec/initialize_audio/data_i_reg[6]/D
  -------------------------------------------------------------------    -------------------

                         (clock clk_out2_clk_wiz_1 rise edge)
                                                      0.000     0.000 r  
    BUFGCTRL_X0Y2        BUFG                         0.000     0.000 r  clk_IBUF_BUFG_inst/O
                         net (fo=302, routed)         0.879     0.879    datapath/Audio_Codec/audiocodec_master_clock/inst/clk_in1
    MMCME2_ADV_X0Y2      MMCME2_ADV (Prop_mmcme2_adv_CLKIN1_CLKOUT1)
                                                     -1.502    -0.624 r  datapath/Audio_Codec/audiocodec_master_clock/inst/mmcm_adv_inst/CLKOUT1
                         net (fo=1, routed)           0.595    -0.029    datapath/Audio_Codec/audiocodec_master_clock/inst/clk_out2_clk_wiz_1
    BUFGCTRL_X0Y3        BUFG (Prop_bufg_I_O)         0.029    -0.000 r  datapath/Audio_Codec/audiocodec_master_clock/inst/clkout2_buf/O
                         net (fo=115, routed)         0.907     0.907    datapath/Audio_Codec/initialize_audio/CLK
    SLICE_X158Y122       FDRE                                         r  datapath/Audio_Codec/initialize_audio/data_i_reg[6]/C
                         clock pessimism             -0.257     0.650    
    SLICE_X158Y122       FDRE (Hold_fdre_C_D)         0.120     0.770    datapath/Audio_Codec/initialize_audio/data_i_reg[6]
  -------------------------------------------------------------------
                         required time                         -0.770    
                         arrival time                           0.910    
  -------------------------------------------------------------------
                         slack                                  0.140    

Slack (MET) :             0.156ns  (arrival time - required time)
  Source:                 datapath/Audio_Codec/initialize_audio/initWord_reg[9]/C
                            (rising edge-triggered cell FDRE clocked by clk_out2_clk_wiz_1  {rise@0.000ns fall@10.000ns period=20.000ns})
  Destination:            datapath/Audio_Codec/initialize_audio/data_i_reg[1]/D
                            (rising edge-triggered cell FDRE clocked by clk_out2_clk_wiz_1  {rise@0.000ns fall@10.000ns period=20.000ns})
  Path Group:             clk_out2_clk_wiz_1
  Path Type:              Hold (Min at Fast Process Corner)
  Requirement:            0.000ns  (clk_out2_clk_wiz_1 rise@0.000ns - clk_out2_clk_wiz_1 rise@0.000ns)
  Data Path Delay:        0.260ns  (logic 0.209ns (80.352%)  route 0.051ns (19.648%))
  Logic Levels:           1  (LUT6=1)
  Clock Path Skew:        0.013ns (DCD - SCD - CPR)
    Destination Clock Delay (DCD):    0.909ns
    Source Clock Delay      (SCD):    0.638ns
    Clock Pessimism Removal (CPR):    0.258ns

    Location             Delay type                Incr(ns)  Path(ns)    Netlist Resource(s)
  -------------------------------------------------------------------    -------------------
                         (clock clk_out2_clk_wiz_1 rise edge)
                                                      0.000     0.000 r  
    BUFGCTRL_X0Y2        BUFG                         0.000     0.000 r  clk_IBUF_BUFG_inst/O
                         net (fo=302, routed)         0.610     0.610    datapath/Audio_Codec/audiocodec_master_clock/inst/clk_in1
    MMCME2_ADV_X0Y2      MMCME2_ADV (Prop_mmcme2_adv_CLKIN1_CLKOUT1)
                                                     -1.180    -0.571 r  datapath/Audio_Codec/audiocodec_master_clock/inst/mmcm_adv_inst/CLKOUT1
                         net (fo=1, routed)           0.545    -0.026    datapath/Audio_Codec/audiocodec_master_clock/inst/clk_out2_clk_wiz_1
    BUFGCTRL_X0Y3        BUFG (Prop_bufg_I_O)         0.026     0.000 r  datapath/Audio_Codec/audiocodec_master_clock/inst/clkout2_buf/O
                         net (fo=115, routed)         0.638     0.638    datapath/Audio_Codec/initialize_audio/CLK
    SLICE_X162Y121       FDRE                                         r  datapath/Audio_Codec/initialize_audio/initWord_reg[9]/C
  -------------------------------------------------------------------    -------------------
    SLICE_X162Y121       FDRE (Prop_fdre_C_Q)         0.164     0.802 r  datapath/Audio_Codec/initialize_audio/initWord_reg[9]/Q
                         net (fo=1, routed)           0.051     0.853    datapath/Audio_Codec/initialize_audio/data2[1]
    SLICE_X163Y121       LUT6 (Prop_lut6_I0_O)        0.045     0.898 r  datapath/Audio_Codec/initialize_audio/data_i[1]_i_1/O
                         net (fo=1, routed)           0.000     0.898    datapath/Audio_Codec/initialize_audio/data_i[1]_i_1_n_0
    SLICE_X163Y121       FDRE                                         r  datapath/Audio_Codec/initialize_audio/data_i_reg[1]/D
  -------------------------------------------------------------------    -------------------

                         (clock clk_out2_clk_wiz_1 rise edge)
                                                      0.000     0.000 r  
    BUFGCTRL_X0Y2        BUFG                         0.000     0.000 r  clk_IBUF_BUFG_inst/O
                         net (fo=302, routed)         0.879     0.879    datapath/Audio_Codec/audiocodec_master_clock/inst/clk_in1
    MMCME2_ADV_X0Y2      MMCME2_ADV (Prop_mmcme2_adv_CLKIN1_CLKOUT1)
                                                     -1.502    -0.624 r  datapath/Audio_Codec/audiocodec_master_clock/inst/mmcm_adv_inst/CLKOUT1
                         net (fo=1, routed)           0.595    -0.029    datapath/Audio_Codec/audiocodec_master_clock/inst/clk_out2_clk_wiz_1
    BUFGCTRL_X0Y3        BUFG (Prop_bufg_I_O)         0.029    -0.000 r  datapath/Audio_Codec/audiocodec_master_clock/inst/clkout2_buf/O
                         net (fo=115, routed)         0.909     0.909    datapath/Audio_Codec/initialize_audio/CLK
    SLICE_X163Y121       FDRE                                         r  datapath/Audio_Codec/initialize_audio/data_i_reg[1]/C
                         clock pessimism             -0.258     0.651    
    SLICE_X163Y121       FDRE (Hold_fdre_C_D)         0.091     0.742    datapath/Audio_Codec/initialize_audio/data_i_reg[1]
  -------------------------------------------------------------------
                         required time                         -0.742    
                         arrival time                           0.898    
  -------------------------------------------------------------------
                         slack                                  0.156    

Slack (MET) :             0.173ns  (arrival time - required time)
  Source:                 datapath/Audio_Codec/initialize_audio/twi_controller/busFreeCnt_reg[0]/C
                            (rising edge-triggered cell FDSE clocked by clk_out2_clk_wiz_1  {rise@0.000ns fall@10.000ns period=20.000ns})
  Destination:            datapath/Audio_Codec/initialize_audio/twi_controller/busFreeCnt_reg[1]/D
                            (rising edge-triggered cell FDRE clocked by clk_out2_clk_wiz_1  {rise@0.000ns fall@10.000ns period=20.000ns})
  Path Group:             clk_out2_clk_wiz_1
  Path Type:              Hold (Min at Fast Process Corner)
  Requirement:            0.000ns  (clk_out2_clk_wiz_1 rise@0.000ns - clk_out2_clk_wiz_1 rise@0.000ns)
  Data Path Delay:        0.306ns  (logic 0.186ns (60.743%)  route 0.120ns (39.257%))
  Logic Levels:           1  (LUT2=1)
  Clock Path Skew:        0.013ns (DCD - SCD - CPR)
    Destination Clock Delay (DCD):    0.916ns
    Source Clock Delay      (SCD):    0.644ns
    Clock Pessimism Removal (CPR):    0.259ns

    Location             Delay type                Incr(ns)  Path(ns)    Netlist Resource(s)
  -------------------------------------------------------------------    -------------------
                         (clock clk_out2_clk_wiz_1 rise edge)
                                                      0.000     0.000 r  
    BUFGCTRL_X0Y2        BUFG                         0.000     0.000 r  clk_IBUF_BUFG_inst/O
                         net (fo=302, routed)         0.610     0.610    datapath/Audio_Codec/audiocodec_master_clock/inst/clk_in1
    MMCME2_ADV_X0Y2      MMCME2_ADV (Prop_mmcme2_adv_CLKIN1_CLKOUT1)
                                                     -1.180    -0.571 r  datapath/Audio_Codec/audiocodec_master_clock/inst/mmcm_adv_inst/CLKOUT1
                         net (fo=1, routed)           0.545    -0.026    datapath/Audio_Codec/audiocodec_master_clock/inst/clk_out2_clk_wiz_1
    BUFGCTRL_X0Y3        BUFG (Prop_bufg_I_O)         0.026     0.000 r  datapath/Audio_Codec/audiocodec_master_clock/inst/clkout2_buf/O
                         net (fo=115, routed)         0.644     0.644    datapath/Audio_Codec/initialize_audio/twi_controller/CLK
    SLICE_X163Y114       FDSE                                         r  datapath/Audio_Codec/initialize_audio/twi_controller/busFreeCnt_reg[0]/C
  -------------------------------------------------------------------    -------------------
    SLICE_X163Y114       FDSE (Prop_fdse_C_Q)         0.141     0.785 r  datapath/Audio_Codec/initialize_audio/twi_controller/busFreeCnt_reg[0]/Q
                         net (fo=7, routed)           0.120     0.905    datapath/Audio_Codec/initialize_audio/twi_controller/busFreeCnt_reg[0]
    SLICE_X162Y114       LUT2 (Prop_lut2_I1_O)        0.045     0.950 r  datapath/Audio_Codec/initialize_audio/twi_controller/busFreeCnt[1]_i_1/O
                         net (fo=1, routed)           0.000     0.950    datapath/Audio_Codec/initialize_audio/twi_controller/busFreeCnt0[1]
    SLICE_X162Y114       FDRE                                         r  datapath/Audio_Codec/initialize_audio/twi_controller/busFreeCnt_reg[1]/D
  -------------------------------------------------------------------    -------------------

                         (clock clk_out2_clk_wiz_1 rise edge)
                                                      0.000     0.000 r  
    BUFGCTRL_X0Y2        BUFG                         0.000     0.000 r  clk_IBUF_BUFG_inst/O
                         net (fo=302, routed)         0.879     0.879    datapath/Audio_Codec/audiocodec_master_clock/inst/clk_in1
    MMCME2_ADV_X0Y2      MMCME2_ADV (Prop_mmcme2_adv_CLKIN1_CLKOUT1)
                                                     -1.502    -0.624 r  datapath/Audio_Codec/audiocodec_master_clock/inst/mmcm_adv_inst/CLKOUT1
                         net (fo=1, routed)           0.595    -0.029    datapath/Audio_Codec/audiocodec_master_clock/inst/clk_out2_clk_wiz_1
    BUFGCTRL_X0Y3        BUFG (Prop_bufg_I_O)         0.029    -0.000 r  datapath/Audio_Codec/audiocodec_master_clock/inst/clkout2_buf/O
                         net (fo=115, routed)         0.916     0.916    datapath/Audio_Codec/initialize_audio/twi_controller/CLK
    SLICE_X162Y114       FDRE                                         r  datapath/Audio_Codec/initialize_audio/twi_controller/busFreeCnt_reg[1]/C
                         clock pessimism             -0.259     0.657    
    SLICE_X162Y114       FDRE (Hold_fdre_C_D)         0.120     0.777    datapath/Audio_Codec/initialize_audio/twi_controller/busFreeCnt_reg[1]
  -------------------------------------------------------------------
                         required time                         -0.777    
                         arrival time                           0.950    
  -------------------------------------------------------------------
                         slack                                  0.173    

Slack (MET) :             0.193ns  (arrival time - required time)
  Source:                 datapath/Audio_Codec/initialize_audio/twi_controller/subState_reg[1]/C
                            (rising edge-triggered cell FDRE clocked by clk_out2_clk_wiz_1  {rise@0.000ns fall@10.000ns period=20.000ns})
  Destination:            datapath/Audio_Codec/initialize_audio/twi_controller/rSda_reg/D
                            (rising edge-triggered cell FDRE clocked by clk_out2_clk_wiz_1  {rise@0.000ns fall@10.000ns period=20.000ns})
  Path Group:             clk_out2_clk_wiz_1
  Path Type:              Hold (Min at Fast Process Corner)
  Requirement:            0.000ns  (clk_out2_clk_wiz_1 rise@0.000ns - clk_out2_clk_wiz_1 rise@0.000ns)
  Data Path Delay:        0.328ns  (logic 0.186ns (56.680%)  route 0.142ns (43.320%))
  Logic Levels:           1  (LUT6=1)
  Clock Path Skew:        0.014ns (DCD - SCD - CPR)
    Destination Clock Delay (DCD):    0.912ns
    Source Clock Delay      (SCD):    0.641ns
    Clock Pessimism Removal (CPR):    0.257ns

    Location             Delay type                Incr(ns)  Path(ns)    Netlist Resource(s)
  -------------------------------------------------------------------    -------------------
                         (clock clk_out2_clk_wiz_1 rise edge)
                                                      0.000     0.000 r  
    BUFGCTRL_X0Y2        BUFG                         0.000     0.000 r  clk_IBUF_BUFG_inst/O
                         net (fo=302, routed)         0.610     0.610    datapath/Audio_Codec/audiocodec_master_clock/inst/clk_in1
    MMCME2_ADV_X0Y2      MMCME2_ADV (Prop_mmcme2_adv_CLKIN1_CLKOUT1)
                                                     -1.180    -0.571 r  datapath/Audio_Codec/audiocodec_master_clock/inst/mmcm_adv_inst/CLKOUT1
                         net (fo=1, routed)           0.545    -0.026    datapath/Audio_Codec/audiocodec_master_clock/inst/clk_out2_clk_wiz_1
    BUFGCTRL_X0Y3        BUFG (Prop_bufg_I_O)         0.026     0.000 r  datapath/Audio_Codec/audiocodec_master_clock/inst/clkout2_buf/O
                         net (fo=115, routed)         0.641     0.641    datapath/Audio_Codec/initialize_audio/twi_controller/CLK
    SLICE_X161Y118       FDRE                                         r  datapath/Audio_Codec/initialize_audio/twi_controller/subState_reg[1]/C
  -------------------------------------------------------------------    -------------------
    SLICE_X161Y118       FDRE (Prop_fdre_C_Q)         0.141     0.782 r  datapath/Audio_Codec/initialize_audio/twi_controller/subState_reg[1]/Q
                         net (fo=11, routed)          0.142     0.924    datapath/Audio_Codec/initialize_audio/twi_controller/subState_reg_n_0_[1]
    SLICE_X162Y118       LUT6 (Prop_lut6_I2_O)        0.045     0.969 r  datapath/Audio_Codec/initialize_audio/twi_controller/rSda_i_1/O
                         net (fo=1, routed)           0.000     0.969    datapath/Audio_Codec/initialize_audio/twi_controller/rSda_i_1_n_0
    SLICE_X162Y118       FDRE                                         r  datapath/Audio_Codec/initialize_audio/twi_controller/rSda_reg/D
  -------------------------------------------------------------------    -------------------

                         (clock clk_out2_clk_wiz_1 rise edge)
                                                      0.000     0.000 r  
    BUFGCTRL_X0Y2        BUFG                         0.000     0.000 r  clk_IBUF_BUFG_inst/O
                         net (fo=302, routed)         0.879     0.879    datapath/Audio_Codec/audiocodec_master_clock/inst/clk_in1
    MMCME2_ADV_X0Y2      MMCME2_ADV (Prop_mmcme2_adv_CLKIN1_CLKOUT1)
                                                     -1.502    -0.624 r  datapath/Audio_Codec/audiocodec_master_clock/inst/mmcm_adv_inst/CLKOUT1
                         net (fo=1, routed)           0.595    -0.029    datapath/Audio_Codec/audiocodec_master_clock/inst/clk_out2_clk_wiz_1
    BUFGCTRL_X0Y3        BUFG (Prop_bufg_I_O)         0.029    -0.000 r  datapath/Audio_Codec/audiocodec_master_clock/inst/clkout2_buf/O
                         net (fo=115, routed)         0.912     0.912    datapath/Audio_Codec/initialize_audio/twi_controller/CLK
    SLICE_X162Y118       FDRE                                         r  datapath/Audio_Codec/initialize_audio/twi_controller/rSda_reg/C
                         clock pessimism             -0.257     0.655    
    SLICE_X162Y118       FDRE (Hold_fdre_C_D)         0.121     0.776    datapath/Audio_Codec/initialize_audio/twi_controller/rSda_reg
  -------------------------------------------------------------------
                         required time                         -0.776    
                         arrival time                           0.969    
  -------------------------------------------------------------------
                         slack                                  0.193    

Slack (MET) :             0.200ns  (arrival time - required time)
  Source:                 datapath/Audio_Codec/initialize_audio/state_reg[1]/C
                            (rising edge-triggered cell FDSE clocked by clk_out2_clk_wiz_1  {rise@0.000ns fall@10.000ns period=20.000ns})
  Destination:            datapath/Audio_Codec/initialize_audio/data_i_reg[0]/D
                            (rising edge-triggered cell FDRE clocked by clk_out2_clk_wiz_1  {rise@0.000ns fall@10.000ns period=20.000ns})
  Path Group:             clk_out2_clk_wiz_1
  Path Type:              Hold (Min at Fast Process Corner)
  Requirement:            0.000ns  (clk_out2_clk_wiz_1 rise@0.000ns - clk_out2_clk_wiz_1 rise@0.000ns)
  Data Path Delay:        0.333ns  (logic 0.186ns (55.877%)  route 0.147ns (44.123%))
  Logic Levels:           1  (LUT6=1)
  Clock Path Skew:        0.013ns (DCD - SCD - CPR)
    Destination Clock Delay (DCD):    0.908ns
    Source Clock Delay      (SCD):    0.637ns
    Clock Pessimism Removal (CPR):    0.258ns

    Location             Delay type                Incr(ns)  Path(ns)    Netlist Resource(s)
  -------------------------------------------------------------------    -------------------
                         (clock clk_out2_clk_wiz_1 rise edge)
                                                      0.000     0.000 r  
    BUFGCTRL_X0Y2        BUFG                         0.000     0.000 r  clk_IBUF_BUFG_inst/O
                         net (fo=302, routed)         0.610     0.610    datapath/Audio_Codec/audiocodec_master_clock/inst/clk_in1
    MMCME2_ADV_X0Y2      MMCME2_ADV (Prop_mmcme2_adv_CLKIN1_CLKOUT1)
                                                     -1.180    -0.571 r  datapath/Audio_Codec/audiocodec_master_clock/inst/mmcm_adv_inst/CLKOUT1
                         net (fo=1, routed)           0.545    -0.026    datapath/Audio_Codec/audiocodec_master_clock/inst/clk_out2_clk_wiz_1
    BUFGCTRL_X0Y3        BUFG (Prop_bufg_I_O)         0.026     0.000 r  datapath/Audio_Codec/audiocodec_master_clock/inst/clkout2_buf/O
                         net (fo=115, routed)         0.637     0.637    datapath/Audio_Codec/initialize_audio/CLK
    SLICE_X159Y121       FDSE                                         r  datapath/Audio_Codec/initialize_audio/state_reg[1]/C
  -------------------------------------------------------------------    -------------------
    SLICE_X159Y121       FDSE (Prop_fdse_C_Q)         0.141     0.778 r  datapath/Audio_Codec/initialize_audio/state_reg[1]/Q
                         net (fo=22, routed)          0.147     0.924    datapath/Audio_Codec/initialize_audio/state_reg_n_0_[1]
    SLICE_X158Y121       LUT6 (Prop_lut6_I1_O)        0.045     0.969 r  datapath/Audio_Codec/initialize_audio/data_i[0]_i_1/O
                         net (fo=1, routed)           0.000     0.969    datapath/Audio_Codec/initialize_audio/data_i[0]_i_1_n_0
    SLICE_X158Y121       FDRE                                         r  datapath/Audio_Codec/initialize_audio/data_i_reg[0]/D
  -------------------------------------------------------------------    -------------------

                         (clock clk_out2_clk_wiz_1 rise edge)
                                                      0.000     0.000 r  
    BUFGCTRL_X0Y2        BUFG                         0.000     0.000 r  clk_IBUF_BUFG_inst/O
                         net (fo=302, routed)         0.879     0.879    datapath/Audio_Codec/audiocodec_master_clock/inst/clk_in1
    MMCME2_ADV_X0Y2      MMCME2_ADV (Prop_mmcme2_adv_CLKIN1_CLKOUT1)
                                                     -1.502    -0.624 r  datapath/Audio_Codec/audiocodec_master_clock/inst/mmcm_adv_inst/CLKOUT1
                         net (fo=1, routed)           0.595    -0.029    datapath/Audio_Codec/audiocodec_master_clock/inst/clk_out2_clk_wiz_1
    BUFGCTRL_X0Y3        BUFG (Prop_bufg_I_O)         0.029    -0.000 r  datapath/Audio_Codec/audiocodec_master_clock/inst/clkout2_buf/O
                         net (fo=115, routed)         0.908     0.908    datapath/Audio_Codec/initialize_audio/CLK
    SLICE_X158Y121       FDRE                                         r  datapath/Audio_Codec/initialize_audio/data_i_reg[0]/C
                         clock pessimism             -0.258     0.650    
    SLICE_X158Y121       FDRE (Hold_fdre_C_D)         0.120     0.770    datapath/Audio_Codec/initialize_audio/data_i_reg[0]
  -------------------------------------------------------------------
                         required time                         -0.770    
                         arrival time                           0.969    
  -------------------------------------------------------------------
                         slack                                  0.200    

Slack (MET) :             0.203ns  (arrival time - required time)
  Source:                 datapath/Audio_Codec/initialize_audio/twi_controller/bitCount_reg[1]/C
                            (rising edge-triggered cell FDRE clocked by clk_out2_clk_wiz_1  {rise@0.000ns fall@10.000ns period=20.000ns})
  Destination:            datapath/Audio_Codec/initialize_audio/twi_controller/bitCount_reg[2]/D
                            (rising edge-triggered cell FDRE clocked by clk_out2_clk_wiz_1  {rise@0.000ns fall@10.000ns period=20.000ns})
  Path Group:             clk_out2_clk_wiz_1
  Path Type:              Hold (Min at Fast Process Corner)
  Requirement:            0.000ns  (clk_out2_clk_wiz_1 rise@0.000ns - clk_out2_clk_wiz_1 rise@0.000ns)
  Data Path Delay:        0.295ns  (logic 0.227ns (77.066%)  route 0.068ns (22.934%))
  Logic Levels:           1  (LUT6=1)
  Clock Path Skew:        0.000ns (DCD - SCD - CPR)
    Destination Clock Delay (DCD):    0.912ns
    Source Clock Delay      (SCD):    0.641ns
    Clock Pessimism Removal (CPR):    0.271ns

    Location             Delay type                Incr(ns)  Path(ns)    Netlist Resource(s)
  -------------------------------------------------------------------    -------------------
                         (clock clk_out2_clk_wiz_1 rise edge)
                                                      0.000     0.000 r  
    BUFGCTRL_X0Y2        BUFG                         0.000     0.000 r  clk_IBUF_BUFG_inst/O
                         net (fo=302, routed)         0.610     0.610    datapath/Audio_Codec/audiocodec_master_clock/inst/clk_in1
    MMCME2_ADV_X0Y2      MMCME2_ADV (Prop_mmcme2_adv_CLKIN1_CLKOUT1)
                                                     -1.180    -0.571 r  datapath/Audio_Codec/audiocodec_master_clock/inst/mmcm_adv_inst/CLKOUT1
                         net (fo=1, routed)           0.545    -0.026    datapath/Audio_Codec/audiocodec_master_clock/inst/clk_out2_clk_wiz_1
    BUFGCTRL_X0Y3        BUFG (Prop_bufg_I_O)         0.026     0.000 r  datapath/Audio_Codec/audiocodec_master_clock/inst/clkout2_buf/O
                         net (fo=115, routed)         0.641     0.641    datapath/Audio_Codec/initialize_audio/twi_controller/CLK
    SLICE_X159Y117       FDRE                                         r  datapath/Audio_Codec/initialize_audio/twi_controller/bitCount_reg[1]/C
  -------------------------------------------------------------------    -------------------
    SLICE_X159Y117       FDRE (Prop_fdre_C_Q)         0.128     0.769 r  datapath/Audio_Codec/initialize_audio/twi_controller/bitCount_reg[1]/Q
                         net (fo=4, routed)           0.068     0.836    datapath/Audio_Codec/initialize_audio/twi_controller/bitCount[1]
    SLICE_X159Y117       LUT6 (Prop_lut6_I3_O)        0.099     0.935 r  datapath/Audio_Codec/initialize_audio/twi_controller/bitCount[2]_i_1/O
                         net (fo=1, routed)           0.000     0.935    datapath/Audio_Codec/initialize_audio/twi_controller/bitCount[2]_i_1_n_0
    SLICE_X159Y117       FDRE                                         r  datapath/Audio_Codec/initialize_audio/twi_controller/bitCount_reg[2]/D
  -------------------------------------------------------------------    -------------------

                         (clock clk_out2_clk_wiz_1 rise edge)
                                                      0.000     0.000 r  
    BUFGCTRL_X0Y2        BUFG                         0.000     0.000 r  clk_IBUF_BUFG_inst/O
                         net (fo=302, routed)         0.879     0.879    datapath/Audio_Codec/audiocodec_master_clock/inst/clk_in1
    MMCME2_ADV_X0Y2      MMCME2_ADV (Prop_mmcme2_adv_CLKIN1_CLKOUT1)
                                                     -1.502    -0.624 r  datapath/Audio_Codec/audiocodec_master_clock/inst/mmcm_adv_inst/CLKOUT1
                         net (fo=1, routed)           0.595    -0.029    datapath/Audio_Codec/audiocodec_master_clock/inst/clk_out2_clk_wiz_1
    BUFGCTRL_X0Y3        BUFG (Prop_bufg_I_O)         0.029    -0.000 r  datapath/Audio_Codec/audiocodec_master_clock/inst/clkout2_buf/O
                         net (fo=115, routed)         0.912     0.912    datapath/Audio_Codec/initialize_audio/twi_controller/CLK
    SLICE_X159Y117       FDRE                                         r  datapath/Audio_Codec/initialize_audio/twi_controller/bitCount_reg[2]/C
                         clock pessimism             -0.271     0.641    
    SLICE_X159Y117       FDRE (Hold_fdre_C_D)         0.092     0.733    datapath/Audio_Codec/initialize_audio/twi_controller/bitCount_reg[2]
  -------------------------------------------------------------------
                         required time                         -0.733    
                         arrival time                           0.935    
  -------------------------------------------------------------------
                         slack                                  0.203    

Slack (MET) :             0.205ns  (arrival time - required time)
  Source:                 datapath/Audio_Codec/initialize_audio/initWord_reg[23]/C
                            (rising edge-triggered cell FDRE clocked by clk_out2_clk_wiz_1  {rise@0.000ns fall@10.000ns period=20.000ns})
  Destination:            datapath/Audio_Codec/initialize_audio/data_i_reg[7]/D
                            (rising edge-triggered cell FDRE clocked by clk_out2_clk_wiz_1  {rise@0.000ns fall@10.000ns period=20.000ns})
  Path Group:             clk_out2_clk_wiz_1
  Path Type:              Hold (Min at Fast Process Corner)
  Requirement:            0.000ns  (clk_out2_clk_wiz_1 rise@0.000ns - clk_out2_clk_wiz_1 rise@0.000ns)
  Data Path Delay:        0.311ns  (logic 0.186ns (59.773%)  route 0.125ns (40.227%))
  Logic Levels:           1  (LUT6=1)
  Clock Path Skew:        0.014ns (DCD - SCD - CPR)
    Destination Clock Delay (DCD):    0.909ns
    Source Clock Delay      (SCD):    0.638ns
    Clock Pessimism Removal (CPR):    0.257ns

    Location             Delay type                Incr(ns)  Path(ns)    Netlist Resource(s)
  -------------------------------------------------------------------    -------------------
                         (clock clk_out2_clk_wiz_1 rise edge)
                                                      0.000     0.000 r  
    BUFGCTRL_X0Y2        BUFG                         0.000     0.000 r  clk_IBUF_BUFG_inst/O
                         net (fo=302, routed)         0.610     0.610    datapath/Audio_Codec/audiocodec_master_clock/inst/clk_in1
    MMCME2_ADV_X0Y2      MMCME2_ADV (Prop_mmcme2_adv_CLKIN1_CLKOUT1)
                                                     -1.180    -0.571 r  datapath/Audio_Codec/audiocodec_master_clock/inst/mmcm_adv_inst/CLKOUT1
                         net (fo=1, routed)           0.545    -0.026    datapath/Audio_Codec/audiocodec_master_clock/inst/clk_out2_clk_wiz_1
    BUFGCTRL_X0Y3        BUFG (Prop_bufg_I_O)         0.026     0.000 r  datapath/Audio_Codec/audiocodec_master_clock/inst/clkout2_buf/O
                         net (fo=115, routed)         0.638     0.638    datapath/Audio_Codec/initialize_audio/CLK
    SLICE_X161Y122       FDRE                                         r  datapath/Audio_Codec/initialize_audio/initWord_reg[23]/C
  -------------------------------------------------------------------    -------------------
    SLICE_X161Y122       FDRE (Prop_fdre_C_Q)         0.141     0.779 r  datapath/Audio_Codec/initialize_audio/initWord_reg[23]/Q
                         net (fo=5, routed)           0.125     0.904    datapath/Audio_Codec/initialize_audio/data1[7]
    SLICE_X161Y121       LUT6 (Prop_lut6_I1_O)        0.045     0.949 r  datapath/Audio_Codec/initialize_audio/data_i[7]_i_1/O
                         net (fo=1, routed)           0.000     0.949    datapath/Audio_Codec/initialize_audio/data_i[7]_i_1_n_0
    SLICE_X161Y121       FDRE                                         r  datapath/Audio_Codec/initialize_audio/data_i_reg[7]/D
  -------------------------------------------------------------------    -------------------

                         (clock clk_out2_clk_wiz_1 rise edge)
                                                      0.000     0.000 r  
    BUFGCTRL_X0Y2        BUFG                         0.000     0.000 r  clk_IBUF_BUFG_inst/O
                         net (fo=302, routed)         0.879     0.879    datapath/Audio_Codec/audiocodec_master_clock/inst/clk_in1
    MMCME2_ADV_X0Y2      MMCME2_ADV (Prop_mmcme2_adv_CLKIN1_CLKOUT1)
                                                     -1.502    -0.624 r  datapath/Audio_Codec/audiocodec_master_clock/inst/mmcm_adv_inst/CLKOUT1
                         net (fo=1, routed)           0.595    -0.029    datapath/Audio_Codec/audiocodec_master_clock/inst/clk_out2_clk_wiz_1
    BUFGCTRL_X0Y3        BUFG (Prop_bufg_I_O)         0.029    -0.000 r  datapath/Audio_Codec/audiocodec_master_clock/inst/clkout2_buf/O
                         net (fo=115, routed)         0.909     0.909    datapath/Audio_Codec/initialize_audio/CLK
    SLICE_X161Y121       FDRE                                         r  datapath/Audio_Codec/initialize_audio/data_i_reg[7]/C
                         clock pessimism             -0.257     0.652    
    SLICE_X161Y121       FDRE (Hold_fdre_C_D)         0.092     0.744    datapath/Audio_Codec/initialize_audio/data_i_reg[7]
  -------------------------------------------------------------------
                         required time                         -0.744    
                         arrival time                           0.949    
  -------------------------------------------------------------------
                         slack                                  0.205    

Slack (MET) :             0.214ns  (arrival time - required time)
  Source:                 datapath/Audio_Codec/initialize_audio/twi_controller/sclCnt_reg[5]/C
                            (rising edge-triggered cell FDRE clocked by clk_out2_clk_wiz_1  {rise@0.000ns fall@10.000ns period=20.000ns})
  Destination:            datapath/Audio_Codec/initialize_audio/twi_controller/sclCnt_reg[5]/D
                            (rising edge-triggered cell FDRE clocked by clk_out2_clk_wiz_1  {rise@0.000ns fall@10.000ns period=20.000ns})
  Path Group:             clk_out2_clk_wiz_1
  Path Type:              Hold (Min at Fast Process Corner)
  Requirement:            0.000ns  (clk_out2_clk_wiz_1 rise@0.000ns - clk_out2_clk_wiz_1 rise@0.000ns)
  Data Path Delay:        0.335ns  (logic 0.209ns (62.414%)  route 0.126ns (37.586%))
  Logic Levels:           1  (LUT6=1)
  Clock Path Skew:        0.000ns (DCD - SCD - CPR)
    Destination Clock Delay (DCD):    0.905ns
    Source Clock Delay      (SCD):    0.635ns
    Clock Pessimism Removal (CPR):    0.270ns

    Location             Delay type                Incr(ns)  Path(ns)    Netlist Resource(s)
  -------------------------------------------------------------------    -------------------
                         (clock clk_out2_clk_wiz_1 rise edge)
                                                      0.000     0.000 r  
    BUFGCTRL_X0Y2        BUFG                         0.000     0.000 r  clk_IBUF_BUFG_inst/O
                         net (fo=302, routed)         0.610     0.610    datapath/Audio_Codec/audiocodec_master_clock/inst/clk_in1
    MMCME2_ADV_X0Y2      MMCME2_ADV (Prop_mmcme2_adv_CLKIN1_CLKOUT1)
                                                     -1.180    -0.571 r  datapath/Audio_Codec/audiocodec_master_clock/inst/mmcm_adv_inst/CLKOUT1
                         net (fo=1, routed)           0.545    -0.026    datapath/Audio_Codec/audiocodec_master_clock/inst/clk_out2_clk_wiz_1
    BUFGCTRL_X0Y3        BUFG (Prop_bufg_I_O)         0.026     0.000 r  datapath/Audio_Codec/audiocodec_master_clock/inst/clkout2_buf/O
                         net (fo=115, routed)         0.635     0.635    datapath/Audio_Codec/initialize_audio/twi_controller/CLK
    SLICE_X162Y124       FDRE                                         r  datapath/Audio_Codec/initialize_audio/twi_controller/sclCnt_reg[5]/C
  -------------------------------------------------------------------    -------------------
    SLICE_X162Y124       FDRE (Prop_fdre_C_Q)         0.164     0.799 r  datapath/Audio_Codec/initialize_audio/twi_controller/sclCnt_reg[5]/Q
                         net (fo=2, routed)           0.126     0.924    datapath/Audio_Codec/initialize_audio/twi_controller/sclCnt_reg[5]
    SLICE_X162Y124       LUT6 (Prop_lut6_I0_O)        0.045     0.969 r  datapath/Audio_Codec/initialize_audio/twi_controller/sclCnt[5]_i_1/O
                         net (fo=1, routed)           0.000     0.969    datapath/Audio_Codec/initialize_audio/twi_controller/sclCnt0[5]
    SLICE_X162Y124       FDRE                                         r  datapath/Audio_Codec/initialize_audio/twi_controller/sclCnt_reg[5]/D
  -------------------------------------------------------------------    -------------------

                         (clock clk_out2_clk_wiz_1 rise edge)
                                                      0.000     0.000 r  
    BUFGCTRL_X0Y2        BUFG                         0.000     0.000 r  clk_IBUF_BUFG_inst/O
                         net (fo=302, routed)         0.879     0.879    datapath/Audio_Codec/audiocodec_master_clock/inst/clk_in1
    MMCME2_ADV_X0Y2      MMCME2_ADV (Prop_mmcme2_adv_CLKIN1_CLKOUT1)
                                                     -1.502    -0.624 r  datapath/Audio_Codec/audiocodec_master_clock/inst/mmcm_adv_inst/CLKOUT1
                         net (fo=1, routed)           0.595    -0.029    datapath/Audio_Codec/audiocodec_master_clock/inst/clk_out2_clk_wiz_1
    BUFGCTRL_X0Y3        BUFG (Prop_bufg_I_O)         0.029    -0.000 r  datapath/Audio_Codec/audiocodec_master_clock/inst/clkout2_buf/O
                         net (fo=115, routed)         0.905     0.905    datapath/Audio_Codec/initialize_audio/twi_controller/CLK
    SLICE_X162Y124       FDRE                                         r  datapath/Audio_Codec/initialize_audio/twi_controller/sclCnt_reg[5]/C
                         clock pessimism             -0.270     0.635    
    SLICE_X162Y124       FDRE (Hold_fdre_C_D)         0.121     0.756    datapath/Audio_Codec/initialize_audio/twi_controller/sclCnt_reg[5]
  -------------------------------------------------------------------
                         required time                         -0.756    
                         arrival time                           0.969    
  -------------------------------------------------------------------
                         slack                                  0.214    

Slack (MET) :             0.215ns  (arrival time - required time)
  Source:                 datapath/Audio_Codec/initialize_audio/twi_controller/FSM_gray_state_reg[0]/C
                            (rising edge-triggered cell FDRE clocked by clk_out2_clk_wiz_1  {rise@0.000ns fall@10.000ns period=20.000ns})
  Destination:            datapath/Audio_Codec/initialize_audio/twi_controller/int_Rst_reg/D
                            (rising edge-triggered cell FDRE clocked by clk_out2_clk_wiz_1  {rise@0.000ns fall@10.000ns period=20.000ns})
  Path Group:             clk_out2_clk_wiz_1
  Path Type:              Hold (Min at Fast Process Corner)
  Requirement:            0.000ns  (clk_out2_clk_wiz_1 rise@0.000ns - clk_out2_clk_wiz_1 rise@0.000ns)
  Data Path Delay:        0.349ns  (logic 0.186ns (53.354%)  route 0.163ns (46.646%))
  Logic Levels:           1  (LUT6=1)
  Clock Path Skew:        0.014ns (DCD - SCD - CPR)
    Destination Clock Delay (DCD):    0.914ns
    Source Clock Delay      (SCD):    0.643ns
    Clock Pessimism Removal (CPR):    0.257ns

    Location             Delay type                Incr(ns)  Path(ns)    Netlist Resource(s)
  -------------------------------------------------------------------    -------------------
                         (clock clk_out2_clk_wiz_1 rise edge)
                                                      0.000     0.000 r  
    BUFGCTRL_X0Y2        BUFG                         0.000     0.000 r  clk_IBUF_BUFG_inst/O
                         net (fo=302, routed)         0.610     0.610    datapath/Audio_Codec/audiocodec_master_clock/inst/clk_in1
    MMCME2_ADV_X0Y2      MMCME2_ADV (Prop_mmcme2_adv_CLKIN1_CLKOUT1)
                                                     -1.180    -0.571 r  datapath/Audio_Codec/audiocodec_master_clock/inst/mmcm_adv_inst/CLKOUT1
                         net (fo=1, routed)           0.545    -0.026    datapath/Audio_Codec/audiocodec_master_clock/inst/clk_out2_clk_wiz_1
    BUFGCTRL_X0Y3        BUFG (Prop_bufg_I_O)         0.026     0.000 r  datapath/Audio_Codec/audiocodec_master_clock/inst/clkout2_buf/O
                         net (fo=115, routed)         0.643     0.643    datapath/Audio_Codec/initialize_audio/twi_controller/CLK
    SLICE_X160Y116       FDRE                                         r  datapath/Audio_Codec/initialize_audio/twi_controller/FSM_gray_state_reg[0]/C
  -------------------------------------------------------------------    -------------------
    SLICE_X160Y116       FDRE (Prop_fdre_C_Q)         0.141     0.784 f  datapath/Audio_Codec/initialize_audio/twi_controller/FSM_gray_state_reg[0]/Q
                         net (fo=24, routed)          0.163     0.946    datapath/Audio_Codec/initialize_audio/twi_controller/state[0]
    SLICE_X162Y116       LUT6 (Prop_lut6_I0_O)        0.045     0.991 r  datapath/Audio_Codec/initialize_audio/twi_controller/int_Rst_i_1/O
                         net (fo=1, routed)           0.000     0.991    datapath/Audio_Codec/initialize_audio/twi_controller/int_Rst_i_1_n_0
    SLICE_X162Y116       FDRE                                         r  datapath/Audio_Codec/initialize_audio/twi_controller/int_Rst_reg/D
  -------------------------------------------------------------------    -------------------

                         (clock clk_out2_clk_wiz_1 rise edge)
                                                      0.000     0.000 r  
    BUFGCTRL_X0Y2        BUFG                         0.000     0.000 r  clk_IBUF_BUFG_inst/O
                         net (fo=302, routed)         0.879     0.879    datapath/Audio_Codec/audiocodec_master_clock/inst/clk_in1
    MMCME2_ADV_X0Y2      MMCME2_ADV (Prop_mmcme2_adv_CLKIN1_CLKOUT1)
                                                     -1.502    -0.624 r  datapath/Audio_Codec/audiocodec_master_clock/inst/mmcm_adv_inst/CLKOUT1
                         net (fo=1, routed)           0.595    -0.029    datapath/Audio_Codec/audiocodec_master_clock/inst/clk_out2_clk_wiz_1
    BUFGCTRL_X0Y3        BUFG (Prop_bufg_I_O)         0.029    -0.000 r  datapath/Audio_Codec/audiocodec_master_clock/inst/clkout2_buf/O
                         net (fo=115, routed)         0.914     0.914    datapath/Audio_Codec/initialize_audio/twi_controller/CLK
    SLICE_X162Y116       FDRE                                         r  datapath/Audio_Codec/initialize_audio/twi_controller/int_Rst_reg/C
                         clock pessimism             -0.257     0.657    
    SLICE_X162Y116       FDRE (Hold_fdre_C_D)         0.120     0.777    datapath/Audio_Codec/initialize_audio/twi_controller/int_Rst_reg
  -------------------------------------------------------------------
                         required time                         -0.777    
                         arrival time                           0.991    
  -------------------------------------------------------------------
                         slack                                  0.215    

Slack (MET) :             0.216ns  (arrival time - required time)
  Source:                 datapath/Audio_Codec/initialize_audio/data_i_reg[4]/C
                            (rising edge-triggered cell FDRE clocked by clk_out2_clk_wiz_1  {rise@0.000ns fall@10.000ns period=20.000ns})
  Destination:            datapath/Audio_Codec/initialize_audio/twi_controller/dataByte_reg[4]/D
                            (rising edge-triggered cell FDRE clocked by clk_out2_clk_wiz_1  {rise@0.000ns fall@10.000ns period=20.000ns})
  Path Group:             clk_out2_clk_wiz_1
  Path Type:              Hold (Min at Fast Process Corner)
  Requirement:            0.000ns  (clk_out2_clk_wiz_1 rise@0.000ns - clk_out2_clk_wiz_1 rise@0.000ns)
  Data Path Delay:        0.322ns  (logic 0.186ns (57.733%)  route 0.136ns (42.267%))
  Logic Levels:           1  (LUT4=1)
  Clock Path Skew:        0.015ns (DCD - SCD - CPR)
    Destination Clock Delay (DCD):    0.910ns
    Source Clock Delay      (SCD):    0.638ns
    Clock Pessimism Removal (CPR):    0.257ns

    Location             Delay type                Incr(ns)  Path(ns)    Netlist Resource(s)
  -------------------------------------------------------------------    -------------------
                         (clock clk_out2_clk_wiz_1 rise edge)
                                                      0.000     0.000 r  
    BUFGCTRL_X0Y2        BUFG                         0.000     0.000 r  clk_IBUF_BUFG_inst/O
                         net (fo=302, routed)         0.610     0.610    datapath/Audio_Codec/audiocodec_master_clock/inst/clk_in1
    MMCME2_ADV_X0Y2      MMCME2_ADV (Prop_mmcme2_adv_CLKIN1_CLKOUT1)
                                                     -1.180    -0.571 r  datapath/Audio_Codec/audiocodec_master_clock/inst/mmcm_adv_inst/CLKOUT1
                         net (fo=1, routed)           0.545    -0.026    datapath/Audio_Codec/audiocodec_master_clock/inst/clk_out2_clk_wiz_1
    BUFGCTRL_X0Y3        BUFG (Prop_bufg_I_O)         0.026     0.000 r  datapath/Audio_Codec/audiocodec_master_clock/inst/clkout2_buf/O
                         net (fo=115, routed)         0.638     0.638    datapath/Audio_Codec/initialize_audio/CLK
    SLICE_X159Y120       FDRE                                         r  datapath/Audio_Codec/initialize_audio/data_i_reg[4]/C
  -------------------------------------------------------------------    -------------------
    SLICE_X159Y120       FDRE (Prop_fdre_C_Q)         0.141     0.779 r  datapath/Audio_Codec/initialize_audio/data_i_reg[4]/Q
                         net (fo=1, routed)           0.136     0.915    datapath/Audio_Codec/initialize_audio/twi_controller/Q[4]
    SLICE_X159Y119       LUT4 (Prop_lut4_I3_O)        0.045     0.960 r  datapath/Audio_Codec/initialize_audio/twi_controller/dataByte[4]_i_1/O
                         net (fo=1, routed)           0.000     0.960    datapath/Audio_Codec/initialize_audio/twi_controller/p_1_in[4]
    SLICE_X159Y119       FDRE                                         r  datapath/Audio_Codec/initialize_audio/twi_controller/dataByte_reg[4]/D
  -------------------------------------------------------------------    -------------------

                         (clock clk_out2_clk_wiz_1 rise edge)
                                                      0.000     0.000 r  
    BUFGCTRL_X0Y2        BUFG                         0.000     0.000 r  clk_IBUF_BUFG_inst/O
                         net (fo=302, routed)         0.879     0.879    datapath/Audio_Codec/audiocodec_master_clock/inst/clk_in1
    MMCME2_ADV_X0Y2      MMCME2_ADV (Prop_mmcme2_adv_CLKIN1_CLKOUT1)
                                                     -1.502    -0.624 r  datapath/Audio_Codec/audiocodec_master_clock/inst/mmcm_adv_inst/CLKOUT1
                         net (fo=1, routed)           0.595    -0.029    datapath/Audio_Codec/audiocodec_master_clock/inst/clk_out2_clk_wiz_1
    BUFGCTRL_X0Y3        BUFG (Prop_bufg_I_O)         0.029    -0.000 r  datapath/Audio_Codec/audiocodec_master_clock/inst/clkout2_buf/O
                         net (fo=115, routed)         0.910     0.910    datapath/Audio_Codec/initialize_audio/twi_controller/CLK
    SLICE_X159Y119       FDRE                                         r  datapath/Audio_Codec/initialize_audio/twi_controller/dataByte_reg[4]/C
                         clock pessimism             -0.257     0.653    
    SLICE_X159Y119       FDRE (Hold_fdre_C_D)         0.091     0.744    datapath/Audio_Codec/initialize_audio/twi_controller/dataByte_reg[4]
  -------------------------------------------------------------------
                         required time                         -0.744    
                         arrival time                           0.960    
  -------------------------------------------------------------------
                         slack                                  0.216    





Pulse Width Checks
--------------------------------------------------------------------------------------
Clock Name:         clk_out2_clk_wiz_1
Waveform(ns):       { 0.000 10.000 }
Period(ns):         20.000
Sources:            { datapath/Audio_Codec/audiocodec_master_clock/inst/mmcm_adv_inst/CLKOUT1 }

Check Type        Corner  Lib Pin             Reference Pin  Required(ns)  Actual(ns)  Slack(ns)  Location         Pin
Min Period        n/a     BUFG/I              n/a            2.155         20.000      17.845     BUFGCTRL_X0Y3    datapath/Audio_Codec/audiocodec_master_clock/inst/clkout2_buf/I
Min Period        n/a     MMCME2_ADV/CLKOUT1  n/a            1.249         20.000      18.751     MMCME2_ADV_X0Y2  datapath/Audio_Codec/audiocodec_master_clock/inst/mmcm_adv_inst/CLKOUT1
Min Period        n/a     FDRE/C              n/a            1.000         20.000      19.000     SLICE_X158Y121   datapath/Audio_Codec/initialize_audio/data_i_reg[0]/C
Min Period        n/a     FDRE/C              n/a            1.000         20.000      19.000     SLICE_X163Y121   datapath/Audio_Codec/initialize_audio/data_i_reg[1]/C
Min Period        n/a     FDRE/C              n/a            1.000         20.000      19.000     SLICE_X161Y121   datapath/Audio_Codec/initialize_audio/data_i_reg[2]/C
Min Period        n/a     FDRE/C              n/a            1.000         20.000      19.000     SLICE_X161Y120   datapath/Audio_Codec/initialize_audio/data_i_reg[3]/C
Min Period        n/a     FDRE/C              n/a            1.000         20.000      19.000     SLICE_X159Y120   datapath/Audio_Codec/initialize_audio/data_i_reg[4]/C
Min Period        n/a     FDRE/C              n/a            1.000         20.000      19.000     SLICE_X161Y120   datapath/Audio_Codec/initialize_audio/data_i_reg[5]/C
Min Period        n/a     FDRE/C              n/a            1.000         20.000      19.000     SLICE_X158Y122   datapath/Audio_Codec/initialize_audio/data_i_reg[6]/C
Min Period        n/a     FDRE/C              n/a            1.000         20.000      19.000     SLICE_X161Y121   datapath/Audio_Codec/initialize_audio/data_i_reg[7]/C
Max Period        n/a     MMCME2_ADV/CLKOUT1  n/a            213.360       20.000      193.360    MMCME2_ADV_X0Y2  datapath/Audio_Codec/audiocodec_master_clock/inst/mmcm_adv_inst/CLKOUT1
Low Pulse Width   Slow    FDRE/C              n/a            0.500         10.000      9.500      SLICE_X158Y121   datapath/Audio_Codec/initialize_audio/data_i_reg[0]/C
Low Pulse Width   Fast    FDRE/C              n/a            0.500         10.000      9.500      SLICE_X158Y121   datapath/Audio_Codec/initialize_audio/data_i_reg[0]/C
Low Pulse Width   Slow    FDRE/C              n/a            0.500         10.000      9.500      SLICE_X163Y121   datapath/Audio_Codec/initialize_audio/data_i_reg[1]/C
Low Pulse Width   Fast    FDRE/C              n/a            0.500         10.000      9.500      SLICE_X163Y121   datapath/Audio_Codec/initialize_audio/data_i_reg[1]/C
Low Pulse Width   Slow    FDRE/C              n/a            0.500         10.000      9.500      SLICE_X161Y121   datapath/Audio_Codec/initialize_audio/data_i_reg[2]/C
Low Pulse Width   Fast    FDRE/C              n/a            0.500         10.000      9.500      SLICE_X161Y121   datapath/Audio_Codec/initialize_audio/data_i_reg[2]/C
Low Pulse Width   Slow    FDRE/C              n/a            0.500         10.000      9.500      SLICE_X161Y120   datapath/Audio_Codec/initialize_audio/data_i_reg[3]/C
Low Pulse Width   Fast    FDRE/C              n/a            0.500         10.000      9.500      SLICE_X161Y120   datapath/Audio_Codec/initialize_audio/data_i_reg[3]/C
Low Pulse Width   Slow    FDRE/C              n/a            0.500         10.000      9.500      SLICE_X159Y120   datapath/Audio_Codec/initialize_audio/data_i_reg[4]/C
Low Pulse Width   Fast    FDRE/C              n/a            0.500         10.000      9.500      SLICE_X159Y120   datapath/Audio_Codec/initialize_audio/data_i_reg[4]/C
High Pulse Width  Slow    FDRE/C              n/a            0.500         10.000      9.500      SLICE_X158Y121   datapath/Audio_Codec/initialize_audio/data_i_reg[0]/C
High Pulse Width  Fast    FDRE/C              n/a            0.500         10.000      9.500      SLICE_X158Y121   datapath/Audio_Codec/initialize_audio/data_i_reg[0]/C
High Pulse Width  Slow    FDRE/C              n/a            0.500         10.000      9.500      SLICE_X163Y121   datapath/Audio_Codec/initialize_audio/data_i_reg[1]/C
High Pulse Width  Fast    FDRE/C              n/a            0.500         10.000      9.500      SLICE_X163Y121   datapath/Audio_Codec/initialize_audio/data_i_reg[1]/C
High Pulse Width  Slow    FDRE/C              n/a            0.500         10.000      9.500      SLICE_X161Y121   datapath/Audio_Codec/initialize_audio/data_i_reg[2]/C
High Pulse Width  Fast    FDRE/C              n/a            0.500         10.000      9.500      SLICE_X161Y121   datapath/Audio_Codec/initialize_audio/data_i_reg[2]/C
High Pulse Width  Slow    FDRE/C              n/a            0.500         10.000      9.500      SLICE_X161Y120   datapath/Audio_Codec/initialize_audio/data_i_reg[3]/C
High Pulse Width  Fast    FDRE/C              n/a            0.500         10.000      9.500      SLICE_X161Y120   datapath/Audio_Codec/initialize_audio/data_i_reg[3]/C
High Pulse Width  Slow    FDRE/C              n/a            0.500         10.000      9.500      SLICE_X159Y120   datapath/Audio_Codec/initialize_audio/data_i_reg[4]/C
High Pulse Width  Fast    FDRE/C              n/a            0.500         10.000      9.500      SLICE_X159Y120   datapath/Audio_Codec/initialize_audio/data_i_reg[4]/C



---------------------------------------------------------------------------------------------------
From Clock:  clkfbout_clk_wiz_1
  To Clock:  clkfbout_clk_wiz_1

Setup :           NA  Failing Endpoints,  Worst Slack           NA  ,  Total Violation           NA
Hold  :           NA  Failing Endpoints,  Worst Slack           NA  ,  Total Violation           NA
PW    :            0  Failing Endpoints,  Worst Slack        7.845ns,  Total Violation        0.000ns
---------------------------------------------------------------------------------------------------


Pulse Width Checks
--------------------------------------------------------------------------------------
Clock Name:         clkfbout_clk_wiz_1
Waveform(ns):       { 0.000 5.000 }
Period(ns):         10.000
Sources:            { datapath/Audio_Codec/audiocodec_master_clock/inst/mmcm_adv_inst/CLKFBOUT }

Check Type  Corner  Lib Pin              Reference Pin  Required(ns)  Actual(ns)  Slack(ns)  Location         Pin
Min Period  n/a     BUFG/I               n/a            2.155         10.000      7.845      BUFGCTRL_X0Y5    datapath/Audio_Codec/audiocodec_master_clock/inst/clkf_buf/I
Min Period  n/a     MMCME2_ADV/CLKFBOUT  n/a            1.249         10.000      8.751      MMCME2_ADV_X0Y2  datapath/Audio_Codec/audiocodec_master_clock/inst/mmcm_adv_inst/CLKFBOUT
Min Period  n/a     MMCME2_ADV/CLKFBIN   n/a            1.249         10.000      8.751      MMCME2_ADV_X0Y2  datapath/Audio_Codec/audiocodec_master_clock/inst/mmcm_adv_inst/CLKFBIN
Max Period  n/a     MMCME2_ADV/CLKFBIN   n/a            100.000       10.000      90.000     MMCME2_ADV_X0Y2  datapath/Audio_Codec/audiocodec_master_clock/inst/mmcm_adv_inst/CLKFBIN
Max Period  n/a     MMCME2_ADV/CLKFBOUT  n/a            213.360       10.000      203.360    MMCME2_ADV_X0Y2  datapath/Audio_Codec/audiocodec_master_clock/inst/mmcm_adv_inst/CLKFBOUT



---------------------------------------------------------------------------------------------------
From Clock:  datapath/video_inst/mmcm_adv_inst_display_clocks/inst/clk_in1
  To Clock:  datapath/video_inst/mmcm_adv_inst_display_clocks/inst/clk_in1

Setup :           NA  Failing Endpoints,  Worst Slack           NA  ,  Total Violation           NA
Hold  :           NA  Failing Endpoints,  Worst Slack           NA  ,  Total Violation           NA
PW    :            0  Failing Endpoints,  Worst Slack        3.000ns,  Total Violation        0.000ns
---------------------------------------------------------------------------------------------------


Pulse Width Checks
--------------------------------------------------------------------------------------
Clock Name:         datapath/video_inst/mmcm_adv_inst_display_clocks/inst/clk_in1
Waveform(ns):       { 0.000 5.000 }
Period(ns):         10.000
Sources:            { datapath/video_inst/mmcm_adv_inst_display_clocks/inst/clk_in1 }

Check Type        Corner  Lib Pin            Reference Pin  Required(ns)  Actual(ns)  Slack(ns)  Location         Pin
Min Period        n/a     MMCME2_ADV/CLKIN1  n/a            1.249         10.000      8.751      MMCME2_ADV_X1Y0  datapath/video_inst/mmcm_adv_inst_display_clocks/inst/mmcm_adv_inst/CLKIN1
Max Period        n/a     MMCME2_ADV/CLKIN1  n/a            100.000       10.000      90.000     MMCME2_ADV_X1Y0  datapath/video_inst/mmcm_adv_inst_display_clocks/inst/mmcm_adv_inst/CLKIN1
Low Pulse Width   Slow    MMCME2_ADV/CLKIN1  n/a            2.000         5.000       3.000      MMCME2_ADV_X1Y0  datapath/video_inst/mmcm_adv_inst_display_clocks/inst/mmcm_adv_inst/CLKIN1
Low Pulse Width   Fast    MMCME2_ADV/CLKIN1  n/a            2.000         5.000       3.000      MMCME2_ADV_X1Y0  datapath/video_inst/mmcm_adv_inst_display_clocks/inst/mmcm_adv_inst/CLKIN1
High Pulse Width  Slow    MMCME2_ADV/CLKIN1  n/a            2.000         5.000       3.000      MMCME2_ADV_X1Y0  datapath/video_inst/mmcm_adv_inst_display_clocks/inst/mmcm_adv_inst/CLKIN1
High Pulse Width  Fast    MMCME2_ADV/CLKIN1  n/a            2.000         5.000       3.000      MMCME2_ADV_X1Y0  datapath/video_inst/mmcm_adv_inst_display_clocks/inst/mmcm_adv_inst/CLKIN1



---------------------------------------------------------------------------------------------------
From Clock:  clk_out1_clk_wiz_0
  To Clock:  clk_out1_clk_wiz_0

Setup :            0  Failing Endpoints,  Worst Slack       26.883ns,  Total Violation        0.000ns
Hold  :            0  Failing Endpoints,  Worst Slack        0.153ns,  Total Violation        0.000ns
PW    :            0  Failing Endpoints,  Worst Slack       19.500ns,  Total Violation        0.000ns
---------------------------------------------------------------------------------------------------


Max Delay Paths
--------------------------------------------------------------------------------------
Slack (MET) :             26.883ns  (required time - arrival time)
  Source:                 datapath/video_inst/Inst_vga/vga_sig_gen/h_counter/w_processQ_reg[2]/C
                            (rising edge-triggered cell FDRE clocked by clk_out1_clk_wiz_0  {rise@0.000ns fall@20.000ns period=40.000ns})
  Destination:            datapath/video_inst/inst_dvid/TDMS_encoder_green/encoded_reg[9]/D
                            (rising edge-triggered cell FDRE clocked by clk_out1_clk_wiz_0  {rise@0.000ns fall@20.000ns period=40.000ns})
  Path Group:             clk_out1_clk_wiz_0
  Path Type:              Setup (Max at Slow Process Corner)
  Requirement:            40.000ns  (clk_out1_clk_wiz_0 rise@40.000ns - clk_out1_clk_wiz_0 rise@0.000ns)
  Data Path Delay:        13.013ns  (logic 3.915ns (30.085%)  route 9.098ns (69.915%))
  Logic Levels:           13  (CARRY4=2 LUT2=3 LUT3=1 LUT4=2 LUT5=2 LUT6=3)
  Clock Path Skew:        -0.038ns (DCD - SCD + CPR)
    Destination Clock Delay (DCD):    1.632ns = ( 41.632 - 40.000 ) 
    Source Clock Delay      (SCD):    1.745ns
    Clock Pessimism Removal (CPR):    0.075ns
  Clock Uncertainty:      0.095ns  ((TSJ^2 + DJ^2)^1/2) / 2 + PE
    Total System Jitter     (TSJ):    0.071ns
    Discrete Jitter          (DJ):    0.175ns
    Phase Error              (PE):    0.000ns

    Location             Delay type                Incr(ns)  Path(ns)    Netlist Resource(s)
  -------------------------------------------------------------------    -------------------
                         (clock clk_out1_clk_wiz_0 rise edge)
                                                      0.000     0.000 r  
    BUFGCTRL_X0Y2        BUFG                         0.000     0.000 r  clk_IBUF_BUFG_inst/O
                         net (fo=302, routed)         2.106     2.106    datapath/video_inst/mmcm_adv_inst_display_clocks/inst/clk_in1
    MMCME2_ADV_X1Y0      MMCME2_ADV (Prop_mmcme2_adv_CLKIN1_CLKOUT0)
                                                     -4.900    -2.793 r  datapath/video_inst/mmcm_adv_inst_display_clocks/inst/mmcm_adv_inst/CLKOUT0
                         net (fo=1, routed)           2.697    -0.096    datapath/video_inst/mmcm_adv_inst_display_clocks/inst/clk_out1_clk_wiz_0
    BUFGCTRL_X0Y4        BUFG (Prop_bufg_I_O)         0.096    -0.000 r  datapath/video_inst/mmcm_adv_inst_display_clocks/inst/clkout1_buf/O
                         net (fo=65, routed)          1.745     1.745    datapath/video_inst/Inst_vga/vga_sig_gen/h_counter/CLK
    SLICE_X149Y131       FDRE                                         r  datapath/video_inst/Inst_vga/vga_sig_gen/h_counter/w_processQ_reg[2]/C
  -------------------------------------------------------------------    -------------------
    SLICE_X149Y131       FDRE (Prop_fdre_C_Q)         0.419     2.164 f  datapath/video_inst/Inst_vga/vga_sig_gen/h_counter/w_processQ_reg[2]/Q
                         net (fo=49, routed)          2.348     4.512    datapath/video_inst/Inst_vga/vga_sig_gen/h_counter/Q[2]
    SLICE_X157Y137       LUT4 (Prop_lut4_I2_O)        0.327     4.839 f  datapath/video_inst/Inst_vga/vga_sig_gen/h_counter/is_trigger_volt4_carry__0_i_12/O
                         net (fo=13, routed)          1.110     5.950    datapath/video_inst/Inst_vga/vga_sig_gen/h_counter/is_trigger_volt4_carry__0_i_12_n_0
    SLICE_X152Y133       LUT6 (Prop_lut6_I4_O)        0.332     6.282 r  datapath/video_inst/Inst_vga/vga_sig_gen/h_counter/is_trigger_volt4_carry__0_i_13/O
                         net (fo=2, routed)           0.818     7.100    datapath/stepper_volt/is_trigger_volt4_carry__0_i_6_0
    SLICE_X156Y134       LUT2 (Prop_lut2_I1_O)        0.124     7.224 r  datapath/stepper_volt/Inst_vga/colormap/is_trigger_volt4_carry__0_i_9/O
                         net (fo=1, routed)           0.000     7.224    datapath/stepper_volt/Inst_vga/colormap/is_trigger_volt4_carry__0_i_9_n_0
    SLICE_X156Y134       CARRY4 (Prop_carry4_S[2]_O[3])
                                                      0.352     7.576 f  datapath/stepper_volt/is_trigger_volt4_carry__0_i_6/O[3]
                         net (fo=1, routed)           0.644     8.220    datapath/stepper_volt/video_inst/Inst_vga/is_trigger_volt5[11]
    SLICE_X157Y135       LUT2 (Prop_lut2_I0_O)        0.306     8.526 r  datapath/stepper_volt/is_trigger_volt4_carry__0_i_4/O
                         net (fo=1, routed)           0.000     8.526    datapath/video_inst/Inst_vga/colormap/dc_bias[2]_i_8_0[1]
    SLICE_X157Y135       CARRY4 (Prop_carry4_S[1]_CO[2])
                                                      0.570     9.096 f  datapath/video_inst/Inst_vga/colormap/is_trigger_volt4_carry__0/CO[2]
                         net (fo=1, routed)           0.675     9.772    datapath/video_inst/Inst_vga/vga_sig_gen/h_counter/dc_bias[2]_i_4_1[0]
    SLICE_X152Y134       LUT5 (Prop_lut5_I3_O)        0.313    10.085 r  datapath/video_inst/Inst_vga/vga_sig_gen/h_counter/dc_bias[2]_i_8/O
                         net (fo=1, routed)           0.663    10.748    datapath/video_inst/Inst_vga/vga_sig_gen/h_counter/dc_bias[2]_i_8_n_0
    SLICE_X152Y134       LUT6 (Prop_lut6_I1_O)        0.124    10.872 f  datapath/video_inst/Inst_vga/vga_sig_gen/h_counter/dc_bias[2]_i_4/O
                         net (fo=4, routed)           0.691    11.563    datapath/video_inst/Inst_vga/vga_sig_gen/h_counter/w_processQ_reg[0]_0
    SLICE_X152Y135       LUT3 (Prop_lut3_I2_O)        0.148    11.711 r  datapath/video_inst/Inst_vga/vga_sig_gen/h_counter/dc_bias[3]_i_5__0/O
                         net (fo=4, routed)           0.727    12.438    datapath/video_inst/Inst_vga/vga_sig_gen/h_counter/dc_bias[3]_i_5__0_n_0
    SLICE_X153Y135       LUT2 (Prop_lut2_I0_O)        0.328    12.766 r  datapath/video_inst/Inst_vga/vga_sig_gen/h_counter/dc_bias[2]_i_5/O
                         net (fo=2, routed)           0.276    13.041    datapath/video_inst/Inst_vga/vga_sig_gen/h_counter/dc_bias[2]_i_5_n_0
    SLICE_X153Y135       LUT6 (Prop_lut6_I1_O)        0.124    13.165 f  datapath/video_inst/Inst_vga/vga_sig_gen/h_counter/dc_bias[1]_i_2/O
                         net (fo=4, routed)           0.847    14.012    datapath/video_inst/inst_dvid/TDMS_encoder_green/dc_bias_reg[1]_0
    SLICE_X154Y136       LUT5 (Prop_lut5_I0_O)        0.117    14.129 f  datapath/video_inst/inst_dvid/TDMS_encoder_green/encoded[9]_i_2__0/O
                         net (fo=1, routed)           0.299    14.428    datapath/video_inst/inst_dvid/TDMS_encoder_green/encoded[9]_i_2__0_n_0
    SLICE_X155Y136       LUT4 (Prop_lut4_I0_O)        0.331    14.759 r  datapath/video_inst/inst_dvid/TDMS_encoder_green/encoded[9]_i_1/O
                         net (fo=1, routed)           0.000    14.759    datapath/video_inst/inst_dvid/TDMS_encoder_green/encoded[9]_i_1_n_0
    SLICE_X155Y136       FDRE                                         r  datapath/video_inst/inst_dvid/TDMS_encoder_green/encoded_reg[9]/D
  -------------------------------------------------------------------    -------------------

                         (clock clk_out1_clk_wiz_0 rise edge)
                                                     40.000    40.000 r  
    BUFGCTRL_X0Y2        BUFG                         0.000    40.000 r  clk_IBUF_BUFG_inst/O
                         net (fo=302, routed)         1.972    41.972    datapath/video_inst/mmcm_adv_inst_display_clocks/inst/clk_in1
    MMCME2_ADV_X1Y0      MMCME2_ADV (Prop_mmcme2_adv_CLKIN1_CLKOUT0)
                                                     -4.637    37.335 r  datapath/video_inst/mmcm_adv_inst_display_clocks/inst/mmcm_adv_inst/CLKOUT0
                         net (fo=1, routed)           2.574    39.909    datapath/video_inst/mmcm_adv_inst_display_clocks/inst/clk_out1_clk_wiz_0
    BUFGCTRL_X0Y4        BUFG (Prop_bufg_I_O)         0.091    40.000 r  datapath/video_inst/mmcm_adv_inst_display_clocks/inst/clkout1_buf/O
                         net (fo=65, routed)          1.632    41.632    datapath/video_inst/inst_dvid/TDMS_encoder_green/CLK
    SLICE_X155Y136       FDRE                                         r  datapath/video_inst/inst_dvid/TDMS_encoder_green/encoded_reg[9]/C
                         clock pessimism              0.075    41.707    
                         clock uncertainty           -0.095    41.613    
    SLICE_X155Y136       FDRE (Setup_fdre_C_D)        0.029    41.642    datapath/video_inst/inst_dvid/TDMS_encoder_green/encoded_reg[9]
  -------------------------------------------------------------------
                         required time                         41.642    
                         arrival time                         -14.759    
  -------------------------------------------------------------------
                         slack                                 26.883    

Slack (MET) :             26.972ns  (required time - arrival time)
  Source:                 datapath/video_inst/Inst_vga/vga_sig_gen/h_counter/w_processQ_reg[2]/C
                            (rising edge-triggered cell FDRE clocked by clk_out1_clk_wiz_0  {rise@0.000ns fall@20.000ns period=40.000ns})
  Destination:            datapath/video_inst/inst_dvid/TDMS_encoder_green/dc_bias_reg[3]/D
                            (rising edge-triggered cell FDRE clocked by clk_out1_clk_wiz_0  {rise@0.000ns fall@20.000ns period=40.000ns})
  Path Group:             clk_out1_clk_wiz_0
  Path Type:              Setup (Max at Slow Process Corner)
  Requirement:            40.000ns  (clk_out1_clk_wiz_0 rise@40.000ns - clk_out1_clk_wiz_0 rise@0.000ns)
  Data Path Delay:        12.973ns  (logic 3.715ns (28.637%)  route 9.258ns (71.363%))
  Logic Levels:           13  (CARRY4=2 LUT2=4 LUT3=1 LUT4=1 LUT5=1 LUT6=4)
  Clock Path Skew:        -0.038ns (DCD - SCD + CPR)
    Destination Clock Delay (DCD):    1.632ns = ( 41.632 - 40.000 ) 
    Source Clock Delay      (SCD):    1.745ns
    Clock Pessimism Removal (CPR):    0.075ns
  Clock Uncertainty:      0.095ns  ((TSJ^2 + DJ^2)^1/2) / 2 + PE
    Total System Jitter     (TSJ):    0.071ns
    Discrete Jitter          (DJ):    0.175ns
    Phase Error              (PE):    0.000ns

    Location             Delay type                Incr(ns)  Path(ns)    Netlist Resource(s)
  -------------------------------------------------------------------    -------------------
                         (clock clk_out1_clk_wiz_0 rise edge)
                                                      0.000     0.000 r  
    BUFGCTRL_X0Y2        BUFG                         0.000     0.000 r  clk_IBUF_BUFG_inst/O
                         net (fo=302, routed)         2.106     2.106    datapath/video_inst/mmcm_adv_inst_display_clocks/inst/clk_in1
    MMCME2_ADV_X1Y0      MMCME2_ADV (Prop_mmcme2_adv_CLKIN1_CLKOUT0)
                                                     -4.900    -2.793 r  datapath/video_inst/mmcm_adv_inst_display_clocks/inst/mmcm_adv_inst/CLKOUT0
                         net (fo=1, routed)           2.697    -0.096    datapath/video_inst/mmcm_adv_inst_display_clocks/inst/clk_out1_clk_wiz_0
    BUFGCTRL_X0Y4        BUFG (Prop_bufg_I_O)         0.096    -0.000 r  datapath/video_inst/mmcm_adv_inst_display_clocks/inst/clkout1_buf/O
                         net (fo=65, routed)          1.745     1.745    datapath/video_inst/Inst_vga/vga_sig_gen/h_counter/CLK
    SLICE_X149Y131       FDRE                                         r  datapath/video_inst/Inst_vga/vga_sig_gen/h_counter/w_processQ_reg[2]/C
  -------------------------------------------------------------------    -------------------
    SLICE_X149Y131       FDRE (Prop_fdre_C_Q)         0.419     2.164 f  datapath/video_inst/Inst_vga/vga_sig_gen/h_counter/w_processQ_reg[2]/Q
                         net (fo=49, routed)          2.348     4.512    datapath/video_inst/Inst_vga/vga_sig_gen/h_counter/Q[2]
    SLICE_X157Y137       LUT4 (Prop_lut4_I2_O)        0.327     4.839 f  datapath/video_inst/Inst_vga/vga_sig_gen/h_counter/is_trigger_volt4_carry__0_i_12/O
                         net (fo=13, routed)          1.110     5.950    datapath/video_inst/Inst_vga/vga_sig_gen/h_counter/is_trigger_volt4_carry__0_i_12_n_0
    SLICE_X152Y133       LUT6 (Prop_lut6_I4_O)        0.332     6.282 r  datapath/video_inst/Inst_vga/vga_sig_gen/h_counter/is_trigger_volt4_carry__0_i_13/O
                         net (fo=2, routed)           0.818     7.100    datapath/stepper_volt/is_trigger_volt4_carry__0_i_6_0
    SLICE_X156Y134       LUT2 (Prop_lut2_I1_O)        0.124     7.224 r  datapath/stepper_volt/Inst_vga/colormap/is_trigger_volt4_carry__0_i_9/O
                         net (fo=1, routed)           0.000     7.224    datapath/stepper_volt/Inst_vga/colormap/is_trigger_volt4_carry__0_i_9_n_0
    SLICE_X156Y134       CARRY4 (Prop_carry4_S[2]_O[3])
                                                      0.352     7.576 f  datapath/stepper_volt/is_trigger_volt4_carry__0_i_6/O[3]
                         net (fo=1, routed)           0.644     8.220    datapath/stepper_volt/video_inst/Inst_vga/is_trigger_volt5[11]
    SLICE_X157Y135       LUT2 (Prop_lut2_I0_O)        0.306     8.526 r  datapath/stepper_volt/is_trigger_volt4_carry__0_i_4/O
                         net (fo=1, routed)           0.000     8.526    datapath/video_inst/Inst_vga/colormap/dc_bias[2]_i_8_0[1]
    SLICE_X157Y135       CARRY4 (Prop_carry4_S[1]_CO[2])
                                                      0.570     9.096 f  datapath/video_inst/Inst_vga/colormap/is_trigger_volt4_carry__0/CO[2]
                         net (fo=1, routed)           0.675     9.772    datapath/video_inst/Inst_vga/vga_sig_gen/h_counter/dc_bias[2]_i_4_1[0]
    SLICE_X152Y134       LUT5 (Prop_lut5_I3_O)        0.313    10.085 r  datapath/video_inst/Inst_vga/vga_sig_gen/h_counter/dc_bias[2]_i_8/O
                         net (fo=1, routed)           0.663    10.748    datapath/video_inst/Inst_vga/vga_sig_gen/h_counter/dc_bias[2]_i_8_n_0
    SLICE_X152Y134       LUT6 (Prop_lut6_I1_O)        0.124    10.872 f  datapath/video_inst/Inst_vga/vga_sig_gen/h_counter/dc_bias[2]_i_4/O
                         net (fo=4, routed)           0.691    11.563    datapath/video_inst/Inst_vga/vga_sig_gen/h_counter/w_processQ_reg[0]_0
    SLICE_X152Y135       LUT3 (Prop_lut3_I2_O)        0.148    11.711 r  datapath/video_inst/Inst_vga/vga_sig_gen/h_counter/dc_bias[3]_i_5__0/O
                         net (fo=4, routed)           0.727    12.438    datapath/video_inst/Inst_vga/vga_sig_gen/h_counter/dc_bias[3]_i_5__0_n_0
    SLICE_X153Y135       LUT2 (Prop_lut2_I0_O)        0.328    12.766 r  datapath/video_inst/Inst_vga/vga_sig_gen/h_counter/dc_bias[2]_i_5/O
                         net (fo=2, routed)           0.276    13.041    datapath/video_inst/Inst_vga/vga_sig_gen/h_counter/dc_bias[2]_i_5_n_0
    SLICE_X153Y135       LUT6 (Prop_lut6_I1_O)        0.124    13.165 f  datapath/video_inst/Inst_vga/vga_sig_gen/h_counter/dc_bias[1]_i_2/O
                         net (fo=4, routed)           0.625    13.790    datapath/video_inst/inst_dvid/TDMS_encoder_green/dc_bias_reg[1]_0
    SLICE_X154Y135       LUT2 (Prop_lut2_I1_O)        0.124    13.914 f  datapath/video_inst/inst_dvid/TDMS_encoder_green/dc_bias[3]_i_5/O
                         net (fo=1, routed)           0.680    14.594    datapath/video_inst/inst_dvid/TDMS_encoder_green/dc_bias[3]_i_5_n_0
    SLICE_X154Y135       LUT6 (Prop_lut6_I3_O)        0.124    14.718 r  datapath/video_inst/inst_dvid/TDMS_encoder_green/dc_bias[3]_i_1__1/O
                         net (fo=1, routed)           0.000    14.718    datapath/video_inst/inst_dvid/TDMS_encoder_green/dc_bias[3]_i_1__1_n_0
    SLICE_X154Y135       FDRE                                         r  datapath/video_inst/inst_dvid/TDMS_encoder_green/dc_bias_reg[3]/D
  -------------------------------------------------------------------    -------------------

                         (clock clk_out1_clk_wiz_0 rise edge)
                                                     40.000    40.000 r  
    BUFGCTRL_X0Y2        BUFG                         0.000    40.000 r  clk_IBUF_BUFG_inst/O
                         net (fo=302, routed)         1.972    41.972    datapath/video_inst/mmcm_adv_inst_display_clocks/inst/clk_in1
    MMCME2_ADV_X1Y0      MMCME2_ADV (Prop_mmcme2_adv_CLKIN1_CLKOUT0)
                                                     -4.637    37.335 r  datapath/video_inst/mmcm_adv_inst_display_clocks/inst/mmcm_adv_inst/CLKOUT0
                         net (fo=1, routed)           2.574    39.909    datapath/video_inst/mmcm_adv_inst_display_clocks/inst/clk_out1_clk_wiz_0
    BUFGCTRL_X0Y4        BUFG (Prop_bufg_I_O)         0.091    40.000 r  datapath/video_inst/mmcm_adv_inst_display_clocks/inst/clkout1_buf/O
                         net (fo=65, routed)          1.632    41.632    datapath/video_inst/inst_dvid/TDMS_encoder_green/CLK
    SLICE_X154Y135       FDRE                                         r  datapath/video_inst/inst_dvid/TDMS_encoder_green/dc_bias_reg[3]/C
                         clock pessimism              0.075    41.707    
                         clock uncertainty           -0.095    41.613    
    SLICE_X154Y135       FDRE (Setup_fdre_C_D)        0.077    41.690    datapath/video_inst/inst_dvid/TDMS_encoder_green/dc_bias_reg[3]
  -------------------------------------------------------------------
                         required time                         41.690    
                         arrival time                         -14.718    
  -------------------------------------------------------------------
                         slack                                 26.972    

Slack (MET) :             27.459ns  (required time - arrival time)
  Source:                 datapath/video_inst/Inst_vga/vga_sig_gen/h_counter/w_processQ_reg[2]/C
                            (rising edge-triggered cell FDRE clocked by clk_out1_clk_wiz_0  {rise@0.000ns fall@20.000ns period=40.000ns})
  Destination:            datapath/video_inst/inst_dvid/TDMS_encoder_green/encoded_reg[8]/D
                            (rising edge-triggered cell FDRE clocked by clk_out1_clk_wiz_0  {rise@0.000ns fall@20.000ns period=40.000ns})
  Path Group:             clk_out1_clk_wiz_0
  Path Type:              Setup (Max at Slow Process Corner)
  Requirement:            40.000ns  (clk_out1_clk_wiz_0 rise@40.000ns - clk_out1_clk_wiz_0 rise@0.000ns)
  Data Path Delay:        12.515ns  (logic 3.467ns (27.702%)  route 9.048ns (72.298%))
  Logic Levels:           11  (CARRY4=2 LUT2=2 LUT3=1 LUT4=2 LUT5=2 LUT6=2)
  Clock Path Skew:        0.038ns (DCD - SCD + CPR)
    Destination Clock Delay (DCD):    1.708ns = ( 41.708 - 40.000 ) 
    Source Clock Delay      (SCD):    1.745ns
    Clock Pessimism Removal (CPR):    0.075ns
  Clock Uncertainty:      0.095ns  ((TSJ^2 + DJ^2)^1/2) / 2 + PE
    Total System Jitter     (TSJ):    0.071ns
    Discrete Jitter          (DJ):    0.175ns
    Phase Error              (PE):    0.000ns

    Location             Delay type                Incr(ns)  Path(ns)    Netlist Resource(s)
  -------------------------------------------------------------------    -------------------
                         (clock clk_out1_clk_wiz_0 rise edge)
                                                      0.000     0.000 r  
    BUFGCTRL_X0Y2        BUFG                         0.000     0.000 r  clk_IBUF_BUFG_inst/O
                         net (fo=302, routed)         2.106     2.106    datapath/video_inst/mmcm_adv_inst_display_clocks/inst/clk_in1
    MMCME2_ADV_X1Y0      MMCME2_ADV (Prop_mmcme2_adv_CLKIN1_CLKOUT0)
                                                     -4.900    -2.793 r  datapath/video_inst/mmcm_adv_inst_display_clocks/inst/mmcm_adv_inst/CLKOUT0
                         net (fo=1, routed)           2.697    -0.096    datapath/video_inst/mmcm_adv_inst_display_clocks/inst/clk_out1_clk_wiz_0
    BUFGCTRL_X0Y4        BUFG (Prop_bufg_I_O)         0.096    -0.000 r  datapath/video_inst/mmcm_adv_inst_display_clocks/inst/clkout1_buf/O
                         net (fo=65, routed)          1.745     1.745    datapath/video_inst/Inst_vga/vga_sig_gen/h_counter/CLK
    SLICE_X149Y131       FDRE                                         r  datapath/video_inst/Inst_vga/vga_sig_gen/h_counter/w_processQ_reg[2]/C
  -------------------------------------------------------------------    -------------------
    SLICE_X149Y131       FDRE (Prop_fdre_C_Q)         0.419     2.164 f  datapath/video_inst/Inst_vga/vga_sig_gen/h_counter/w_processQ_reg[2]/Q
                         net (fo=49, routed)          2.348     4.512    datapath/video_inst/Inst_vga/vga_sig_gen/h_counter/Q[2]
    SLICE_X157Y137       LUT4 (Prop_lut4_I2_O)        0.327     4.839 f  datapath/video_inst/Inst_vga/vga_sig_gen/h_counter/is_trigger_volt4_carry__0_i_12/O
                         net (fo=13, routed)          1.110     5.950    datapath/video_inst/Inst_vga/vga_sig_gen/h_counter/is_trigger_volt4_carry__0_i_12_n_0
    SLICE_X152Y133       LUT6 (Prop_lut6_I4_O)        0.332     6.282 r  datapath/video_inst/Inst_vga/vga_sig_gen/h_counter/is_trigger_volt4_carry__0_i_13/O
                         net (fo=2, routed)           0.818     7.100    datapath/stepper_volt/is_trigger_volt4_carry__0_i_6_0
    SLICE_X156Y134       LUT2 (Prop_lut2_I1_O)        0.124     7.224 r  datapath/stepper_volt/Inst_vga/colormap/is_trigger_volt4_carry__0_i_9/O
                         net (fo=1, routed)           0.000     7.224    datapath/stepper_volt/Inst_vga/colormap/is_trigger_volt4_carry__0_i_9_n_0
    SLICE_X156Y134       CARRY4 (Prop_carry4_S[2]_O[3])
                                                      0.352     7.576 f  datapath/stepper_volt/is_trigger_volt4_carry__0_i_6/O[3]
                         net (fo=1, routed)           0.644     8.220    datapath/stepper_volt/video_inst/Inst_vga/is_trigger_volt5[11]
    SLICE_X157Y135       LUT2 (Prop_lut2_I0_O)        0.306     8.526 r  datapath/stepper_volt/is_trigger_volt4_carry__0_i_4/O
                         net (fo=1, routed)           0.000     8.526    datapath/video_inst/Inst_vga/colormap/dc_bias[2]_i_8_0[1]
    SLICE_X157Y135       CARRY4 (Prop_carry4_S[1]_CO[2])
                                                      0.570     9.096 f  datapath/video_inst/Inst_vga/colormap/is_trigger_volt4_carry__0/CO[2]
                         net (fo=1, routed)           0.675     9.772    datapath/video_inst/Inst_vga/vga_sig_gen/h_counter/dc_bias[2]_i_4_1[0]
    SLICE_X152Y134       LUT5 (Prop_lut5_I3_O)        0.313    10.085 r  datapath/video_inst/Inst_vga/vga_sig_gen/h_counter/dc_bias[2]_i_8/O
                         net (fo=1, routed)           0.663    10.748    datapath/video_inst/Inst_vga/vga_sig_gen/h_counter/dc_bias[2]_i_8_n_0
    SLICE_X152Y134       LUT6 (Prop_lut6_I1_O)        0.124    10.872 f  datapath/video_inst/Inst_vga/vga_sig_gen/h_counter/dc_bias[2]_i_4/O
                         net (fo=4, routed)           0.691    11.563    datapath/video_inst/Inst_vga/vga_sig_gen/h_counter/w_processQ_reg[0]_0
    SLICE_X152Y135       LUT3 (Prop_lut3_I2_O)        0.148    11.711 r  datapath/video_inst/Inst_vga/vga_sig_gen/h_counter/dc_bias[3]_i_5__0/O
                         net (fo=4, routed)           0.691    12.402    datapath/video_inst/Inst_vga/vga_sig_gen/h_counter/dc_bias[3]_i_5__0_n_0
    SLICE_X153Y135       LUT5 (Prop_lut5_I1_O)        0.328    12.730 f  datapath/video_inst/Inst_vga/vga_sig_gen/h_counter/dc_bias[3]_i_3/O
                         net (fo=14, routed)          1.407    14.137    datapath/video_inst/Inst_vga/vga_sig_gen/h_counter/w_processQ_reg[6]_0
    SLICE_X156Y138       LUT4 (Prop_lut4_I2_O)        0.124    14.261 r  datapath/video_inst/Inst_vga/vga_sig_gen/h_counter/TDMS_encoder_green/encoded[8]_i_1/O
                         net (fo=1, routed)           0.000    14.261    datapath/video_inst/inst_dvid/TDMS_encoder_green/encoded_reg[8]_0
    SLICE_X156Y138       FDRE                                         r  datapath/video_inst/inst_dvid/TDMS_encoder_green/encoded_reg[8]/D
  -------------------------------------------------------------------    -------------------

                         (clock clk_out1_clk_wiz_0 rise edge)
                                                     40.000    40.000 r  
    BUFGCTRL_X0Y2        BUFG                         0.000    40.000 r  clk_IBUF_BUFG_inst/O
                         net (fo=302, routed)         1.972    41.972    datapath/video_inst/mmcm_adv_inst_display_clocks/inst/clk_in1
    MMCME2_ADV_X1Y0      MMCME2_ADV (Prop_mmcme2_adv_CLKIN1_CLKOUT0)
                                                     -4.637    37.335 r  datapath/video_inst/mmcm_adv_inst_display_clocks/inst/mmcm_adv_inst/CLKOUT0
                         net (fo=1, routed)           2.574    39.909    datapath/video_inst/mmcm_adv_inst_display_clocks/inst/clk_out1_clk_wiz_0
    BUFGCTRL_X0Y4        BUFG (Prop_bufg_I_O)         0.091    40.000 r  datapath/video_inst/mmcm_adv_inst_display_clocks/inst/clkout1_buf/O
                         net (fo=65, routed)          1.708    41.708    datapath/video_inst/inst_dvid/TDMS_encoder_green/CLK
    SLICE_X156Y138       FDRE                                         r  datapath/video_inst/inst_dvid/TDMS_encoder_green/encoded_reg[8]/C
                         clock pessimism              0.075    41.783    
                         clock uncertainty           -0.095    41.689    
    SLICE_X156Y138       FDRE (Setup_fdre_C_D)        0.031    41.720    datapath/video_inst/inst_dvid/TDMS_encoder_green/encoded_reg[8]
  -------------------------------------------------------------------
                         required time                         41.720    
                         arrival time                         -14.261    
  -------------------------------------------------------------------
                         slack                                 27.459    

Slack (MET) :             27.473ns  (required time - arrival time)
  Source:                 datapath/video_inst/Inst_vga/vga_sig_gen/h_counter/w_processQ_reg[2]/C
                            (rising edge-triggered cell FDRE clocked by clk_out1_clk_wiz_0  {rise@0.000ns fall@20.000ns period=40.000ns})
  Destination:            datapath/video_inst/inst_dvid/TDMS_encoder_red/encoded_reg[8]/D
                            (rising edge-triggered cell FDRE clocked by clk_out1_clk_wiz_0  {rise@0.000ns fall@20.000ns period=40.000ns})
  Path Group:             clk_out1_clk_wiz_0
  Path Type:              Setup (Max at Slow Process Corner)
  Requirement:            40.000ns  (clk_out1_clk_wiz_0 rise@40.000ns - clk_out1_clk_wiz_0 rise@0.000ns)
  Data Path Delay:        12.545ns  (logic 3.497ns (27.875%)  route 9.048ns (72.125%))
  Logic Levels:           11  (CARRY4=2 LUT2=3 LUT3=1 LUT4=1 LUT5=2 LUT6=2)
  Clock Path Skew:        0.038ns (DCD - SCD + CPR)
    Destination Clock Delay (DCD):    1.708ns = ( 41.708 - 40.000 ) 
    Source Clock Delay      (SCD):    1.745ns
    Clock Pessimism Removal (CPR):    0.075ns
  Clock Uncertainty:      0.095ns  ((TSJ^2 + DJ^2)^1/2) / 2 + PE
    Total System Jitter     (TSJ):    0.071ns
    Discrete Jitter          (DJ):    0.175ns
    Phase Error              (PE):    0.000ns

    Location             Delay type                Incr(ns)  Path(ns)    Netlist Resource(s)
  -------------------------------------------------------------------    -------------------
                         (clock clk_out1_clk_wiz_0 rise edge)
                                                      0.000     0.000 r  
    BUFGCTRL_X0Y2        BUFG                         0.000     0.000 r  clk_IBUF_BUFG_inst/O
                         net (fo=302, routed)         2.106     2.106    datapath/video_inst/mmcm_adv_inst_display_clocks/inst/clk_in1
    MMCME2_ADV_X1Y0      MMCME2_ADV (Prop_mmcme2_adv_CLKIN1_CLKOUT0)
                                                     -4.900    -2.793 r  datapath/video_inst/mmcm_adv_inst_display_clocks/inst/mmcm_adv_inst/CLKOUT0
                         net (fo=1, routed)           2.697    -0.096    datapath/video_inst/mmcm_adv_inst_display_clocks/inst/clk_out1_clk_wiz_0
    BUFGCTRL_X0Y4        BUFG (Prop_bufg_I_O)         0.096    -0.000 r  datapath/video_inst/mmcm_adv_inst_display_clocks/inst/clkout1_buf/O
                         net (fo=65, routed)          1.745     1.745    datapath/video_inst/Inst_vga/vga_sig_gen/h_counter/CLK
    SLICE_X149Y131       FDRE                                         r  datapath/video_inst/Inst_vga/vga_sig_gen/h_counter/w_processQ_reg[2]/C
  -------------------------------------------------------------------    -------------------
    SLICE_X149Y131       FDRE (Prop_fdre_C_Q)         0.419     2.164 f  datapath/video_inst/Inst_vga/vga_sig_gen/h_counter/w_processQ_reg[2]/Q
                         net (fo=49, routed)          2.348     4.512    datapath/video_inst/Inst_vga/vga_sig_gen/h_counter/Q[2]
    SLICE_X157Y137       LUT4 (Prop_lut4_I2_O)        0.327     4.839 f  datapath/video_inst/Inst_vga/vga_sig_gen/h_counter/is_trigger_volt4_carry__0_i_12/O
                         net (fo=13, routed)          1.110     5.950    datapath/video_inst/Inst_vga/vga_sig_gen/h_counter/is_trigger_volt4_carry__0_i_12_n_0
    SLICE_X152Y133       LUT6 (Prop_lut6_I4_O)        0.332     6.282 r  datapath/video_inst/Inst_vga/vga_sig_gen/h_counter/is_trigger_volt4_carry__0_i_13/O
                         net (fo=2, routed)           0.818     7.100    datapath/stepper_volt/is_trigger_volt4_carry__0_i_6_0
    SLICE_X156Y134       LUT2 (Prop_lut2_I1_O)        0.124     7.224 r  datapath/stepper_volt/Inst_vga/colormap/is_trigger_volt4_carry__0_i_9/O
                         net (fo=1, routed)           0.000     7.224    datapath/stepper_volt/Inst_vga/colormap/is_trigger_volt4_carry__0_i_9_n_0
    SLICE_X156Y134       CARRY4 (Prop_carry4_S[2]_O[3])
                                                      0.352     7.576 f  datapath/stepper_volt/is_trigger_volt4_carry__0_i_6/O[3]
                         net (fo=1, routed)           0.644     8.220    datapath/stepper_volt/video_inst/Inst_vga/is_trigger_volt5[11]
    SLICE_X157Y135       LUT2 (Prop_lut2_I0_O)        0.306     8.526 r  datapath/stepper_volt/is_trigger_volt4_carry__0_i_4/O
                         net (fo=1, routed)           0.000     8.526    datapath/video_inst/Inst_vga/colormap/dc_bias[2]_i_8_0[1]
    SLICE_X157Y135       CARRY4 (Prop_carry4_S[1]_CO[2])
                                                      0.570     9.096 f  datapath/video_inst/Inst_vga/colormap/is_trigger_volt4_carry__0/CO[2]
                         net (fo=1, routed)           0.675     9.772    datapath/video_inst/Inst_vga/vga_sig_gen/h_counter/dc_bias[2]_i_4_1[0]
    SLICE_X152Y134       LUT5 (Prop_lut5_I3_O)        0.313    10.085 r  datapath/video_inst/Inst_vga/vga_sig_gen/h_counter/dc_bias[2]_i_8/O
                         net (fo=1, routed)           0.663    10.748    datapath/video_inst/Inst_vga/vga_sig_gen/h_counter/dc_bias[2]_i_8_n_0
    SLICE_X152Y134       LUT6 (Prop_lut6_I1_O)        0.124    10.872 f  datapath/video_inst/Inst_vga/vga_sig_gen/h_counter/dc_bias[2]_i_4/O
                         net (fo=4, routed)           0.691    11.563    datapath/video_inst/Inst_vga/vga_sig_gen/h_counter/w_processQ_reg[0]_0
    SLICE_X152Y135       LUT3 (Prop_lut3_I2_O)        0.148    11.711 r  datapath/video_inst/Inst_vga/vga_sig_gen/h_counter/dc_bias[3]_i_5__0/O
                         net (fo=4, routed)           0.691    12.402    datapath/video_inst/Inst_vga/vga_sig_gen/h_counter/dc_bias[3]_i_5__0_n_0
    SLICE_X153Y135       LUT5 (Prop_lut5_I1_O)        0.328    12.730 f  datapath/video_inst/Inst_vga/vga_sig_gen/h_counter/dc_bias[3]_i_3/O
                         net (fo=14, routed)          1.407    14.137    datapath/video_inst/Inst_vga/vga_sig_gen/h_counter/w_processQ_reg[6]_0
    SLICE_X156Y138       LUT2 (Prop_lut2_I1_O)        0.154    14.291 r  datapath/video_inst/Inst_vga/vga_sig_gen/h_counter/TDMS_encoder_red/encoded[8]_i_1/O
                         net (fo=1, routed)           0.000    14.291    datapath/video_inst/inst_dvid/TDMS_encoder_red/encoded_reg[8]_0
    SLICE_X156Y138       FDRE                                         r  datapath/video_inst/inst_dvid/TDMS_encoder_red/encoded_reg[8]/D
  -------------------------------------------------------------------    -------------------

                         (clock clk_out1_clk_wiz_0 rise edge)
                                                     40.000    40.000 r  
    BUFGCTRL_X0Y2        BUFG                         0.000    40.000 r  clk_IBUF_BUFG_inst/O
                         net (fo=302, routed)         1.972    41.972    datapath/video_inst/mmcm_adv_inst_display_clocks/inst/clk_in1
    MMCME2_ADV_X1Y0      MMCME2_ADV (Prop_mmcme2_adv_CLKIN1_CLKOUT0)
                                                     -4.637    37.335 r  datapath/video_inst/mmcm_adv_inst_display_clocks/inst/mmcm_adv_inst/CLKOUT0
                         net (fo=1, routed)           2.574    39.909    datapath/video_inst/mmcm_adv_inst_display_clocks/inst/clk_out1_clk_wiz_0
    BUFGCTRL_X0Y4        BUFG (Prop_bufg_I_O)         0.091    40.000 r  datapath/video_inst/mmcm_adv_inst_display_clocks/inst/clkout1_buf/O
                         net (fo=65, routed)          1.708    41.708    datapath/video_inst/inst_dvid/TDMS_encoder_red/CLK
    SLICE_X156Y138       FDRE                                         r  datapath/video_inst/inst_dvid/TDMS_encoder_red/encoded_reg[8]/C
                         clock pessimism              0.075    41.783    
                         clock uncertainty           -0.095    41.689    
    SLICE_X156Y138       FDRE (Setup_fdre_C_D)        0.075    41.764    datapath/video_inst/inst_dvid/TDMS_encoder_red/encoded_reg[8]
  -------------------------------------------------------------------
                         required time                         41.764    
                         arrival time                         -14.291    
  -------------------------------------------------------------------
                         slack                                 27.473    

Slack (MET) :             27.572ns  (required time - arrival time)
  Source:                 datapath/video_inst/Inst_vga/vga_sig_gen/h_counter/w_processQ_reg[2]/C
                            (rising edge-triggered cell FDRE clocked by clk_out1_clk_wiz_0  {rise@0.000ns fall@20.000ns period=40.000ns})
  Destination:            datapath/video_inst/inst_dvid/TDMS_encoder_blue/encoded_reg[9]/D
                            (rising edge-triggered cell FDRE clocked by clk_out1_clk_wiz_0  {rise@0.000ns fall@20.000ns period=40.000ns})
  Path Group:             clk_out1_clk_wiz_0
  Path Type:              Setup (Max at Slow Process Corner)
  Requirement:            40.000ns  (clk_out1_clk_wiz_0 rise@40.000ns - clk_out1_clk_wiz_0 rise@0.000ns)
  Data Path Delay:        12.400ns  (logic 3.591ns (28.960%)  route 8.809ns (71.040%))
  Logic Levels:           12  (CARRY4=2 LUT2=3 LUT3=1 LUT4=1 LUT5=2 LUT6=3)
  Clock Path Skew:        0.037ns (DCD - SCD + CPR)
    Destination Clock Delay (DCD):    1.707ns = ( 41.707 - 40.000 ) 
    Source Clock Delay      (SCD):    1.745ns
    Clock Pessimism Removal (CPR):    0.075ns
  Clock Uncertainty:      0.095ns  ((TSJ^2 + DJ^2)^1/2) / 2 + PE
    Total System Jitter     (TSJ):    0.071ns
    Discrete Jitter          (DJ):    0.175ns
    Phase Error              (PE):    0.000ns

    Location             Delay type                Incr(ns)  Path(ns)    Netlist Resource(s)
  -------------------------------------------------------------------    -------------------
                         (clock clk_out1_clk_wiz_0 rise edge)
                                                      0.000     0.000 r  
    BUFGCTRL_X0Y2        BUFG                         0.000     0.000 r  clk_IBUF_BUFG_inst/O
                         net (fo=302, routed)         2.106     2.106    datapath/video_inst/mmcm_adv_inst_display_clocks/inst/clk_in1
    MMCME2_ADV_X1Y0      MMCME2_ADV (Prop_mmcme2_adv_CLKIN1_CLKOUT0)
                                                     -4.900    -2.793 r  datapath/video_inst/mmcm_adv_inst_display_clocks/inst/mmcm_adv_inst/CLKOUT0
                         net (fo=1, routed)           2.697    -0.096    datapath/video_inst/mmcm_adv_inst_display_clocks/inst/clk_out1_clk_wiz_0
    BUFGCTRL_X0Y4        BUFG (Prop_bufg_I_O)         0.096    -0.000 r  datapath/video_inst/mmcm_adv_inst_display_clocks/inst/clkout1_buf/O
                         net (fo=65, routed)          1.745     1.745    datapath/video_inst/Inst_vga/vga_sig_gen/h_counter/CLK
    SLICE_X149Y131       FDRE                                         r  datapath/video_inst/Inst_vga/vga_sig_gen/h_counter/w_processQ_reg[2]/C
  -------------------------------------------------------------------    -------------------
    SLICE_X149Y131       FDRE (Prop_fdre_C_Q)         0.419     2.164 f  datapath/video_inst/Inst_vga/vga_sig_gen/h_counter/w_processQ_reg[2]/Q
                         net (fo=49, routed)          2.348     4.512    datapath/video_inst/Inst_vga/vga_sig_gen/h_counter/Q[2]
    SLICE_X157Y137       LUT4 (Prop_lut4_I2_O)        0.327     4.839 f  datapath/video_inst/Inst_vga/vga_sig_gen/h_counter/is_trigger_volt4_carry__0_i_12/O
                         net (fo=13, routed)          1.110     5.950    datapath/video_inst/Inst_vga/vga_sig_gen/h_counter/is_trigger_volt4_carry__0_i_12_n_0
    SLICE_X152Y133       LUT6 (Prop_lut6_I4_O)        0.332     6.282 r  datapath/video_inst/Inst_vga/vga_sig_gen/h_counter/is_trigger_volt4_carry__0_i_13/O
                         net (fo=2, routed)           0.818     7.100    datapath/stepper_volt/is_trigger_volt4_carry__0_i_6_0
    SLICE_X156Y134       LUT2 (Prop_lut2_I1_O)        0.124     7.224 r  datapath/stepper_volt/Inst_vga/colormap/is_trigger_volt4_carry__0_i_9/O
                         net (fo=1, routed)           0.000     7.224    datapath/stepper_volt/Inst_vga/colormap/is_trigger_volt4_carry__0_i_9_n_0
    SLICE_X156Y134       CARRY4 (Prop_carry4_S[2]_O[3])
                                                      0.352     7.576 f  datapath/stepper_volt/is_trigger_volt4_carry__0_i_6/O[3]
                         net (fo=1, routed)           0.644     8.220    datapath/stepper_volt/video_inst/Inst_vga/is_trigger_volt5[11]
    SLICE_X157Y135       LUT2 (Prop_lut2_I0_O)        0.306     8.526 r  datapath/stepper_volt/is_trigger_volt4_carry__0_i_4/O
                         net (fo=1, routed)           0.000     8.526    datapath/video_inst/Inst_vga/colormap/dc_bias[2]_i_8_0[1]
    SLICE_X157Y135       CARRY4 (Prop_carry4_S[1]_CO[2])
                                                      0.570     9.096 r  datapath/video_inst/Inst_vga/colormap/is_trigger_volt4_carry__0/CO[2]
                         net (fo=1, routed)           0.675     9.772    datapath/video_inst/Inst_vga/vga_sig_gen/h_counter/dc_bias[2]_i_4_1[0]
    SLICE_X152Y134       LUT5 (Prop_lut5_I3_O)        0.313    10.085 f  datapath/video_inst/Inst_vga/vga_sig_gen/h_counter/dc_bias[2]_i_8/O
                         net (fo=1, routed)           0.663    10.748    datapath/video_inst/Inst_vga/vga_sig_gen/h_counter/dc_bias[2]_i_8_n_0
    SLICE_X152Y134       LUT6 (Prop_lut6_I1_O)        0.124    10.872 r  datapath/video_inst/Inst_vga/vga_sig_gen/h_counter/dc_bias[2]_i_4/O
                         net (fo=4, routed)           0.691    11.563    datapath/video_inst/Inst_vga/vga_sig_gen/h_counter/w_processQ_reg[0]_0
    SLICE_X152Y135       LUT3 (Prop_lut3_I2_O)        0.148    11.711 f  datapath/video_inst/Inst_vga/vga_sig_gen/h_counter/dc_bias[3]_i_5__0/O
                         net (fo=4, routed)           0.691    12.402    datapath/video_inst/Inst_vga/vga_sig_gen/h_counter/dc_bias[3]_i_5__0_n_0
    SLICE_X153Y135       LUT5 (Prop_lut5_I1_O)        0.328    12.730 r  datapath/video_inst/Inst_vga/vga_sig_gen/h_counter/dc_bias[3]_i_3/O
                         net (fo=14, routed)          0.863    13.593    datapath/video_inst/inst_dvid/TDMS_encoder_blue/dc_bias_reg[3]_2
    SLICE_X156Y137       LUT2 (Prop_lut2_I1_O)        0.124    13.717 f  datapath/video_inst/inst_dvid/TDMS_encoder_blue/dc_bias[0]_i_2/O
                         net (fo=2, routed)           0.305    14.021    datapath/video_inst/Inst_vga/vga_sig_gen/h_counter/encoded_reg[9]
    SLICE_X157Y137       LUT6 (Prop_lut6_I0_O)        0.124    14.145 r  datapath/video_inst/Inst_vga/vga_sig_gen/h_counter/TDMS_encoder_blue/encoded[9]_i_1/O
                         net (fo=1, routed)           0.000    14.145    datapath/video_inst/inst_dvid/TDMS_encoder_blue/encoded_reg[9]_0
    SLICE_X157Y137       FDRE                                         r  datapath/video_inst/inst_dvid/TDMS_encoder_blue/encoded_reg[9]/D
  -------------------------------------------------------------------    -------------------

                         (clock clk_out1_clk_wiz_0 rise edge)
                                                     40.000    40.000 r  
    BUFGCTRL_X0Y2        BUFG                         0.000    40.000 r  clk_IBUF_BUFG_inst/O
                         net (fo=302, routed)         1.972    41.972    datapath/video_inst/mmcm_adv_inst_display_clocks/inst/clk_in1
    MMCME2_ADV_X1Y0      MMCME2_ADV (Prop_mmcme2_adv_CLKIN1_CLKOUT0)
                                                     -4.637    37.335 r  datapath/video_inst/mmcm_adv_inst_display_clocks/inst/mmcm_adv_inst/CLKOUT0
                         net (fo=1, routed)           2.574    39.909    datapath/video_inst/mmcm_adv_inst_display_clocks/inst/clk_out1_clk_wiz_0
    BUFGCTRL_X0Y4        BUFG (Prop_bufg_I_O)         0.091    40.000 r  datapath/video_inst/mmcm_adv_inst_display_clocks/inst/clkout1_buf/O
                         net (fo=65, routed)          1.707    41.707    datapath/video_inst/inst_dvid/TDMS_encoder_blue/CLK
    SLICE_X157Y137       FDRE                                         r  datapath/video_inst/inst_dvid/TDMS_encoder_blue/encoded_reg[9]/C
                         clock pessimism              0.075    41.782    
                         clock uncertainty           -0.095    41.688    
    SLICE_X157Y137       FDRE (Setup_fdre_C_D)        0.029    41.717    datapath/video_inst/inst_dvid/TDMS_encoder_blue/encoded_reg[9]
  -------------------------------------------------------------------
                         required time                         41.717    
                         arrival time                         -14.145    
  -------------------------------------------------------------------
                         slack                                 27.572    

Slack (MET) :             27.588ns  (required time - arrival time)
  Source:                 datapath/video_inst/Inst_vga/vga_sig_gen/h_counter/w_processQ_reg[2]/C
                            (rising edge-triggered cell FDRE clocked by clk_out1_clk_wiz_0  {rise@0.000ns fall@20.000ns period=40.000ns})
  Destination:            datapath/video_inst/inst_dvid/TDMS_encoder_blue/dc_bias_reg[0]/D
                            (rising edge-triggered cell FDRE clocked by clk_out1_clk_wiz_0  {rise@0.000ns fall@20.000ns period=40.000ns})
  Path Group:             clk_out1_clk_wiz_0
  Path Type:              Setup (Max at Slow Process Corner)
  Requirement:            40.000ns  (clk_out1_clk_wiz_0 rise@40.000ns - clk_out1_clk_wiz_0 rise@0.000ns)
  Data Path Delay:        12.386ns  (logic 3.591ns (28.993%)  route 8.795ns (71.007%))
  Logic Levels:           12  (CARRY4=2 LUT2=3 LUT3=1 LUT4=1 LUT5=2 LUT6=3)
  Clock Path Skew:        0.037ns (DCD - SCD + CPR)
    Destination Clock Delay (DCD):    1.707ns = ( 41.707 - 40.000 ) 
    Source Clock Delay      (SCD):    1.745ns
    Clock Pessimism Removal (CPR):    0.075ns
  Clock Uncertainty:      0.095ns  ((TSJ^2 + DJ^2)^1/2) / 2 + PE
    Total System Jitter     (TSJ):    0.071ns
    Discrete Jitter          (DJ):    0.175ns
    Phase Error              (PE):    0.000ns

    Location             Delay type                Incr(ns)  Path(ns)    Netlist Resource(s)
  -------------------------------------------------------------------    -------------------
                         (clock clk_out1_clk_wiz_0 rise edge)
                                                      0.000     0.000 r  
    BUFGCTRL_X0Y2        BUFG                         0.000     0.000 r  clk_IBUF_BUFG_inst/O
                         net (fo=302, routed)         2.106     2.106    datapath/video_inst/mmcm_adv_inst_display_clocks/inst/clk_in1
    MMCME2_ADV_X1Y0      MMCME2_ADV (Prop_mmcme2_adv_CLKIN1_CLKOUT0)
                                                     -4.900    -2.793 r  datapath/video_inst/mmcm_adv_inst_display_clocks/inst/mmcm_adv_inst/CLKOUT0
                         net (fo=1, routed)           2.697    -0.096    datapath/video_inst/mmcm_adv_inst_display_clocks/inst/clk_out1_clk_wiz_0
    BUFGCTRL_X0Y4        BUFG (Prop_bufg_I_O)         0.096    -0.000 r  datapath/video_inst/mmcm_adv_inst_display_clocks/inst/clkout1_buf/O
                         net (fo=65, routed)          1.745     1.745    datapath/video_inst/Inst_vga/vga_sig_gen/h_counter/CLK
    SLICE_X149Y131       FDRE                                         r  datapath/video_inst/Inst_vga/vga_sig_gen/h_counter/w_processQ_reg[2]/C
  -------------------------------------------------------------------    -------------------
    SLICE_X149Y131       FDRE (Prop_fdre_C_Q)         0.419     2.164 f  datapath/video_inst/Inst_vga/vga_sig_gen/h_counter/w_processQ_reg[2]/Q
                         net (fo=49, routed)          2.348     4.512    datapath/video_inst/Inst_vga/vga_sig_gen/h_counter/Q[2]
    SLICE_X157Y137       LUT4 (Prop_lut4_I2_O)        0.327     4.839 f  datapath/video_inst/Inst_vga/vga_sig_gen/h_counter/is_trigger_volt4_carry__0_i_12/O
                         net (fo=13, routed)          1.110     5.950    datapath/video_inst/Inst_vga/vga_sig_gen/h_counter/is_trigger_volt4_carry__0_i_12_n_0
    SLICE_X152Y133       LUT6 (Prop_lut6_I4_O)        0.332     6.282 r  datapath/video_inst/Inst_vga/vga_sig_gen/h_counter/is_trigger_volt4_carry__0_i_13/O
                         net (fo=2, routed)           0.818     7.100    datapath/stepper_volt/is_trigger_volt4_carry__0_i_6_0
    SLICE_X156Y134       LUT2 (Prop_lut2_I1_O)        0.124     7.224 r  datapath/stepper_volt/Inst_vga/colormap/is_trigger_volt4_carry__0_i_9/O
                         net (fo=1, routed)           0.000     7.224    datapath/stepper_volt/Inst_vga/colormap/is_trigger_volt4_carry__0_i_9_n_0
    SLICE_X156Y134       CARRY4 (Prop_carry4_S[2]_O[3])
                                                      0.352     7.576 f  datapath/stepper_volt/is_trigger_volt4_carry__0_i_6/O[3]
                         net (fo=1, routed)           0.644     8.220    datapath/stepper_volt/video_inst/Inst_vga/is_trigger_volt5[11]
    SLICE_X157Y135       LUT2 (Prop_lut2_I0_O)        0.306     8.526 r  datapath/stepper_volt/is_trigger_volt4_carry__0_i_4/O
                         net (fo=1, routed)           0.000     8.526    datapath/video_inst/Inst_vga/colormap/dc_bias[2]_i_8_0[1]
    SLICE_X157Y135       CARRY4 (Prop_carry4_S[1]_CO[2])
                                                      0.570     9.096 r  datapath/video_inst/Inst_vga/colormap/is_trigger_volt4_carry__0/CO[2]
                         net (fo=1, routed)           0.675     9.772    datapath/video_inst/Inst_vga/vga_sig_gen/h_counter/dc_bias[2]_i_4_1[0]
    SLICE_X152Y134       LUT5 (Prop_lut5_I3_O)        0.313    10.085 f  datapath/video_inst/Inst_vga/vga_sig_gen/h_counter/dc_bias[2]_i_8/O
                         net (fo=1, routed)           0.663    10.748    datapath/video_inst/Inst_vga/vga_sig_gen/h_counter/dc_bias[2]_i_8_n_0
    SLICE_X152Y134       LUT6 (Prop_lut6_I1_O)        0.124    10.872 r  datapath/video_inst/Inst_vga/vga_sig_gen/h_counter/dc_bias[2]_i_4/O
                         net (fo=4, routed)           0.691    11.563    datapath/video_inst/Inst_vga/vga_sig_gen/h_counter/w_processQ_reg[0]_0
    SLICE_X152Y135       LUT3 (Prop_lut3_I2_O)        0.148    11.711 f  datapath/video_inst/Inst_vga/vga_sig_gen/h_counter/dc_bias[3]_i_5__0/O
                         net (fo=4, routed)           0.691    12.402    datapath/video_inst/Inst_vga/vga_sig_gen/h_counter/dc_bias[3]_i_5__0_n_0
    SLICE_X153Y135       LUT5 (Prop_lut5_I1_O)        0.328    12.730 r  datapath/video_inst/Inst_vga/vga_sig_gen/h_counter/dc_bias[3]_i_3/O
                         net (fo=14, routed)          0.863    13.593    datapath/video_inst/inst_dvid/TDMS_encoder_blue/dc_bias_reg[3]_2
    SLICE_X156Y137       LUT2 (Prop_lut2_I1_O)        0.124    13.717 r  datapath/video_inst/inst_dvid/TDMS_encoder_blue/dc_bias[0]_i_2/O
                         net (fo=2, routed)           0.290    14.007    datapath/video_inst/inst_dvid/TDMS_encoder_blue/dc_bias_reg[3]_0
    SLICE_X156Y137       LUT6 (Prop_lut6_I5_O)        0.124    14.131 r  datapath/video_inst/inst_dvid/TDMS_encoder_blue/dc_bias[0]_i_1/O
                         net (fo=1, routed)           0.000    14.131    datapath/video_inst/inst_dvid/TDMS_encoder_blue/dc_bias[0]_i_1_n_0
    SLICE_X156Y137       FDRE                                         r  datapath/video_inst/inst_dvid/TDMS_encoder_blue/dc_bias_reg[0]/D
  -------------------------------------------------------------------    -------------------

                         (clock clk_out1_clk_wiz_0 rise edge)
                                                     40.000    40.000 r  
    BUFGCTRL_X0Y2        BUFG                         0.000    40.000 r  clk_IBUF_BUFG_inst/O
                         net (fo=302, routed)         1.972    41.972    datapath/video_inst/mmcm_adv_inst_display_clocks/inst/clk_in1
    MMCME2_ADV_X1Y0      MMCME2_ADV (Prop_mmcme2_adv_CLKIN1_CLKOUT0)
                                                     -4.637    37.335 r  datapath/video_inst/mmcm_adv_inst_display_clocks/inst/mmcm_adv_inst/CLKOUT0
                         net (fo=1, routed)           2.574    39.909    datapath/video_inst/mmcm_adv_inst_display_clocks/inst/clk_out1_clk_wiz_0
    BUFGCTRL_X0Y4        BUFG (Prop_bufg_I_O)         0.091    40.000 r  datapath/video_inst/mmcm_adv_inst_display_clocks/inst/clkout1_buf/O
                         net (fo=65, routed)          1.707    41.707    datapath/video_inst/inst_dvid/TDMS_encoder_blue/CLK
    SLICE_X156Y137       FDRE                                         r  datapath/video_inst/inst_dvid/TDMS_encoder_blue/dc_bias_reg[0]/C
                         clock pessimism              0.075    41.782    
                         clock uncertainty           -0.095    41.688    
    SLICE_X156Y137       FDRE (Setup_fdre_C_D)        0.031    41.719    datapath/video_inst/inst_dvid/TDMS_encoder_blue/dc_bias_reg[0]
  -------------------------------------------------------------------
                         required time                         41.719    
                         arrival time                         -14.131    
  -------------------------------------------------------------------
                         slack                                 27.588    

Slack (MET) :             27.634ns  (required time - arrival time)
  Source:                 datapath/video_inst/Inst_vga/vga_sig_gen/h_counter/w_processQ_reg[2]/C
                            (rising edge-triggered cell FDRE clocked by clk_out1_clk_wiz_0  {rise@0.000ns fall@20.000ns period=40.000ns})
  Destination:            datapath/video_inst/inst_dvid/TDMS_encoder_red/encoded_reg[9]/D
                            (rising edge-triggered cell FDRE clocked by clk_out1_clk_wiz_0  {rise@0.000ns fall@20.000ns period=40.000ns})
  Path Group:             clk_out1_clk_wiz_0
  Path Type:              Setup (Max at Slow Process Corner)
  Requirement:            40.000ns  (clk_out1_clk_wiz_0 rise@40.000ns - clk_out1_clk_wiz_0 rise@0.000ns)
  Data Path Delay:        12.339ns  (logic 3.467ns (28.099%)  route 8.872ns (71.901%))
  Logic Levels:           11  (CARRY4=2 LUT2=2 LUT3=2 LUT4=1 LUT5=2 LUT6=2)
  Clock Path Skew:        0.038ns (DCD - SCD + CPR)
    Destination Clock Delay (DCD):    1.708ns = ( 41.708 - 40.000 ) 
    Source Clock Delay      (SCD):    1.745ns
    Clock Pessimism Removal (CPR):    0.075ns
  Clock Uncertainty:      0.095ns  ((TSJ^2 + DJ^2)^1/2) / 2 + PE
    Total System Jitter     (TSJ):    0.071ns
    Discrete Jitter          (DJ):    0.175ns
    Phase Error              (PE):    0.000ns

    Location             Delay type                Incr(ns)  Path(ns)    Netlist Resource(s)
  -------------------------------------------------------------------    -------------------
                         (clock clk_out1_clk_wiz_0 rise edge)
                                                      0.000     0.000 r  
    BUFGCTRL_X0Y2        BUFG                         0.000     0.000 r  clk_IBUF_BUFG_inst/O
                         net (fo=302, routed)         2.106     2.106    datapath/video_inst/mmcm_adv_inst_display_clocks/inst/clk_in1
    MMCME2_ADV_X1Y0      MMCME2_ADV (Prop_mmcme2_adv_CLKIN1_CLKOUT0)
                                                     -4.900    -2.793 r  datapath/video_inst/mmcm_adv_inst_display_clocks/inst/mmcm_adv_inst/CLKOUT0
                         net (fo=1, routed)           2.697    -0.096    datapath/video_inst/mmcm_adv_inst_display_clocks/inst/clk_out1_clk_wiz_0
    BUFGCTRL_X0Y4        BUFG (Prop_bufg_I_O)         0.096    -0.000 r  datapath/video_inst/mmcm_adv_inst_display_clocks/inst/clkout1_buf/O
                         net (fo=65, routed)          1.745     1.745    datapath/video_inst/Inst_vga/vga_sig_gen/h_counter/CLK
    SLICE_X149Y131       FDRE                                         r  datapath/video_inst/Inst_vga/vga_sig_gen/h_counter/w_processQ_reg[2]/C
  -------------------------------------------------------------------    -------------------
    SLICE_X149Y131       FDRE (Prop_fdre_C_Q)         0.419     2.164 f  datapath/video_inst/Inst_vga/vga_sig_gen/h_counter/w_processQ_reg[2]/Q
                         net (fo=49, routed)          2.348     4.512    datapath/video_inst/Inst_vga/vga_sig_gen/h_counter/Q[2]
    SLICE_X157Y137       LUT4 (Prop_lut4_I2_O)        0.327     4.839 f  datapath/video_inst/Inst_vga/vga_sig_gen/h_counter/is_trigger_volt4_carry__0_i_12/O
                         net (fo=13, routed)          1.110     5.950    datapath/video_inst/Inst_vga/vga_sig_gen/h_counter/is_trigger_volt4_carry__0_i_12_n_0
    SLICE_X152Y133       LUT6 (Prop_lut6_I4_O)        0.332     6.282 r  datapath/video_inst/Inst_vga/vga_sig_gen/h_counter/is_trigger_volt4_carry__0_i_13/O
                         net (fo=2, routed)           0.818     7.100    datapath/stepper_volt/is_trigger_volt4_carry__0_i_6_0
    SLICE_X156Y134       LUT2 (Prop_lut2_I1_O)        0.124     7.224 r  datapath/stepper_volt/Inst_vga/colormap/is_trigger_volt4_carry__0_i_9/O
                         net (fo=1, routed)           0.000     7.224    datapath/stepper_volt/Inst_vga/colormap/is_trigger_volt4_carry__0_i_9_n_0
    SLICE_X156Y134       CARRY4 (Prop_carry4_S[2]_O[3])
                                                      0.352     7.576 f  datapath/stepper_volt/is_trigger_volt4_carry__0_i_6/O[3]
                         net (fo=1, routed)           0.644     8.220    datapath/stepper_volt/video_inst/Inst_vga/is_trigger_volt5[11]
    SLICE_X157Y135       LUT2 (Prop_lut2_I0_O)        0.306     8.526 r  datapath/stepper_volt/is_trigger_volt4_carry__0_i_4/O
                         net (fo=1, routed)           0.000     8.526    datapath/video_inst/Inst_vga/colormap/dc_bias[2]_i_8_0[1]
    SLICE_X157Y135       CARRY4 (Prop_carry4_S[1]_CO[2])
                                                      0.570     9.096 r  datapath/video_inst/Inst_vga/colormap/is_trigger_volt4_carry__0/CO[2]
                         net (fo=1, routed)           0.675     9.772    datapath/video_inst/Inst_vga/vga_sig_gen/h_counter/dc_bias[2]_i_4_1[0]
    SLICE_X152Y134       LUT5 (Prop_lut5_I3_O)        0.313    10.085 f  datapath/video_inst/Inst_vga/vga_sig_gen/h_counter/dc_bias[2]_i_8/O
                         net (fo=1, routed)           0.663    10.748    datapath/video_inst/Inst_vga/vga_sig_gen/h_counter/dc_bias[2]_i_8_n_0
    SLICE_X152Y134       LUT6 (Prop_lut6_I1_O)        0.124    10.872 r  datapath/video_inst/Inst_vga/vga_sig_gen/h_counter/dc_bias[2]_i_4/O
                         net (fo=4, routed)           0.691    11.563    datapath/video_inst/Inst_vga/vga_sig_gen/h_counter/w_processQ_reg[0]_0
    SLICE_X152Y135       LUT3 (Prop_lut3_I2_O)        0.148    11.711 f  datapath/video_inst/Inst_vga/vga_sig_gen/h_counter/dc_bias[3]_i_5__0/O
                         net (fo=4, routed)           0.691    12.402    datapath/video_inst/Inst_vga/vga_sig_gen/h_counter/dc_bias[3]_i_5__0_n_0
    SLICE_X153Y135       LUT5 (Prop_lut5_I1_O)        0.328    12.730 r  datapath/video_inst/Inst_vga/vga_sig_gen/h_counter/dc_bias[3]_i_3/O
                         net (fo=14, routed)          1.230    13.960    datapath/video_inst/Inst_vga/vga_sig_gen/h_counter/w_processQ_reg[6]_0
    SLICE_X157Y138       LUT3 (Prop_lut3_I2_O)        0.124    14.084 r  datapath/video_inst/Inst_vga/vga_sig_gen/h_counter/TDMS_encoder_red/encoded[9]_i_1/O
                         net (fo=1, routed)           0.000    14.084    datapath/video_inst/inst_dvid/TDMS_encoder_red/encoded_reg[9]_0
    SLICE_X157Y138       FDRE                                         r  datapath/video_inst/inst_dvid/TDMS_encoder_red/encoded_reg[9]/D
  -------------------------------------------------------------------    -------------------

                         (clock clk_out1_clk_wiz_0 rise edge)
                                                     40.000    40.000 r  
    BUFGCTRL_X0Y2        BUFG                         0.000    40.000 r  clk_IBUF_BUFG_inst/O
                         net (fo=302, routed)         1.972    41.972    datapath/video_inst/mmcm_adv_inst_display_clocks/inst/clk_in1
    MMCME2_ADV_X1Y0      MMCME2_ADV (Prop_mmcme2_adv_CLKIN1_CLKOUT0)
                                                     -4.637    37.335 r  datapath/video_inst/mmcm_adv_inst_display_clocks/inst/mmcm_adv_inst/CLKOUT0
                         net (fo=1, routed)           2.574    39.909    datapath/video_inst/mmcm_adv_inst_display_clocks/inst/clk_out1_clk_wiz_0
    BUFGCTRL_X0Y4        BUFG (Prop_bufg_I_O)         0.091    40.000 r  datapath/video_inst/mmcm_adv_inst_display_clocks/inst/clkout1_buf/O
                         net (fo=65, routed)          1.708    41.708    datapath/video_inst/inst_dvid/TDMS_encoder_red/CLK
    SLICE_X157Y138       FDRE                                         r  datapath/video_inst/inst_dvid/TDMS_encoder_red/encoded_reg[9]/C
                         clock pessimism              0.075    41.783    
                         clock uncertainty           -0.095    41.689    
    SLICE_X157Y138       FDRE (Setup_fdre_C_D)        0.029    41.718    datapath/video_inst/inst_dvid/TDMS_encoder_red/encoded_reg[9]
  -------------------------------------------------------------------
                         required time                         41.718    
                         arrival time                         -14.084    
  -------------------------------------------------------------------
                         slack                                 27.634    

Slack (MET) :             27.763ns  (required time - arrival time)
  Source:                 datapath/video_inst/Inst_vga/vga_sig_gen/v_counter/w_processQ_reg[0]/C
                            (rising edge-triggered cell FDRE clocked by clk_out1_clk_wiz_0  {rise@0.000ns fall@20.000ns period=40.000ns})
  Destination:            datapath/video_inst/inst_dvid/TDMS_encoder_blue/encoded_reg[0]/D
                            (rising edge-triggered cell FDRE clocked by clk_out1_clk_wiz_0  {rise@0.000ns fall@20.000ns period=40.000ns})
  Path Group:             clk_out1_clk_wiz_0
  Path Type:              Setup (Max at Slow Process Corner)
  Requirement:            40.000ns  (clk_out1_clk_wiz_0 rise@40.000ns - clk_out1_clk_wiz_0 rise@0.000ns)
  Data Path Delay:        12.211ns  (logic 3.700ns (30.301%)  route 8.511ns (69.699%))
  Logic Levels:           13  (CARRY4=4 LUT2=3 LUT4=3 LUT6=3)
  Clock Path Skew:        0.039ns (DCD - SCD + CPR)
    Destination Clock Delay (DCD):    1.708ns = ( 41.708 - 40.000 ) 
    Source Clock Delay      (SCD):    1.744ns
    Clock Pessimism Removal (CPR):    0.075ns
  Clock Uncertainty:      0.095ns  ((TSJ^2 + DJ^2)^1/2) / 2 + PE
    Total System Jitter     (TSJ):    0.071ns
    Discrete Jitter          (DJ):    0.175ns
    Phase Error              (PE):    0.000ns

    Location             Delay type                Incr(ns)  Path(ns)    Netlist Resource(s)
  -------------------------------------------------------------------    -------------------
                         (clock clk_out1_clk_wiz_0 rise edge)
                                                      0.000     0.000 r  
    BUFGCTRL_X0Y2        BUFG                         0.000     0.000 r  clk_IBUF_BUFG_inst/O
                         net (fo=302, routed)         2.106     2.106    datapath/video_inst/mmcm_adv_inst_display_clocks/inst/clk_in1
    MMCME2_ADV_X1Y0      MMCME2_ADV (Prop_mmcme2_adv_CLKIN1_CLKOUT0)
                                                     -4.900    -2.793 r  datapath/video_inst/mmcm_adv_inst_display_clocks/inst/mmcm_adv_inst/CLKOUT0
                         net (fo=1, routed)           2.697    -0.096    datapath/video_inst/mmcm_adv_inst_display_clocks/inst/clk_out1_clk_wiz_0
    BUFGCTRL_X0Y4        BUFG (Prop_bufg_I_O)         0.096    -0.000 r  datapath/video_inst/mmcm_adv_inst_display_clocks/inst/clkout1_buf/O
                         net (fo=65, routed)          1.744     1.744    datapath/video_inst/Inst_vga/vga_sig_gen/v_counter/CLK
    SLICE_X150Y130       FDRE                                         r  datapath/video_inst/Inst_vga/vga_sig_gen/v_counter/w_processQ_reg[0]/C
  -------------------------------------------------------------------    -------------------
    SLICE_X150Y130       FDRE (Prop_fdre_C_Q)         0.518     2.262 r  datapath/video_inst/Inst_vga/vga_sig_gen/v_counter/w_processQ_reg[0]/Q
                         net (fo=27, routed)          2.188     4.450    datapath/video_inst/Inst_vga/vga_sig_gen/v_counter/Q[0]
    SLICE_X161Y130       LUT2 (Prop_lut2_I1_O)        0.124     4.574 r  datapath/video_inst/Inst_vga/vga_sig_gen/v_counter/is_horizontal_gridline6_carry_i_3/O
                         net (fo=1, routed)           0.000     4.574    datapath/video_inst/Inst_vga/colormap/is_horizontal_gridline6_carry__0_0[0]
    SLICE_X161Y130       CARRY4 (Prop_carry4_S[1]_CO[3])
                                                      0.550     5.124 r  datapath/video_inst/Inst_vga/colormap/is_horizontal_gridline6_carry/CO[3]
                         net (fo=1, routed)           0.000     5.124    datapath/video_inst/Inst_vga/colormap/is_horizontal_gridline6_carry_n_0
    SLICE_X161Y131       CARRY4 (Prop_carry4_CI_O[3])
                                                      0.313     5.437 r  datapath/video_inst/Inst_vga/colormap/is_horizontal_gridline6_carry__0/O[3]
                         net (fo=5, routed)           0.843     6.280    datapath/video_inst/Inst_vga/vga_sig_gen/v_counter/is_horizontal_gridline6__23_carry_0[0]
    SLICE_X162Y132       LUT2 (Prop_lut2_I1_O)        0.306     6.586 r  datapath/video_inst/Inst_vga/vga_sig_gen/v_counter/is_horizontal_gridline6__23_carry_i_4/O
                         net (fo=1, routed)           0.000     6.586    datapath/video_inst/Inst_vga/colormap/is_horizontal_gridline6__29_carry__0_i_3[0]
    SLICE_X162Y132       CARRY4 (Prop_carry4_S[0]_O[1])
                                                      0.427     7.013 r  datapath/video_inst/Inst_vga/colormap/is_horizontal_gridline6__23_carry/O[1]
                         net (fo=1, routed)           0.573     7.586    datapath/video_inst/Inst_vga/vga_sig_gen/v_counter/is_horizontal_gridline6__29_carry__0[1]
    SLICE_X162Y131       LUT2 (Prop_lut2_I1_O)        0.306     7.892 r  datapath/video_inst/Inst_vga/vga_sig_gen/v_counter/is_horizontal_gridline6__29_carry__0_i_2/O
                         net (fo=1, routed)           0.000     7.892    datapath/video_inst/Inst_vga/colormap/dc_bias[3]_i_14__0_0[1]
    SLICE_X162Y131       CARRY4 (Prop_carry4_S[1]_O[1])
                                                      0.230     8.122 r  datapath/video_inst/Inst_vga/colormap/is_horizontal_gridline6__29_carry__0/O[1]
                         net (fo=1, routed)           0.810     8.932    datapath/video_inst/Inst_vga/colormap/is_horizontal_gridline6__29_carry__0_n_6
    SLICE_X163Y130       LUT4 (Prop_lut4_I1_O)        0.306     9.238 r  datapath/video_inst/Inst_vga/colormap/dc_bias[3]_i_29/O
                         net (fo=1, routed)           0.402     9.640    datapath/video_inst/Inst_vga/colormap/dc_bias[3]_i_29_n_0
    SLICE_X163Y131       LUT4 (Prop_lut4_I0_O)        0.124     9.764 f  datapath/video_inst/Inst_vga/colormap/dc_bias[3]_i_14__0/O
                         net (fo=1, routed)           0.802    10.567    datapath/video_inst/Inst_vga/colormap/dc_bias[3]_i_14__0_n_0
    SLICE_X159Y133       LUT6 (Prop_lut6_I5_O)        0.124    10.691 r  datapath/video_inst/Inst_vga/colormap/dc_bias[3]_i_6/O
                         net (fo=7, routed)           1.091    11.782    datapath/video_inst/Inst_vga/vga_sig_gen/h_counter/dc_bias_reg[0]_2
    SLICE_X152Y135       LUT6 (Prop_lut6_I3_O)        0.124    11.906 r  datapath/video_inst/Inst_vga/vga_sig_gen/h_counter/dc_bias[3]_i_8/O
                         net (fo=3, routed)           1.216    13.122    datapath/video_inst/inst_dvid/TDMS_encoder_blue/encoded_reg[4]_1
    SLICE_X156Y137       LUT6 (Prop_lut6_I0_O)        0.124    13.246 r  datapath/video_inst/inst_dvid/TDMS_encoder_blue/encoded[2]_i_2/O
                         net (fo=2, routed)           0.585    13.831    datapath/video_inst/Inst_vga/vga_sig_gen/encoded_reg[2]
    SLICE_X156Y138       LUT4 (Prop_lut4_I3_O)        0.124    13.955 r  datapath/video_inst/Inst_vga/vga_sig_gen/encoded[0]_i_1/O
                         net (fo=1, routed)           0.000    13.955    datapath/video_inst/inst_dvid/TDMS_encoder_blue/encoded_reg[0]_0
    SLICE_X156Y138       FDRE                                         r  datapath/video_inst/inst_dvid/TDMS_encoder_blue/encoded_reg[0]/D
  -------------------------------------------------------------------    -------------------

                         (clock clk_out1_clk_wiz_0 rise edge)
                                                     40.000    40.000 r  
    BUFGCTRL_X0Y2        BUFG                         0.000    40.000 r  clk_IBUF_BUFG_inst/O
                         net (fo=302, routed)         1.972    41.972    datapath/video_inst/mmcm_adv_inst_display_clocks/inst/clk_in1
    MMCME2_ADV_X1Y0      MMCME2_ADV (Prop_mmcme2_adv_CLKIN1_CLKOUT0)
                                                     -4.637    37.335 r  datapath/video_inst/mmcm_adv_inst_display_clocks/inst/mmcm_adv_inst/CLKOUT0
                         net (fo=1, routed)           2.574    39.909    datapath/video_inst/mmcm_adv_inst_display_clocks/inst/clk_out1_clk_wiz_0
    BUFGCTRL_X0Y4        BUFG (Prop_bufg_I_O)         0.091    40.000 r  datapath/video_inst/mmcm_adv_inst_display_clocks/inst/clkout1_buf/O
                         net (fo=65, routed)          1.708    41.708    datapath/video_inst/inst_dvid/TDMS_encoder_blue/CLK
    SLICE_X156Y138       FDRE                                         r  datapath/video_inst/inst_dvid/TDMS_encoder_blue/encoded_reg[0]/C
                         clock pessimism              0.075    41.783    
                         clock uncertainty           -0.095    41.689    
    SLICE_X156Y138       FDRE (Setup_fdre_C_D)        0.029    41.718    datapath/video_inst/inst_dvid/TDMS_encoder_blue/encoded_reg[0]
  -------------------------------------------------------------------
                         required time                         41.718    
                         arrival time                         -13.955    
  -------------------------------------------------------------------
                         slack                                 27.763    

Slack (MET) :             27.767ns  (required time - arrival time)
  Source:                 datapath/video_inst/Inst_vga/vga_sig_gen/h_counter/w_processQ_reg[2]/C
                            (rising edge-triggered cell FDRE clocked by clk_out1_clk_wiz_0  {rise@0.000ns fall@20.000ns period=40.000ns})
  Destination:            datapath/video_inst/inst_dvid/TDMS_encoder_green/dc_bias_reg[1]/D
                            (rising edge-triggered cell FDRE clocked by clk_out1_clk_wiz_0  {rise@0.000ns fall@20.000ns period=40.000ns})
  Path Group:             clk_out1_clk_wiz_0
  Path Type:              Setup (Max at Slow Process Corner)
  Requirement:            40.000ns  (clk_out1_clk_wiz_0 rise@40.000ns - clk_out1_clk_wiz_0 rise@0.000ns)
  Data Path Delay:        12.177ns  (logic 3.591ns (29.490%)  route 8.586ns (70.510%))
  Logic Levels:           12  (CARRY4=2 LUT2=3 LUT3=1 LUT4=1 LUT5=1 LUT6=4)
  Clock Path Skew:        -0.038ns (DCD - SCD + CPR)
    Destination Clock Delay (DCD):    1.632ns = ( 41.632 - 40.000 ) 
    Source Clock Delay      (SCD):    1.745ns
    Clock Pessimism Removal (CPR):    0.075ns
  Clock Uncertainty:      0.095ns  ((TSJ^2 + DJ^2)^1/2) / 2 + PE
    Total System Jitter     (TSJ):    0.071ns
    Discrete Jitter          (DJ):    0.175ns
    Phase Error              (PE):    0.000ns

    Location             Delay type                Incr(ns)  Path(ns)    Netlist Resource(s)
  -------------------------------------------------------------------    -------------------
                         (clock clk_out1_clk_wiz_0 rise edge)
                                                      0.000     0.000 r  
    BUFGCTRL_X0Y2        BUFG                         0.000     0.000 r  clk_IBUF_BUFG_inst/O
                         net (fo=302, routed)         2.106     2.106    datapath/video_inst/mmcm_adv_inst_display_clocks/inst/clk_in1
    MMCME2_ADV_X1Y0      MMCME2_ADV (Prop_mmcme2_adv_CLKIN1_CLKOUT0)
                                                     -4.900    -2.793 r  datapath/video_inst/mmcm_adv_inst_display_clocks/inst/mmcm_adv_inst/CLKOUT0
                         net (fo=1, routed)           2.697    -0.096    datapath/video_inst/mmcm_adv_inst_display_clocks/inst/clk_out1_clk_wiz_0
    BUFGCTRL_X0Y4        BUFG (Prop_bufg_I_O)         0.096    -0.000 r  datapath/video_inst/mmcm_adv_inst_display_clocks/inst/clkout1_buf/O
                         net (fo=65, routed)          1.745     1.745    datapath/video_inst/Inst_vga/vga_sig_gen/h_counter/CLK
    SLICE_X149Y131       FDRE                                         r  datapath/video_inst/Inst_vga/vga_sig_gen/h_counter/w_processQ_reg[2]/C
  -------------------------------------------------------------------    -------------------
    SLICE_X149Y131       FDRE (Prop_fdre_C_Q)         0.419     2.164 f  datapath/video_inst/Inst_vga/vga_sig_gen/h_counter/w_processQ_reg[2]/Q
                         net (fo=49, routed)          2.348     4.512    datapath/video_inst/Inst_vga/vga_sig_gen/h_counter/Q[2]
    SLICE_X157Y137       LUT4 (Prop_lut4_I2_O)        0.327     4.839 f  datapath/video_inst/Inst_vga/vga_sig_gen/h_counter/is_trigger_volt4_carry__0_i_12/O
                         net (fo=13, routed)          1.110     5.950    datapath/video_inst/Inst_vga/vga_sig_gen/h_counter/is_trigger_volt4_carry__0_i_12_n_0
    SLICE_X152Y133       LUT6 (Prop_lut6_I4_O)        0.332     6.282 r  datapath/video_inst/Inst_vga/vga_sig_gen/h_counter/is_trigger_volt4_carry__0_i_13/O
                         net (fo=2, routed)           0.818     7.100    datapath/stepper_volt/is_trigger_volt4_carry__0_i_6_0
    SLICE_X156Y134       LUT2 (Prop_lut2_I1_O)        0.124     7.224 r  datapath/stepper_volt/Inst_vga/colormap/is_trigger_volt4_carry__0_i_9/O
                         net (fo=1, routed)           0.000     7.224    datapath/stepper_volt/Inst_vga/colormap/is_trigger_volt4_carry__0_i_9_n_0
    SLICE_X156Y134       CARRY4 (Prop_carry4_S[2]_O[3])
                                                      0.352     7.576 f  datapath/stepper_volt/is_trigger_volt4_carry__0_i_6/O[3]
                         net (fo=1, routed)           0.644     8.220    datapath/stepper_volt/video_inst/Inst_vga/is_trigger_volt5[11]
    SLICE_X157Y135       LUT2 (Prop_lut2_I0_O)        0.306     8.526 r  datapath/stepper_volt/is_trigger_volt4_carry__0_i_4/O
                         net (fo=1, routed)           0.000     8.526    datapath/video_inst/Inst_vga/colormap/dc_bias[2]_i_8_0[1]
    SLICE_X157Y135       CARRY4 (Prop_carry4_S[1]_CO[2])
                                                      0.570     9.096 f  datapath/video_inst/Inst_vga/colormap/is_trigger_volt4_carry__0/CO[2]
                         net (fo=1, routed)           0.675     9.772    datapath/video_inst/Inst_vga/vga_sig_gen/h_counter/dc_bias[2]_i_4_1[0]
    SLICE_X152Y134       LUT5 (Prop_lut5_I3_O)        0.313    10.085 r  datapath/video_inst/Inst_vga/vga_sig_gen/h_counter/dc_bias[2]_i_8/O
                         net (fo=1, routed)           0.663    10.748    datapath/video_inst/Inst_vga/vga_sig_gen/h_counter/dc_bias[2]_i_8_n_0
    SLICE_X152Y134       LUT6 (Prop_lut6_I1_O)        0.124    10.872 f  datapath/video_inst/Inst_vga/vga_sig_gen/h_counter/dc_bias[2]_i_4/O
                         net (fo=4, routed)           0.691    11.563    datapath/video_inst/Inst_vga/vga_sig_gen/h_counter/w_processQ_reg[0]_0
    SLICE_X152Y135       LUT3 (Prop_lut3_I2_O)        0.148    11.711 r  datapath/video_inst/Inst_vga/vga_sig_gen/h_counter/dc_bias[3]_i_5__0/O
                         net (fo=4, routed)           0.727    12.438    datapath/video_inst/Inst_vga/vga_sig_gen/h_counter/dc_bias[3]_i_5__0_n_0
    SLICE_X153Y135       LUT2 (Prop_lut2_I0_O)        0.328    12.766 r  datapath/video_inst/Inst_vga/vga_sig_gen/h_counter/dc_bias[2]_i_5/O
                         net (fo=2, routed)           0.276    13.041    datapath/video_inst/Inst_vga/vga_sig_gen/h_counter/dc_bias[2]_i_5_n_0
    SLICE_X153Y135       LUT6 (Prop_lut6_I1_O)        0.124    13.165 r  datapath/video_inst/Inst_vga/vga_sig_gen/h_counter/dc_bias[1]_i_2/O
                         net (fo=4, routed)           0.633    13.799    datapath/video_inst/inst_dvid/TDMS_encoder_green/dc_bias_reg[1]_0
    SLICE_X154Y136       LUT6 (Prop_lut6_I1_O)        0.124    13.923 r  datapath/video_inst/inst_dvid/TDMS_encoder_green/dc_bias[1]_i_1__1/O
                         net (fo=1, routed)           0.000    13.923    datapath/video_inst/inst_dvid/TDMS_encoder_green/dc_bias[1]_i_1__1_n_0
    SLICE_X154Y136       FDRE                                         r  datapath/video_inst/inst_dvid/TDMS_encoder_green/dc_bias_reg[1]/D
  -------------------------------------------------------------------    -------------------

                         (clock clk_out1_clk_wiz_0 rise edge)
                                                     40.000    40.000 r  
    BUFGCTRL_X0Y2        BUFG                         0.000    40.000 r  clk_IBUF_BUFG_inst/O
                         net (fo=302, routed)         1.972    41.972    datapath/video_inst/mmcm_adv_inst_display_clocks/inst/clk_in1
    MMCME2_ADV_X1Y0      MMCME2_ADV (Prop_mmcme2_adv_CLKIN1_CLKOUT0)
                                                     -4.637    37.335 r  datapath/video_inst/mmcm_adv_inst_display_clocks/inst/mmcm_adv_inst/CLKOUT0
                         net (fo=1, routed)           2.574    39.909    datapath/video_inst/mmcm_adv_inst_display_clocks/inst/clk_out1_clk_wiz_0
    BUFGCTRL_X0Y4        BUFG (Prop_bufg_I_O)         0.091    40.000 r  datapath/video_inst/mmcm_adv_inst_display_clocks/inst/clkout1_buf/O
                         net (fo=65, routed)          1.632    41.632    datapath/video_inst/inst_dvid/TDMS_encoder_green/CLK
    SLICE_X154Y136       FDRE                                         r  datapath/video_inst/inst_dvid/TDMS_encoder_green/dc_bias_reg[1]/C
                         clock pessimism              0.075    41.707    
                         clock uncertainty           -0.095    41.613    
    SLICE_X154Y136       FDRE (Setup_fdre_C_D)        0.077    41.690    datapath/video_inst/inst_dvid/TDMS_encoder_green/dc_bias_reg[1]
  -------------------------------------------------------------------
                         required time                         41.690    
                         arrival time                         -13.923    
  -------------------------------------------------------------------
                         slack                                 27.767    

Slack (MET) :             27.783ns  (required time - arrival time)
  Source:                 datapath/video_inst/Inst_vga/vga_sig_gen/v_counter/w_processQ_reg[0]/C
                            (rising edge-triggered cell FDRE clocked by clk_out1_clk_wiz_0  {rise@0.000ns fall@20.000ns period=40.000ns})
  Destination:            datapath/video_inst/inst_dvid/TDMS_encoder_blue/encoded_reg[2]/D
                            (rising edge-triggered cell FDRE clocked by clk_out1_clk_wiz_0  {rise@0.000ns fall@20.000ns period=40.000ns})
  Path Group:             clk_out1_clk_wiz_0
  Path Type:              Setup (Max at Slow Process Corner)
  Requirement:            40.000ns  (clk_out1_clk_wiz_0 rise@40.000ns - clk_out1_clk_wiz_0 rise@0.000ns)
  Data Path Delay:        12.237ns  (logic 3.726ns (30.449%)  route 8.511ns (69.551%))
  Logic Levels:           13  (CARRY4=4 LUT2=3 LUT4=3 LUT6=3)
  Clock Path Skew:        0.039ns (DCD - SCD + CPR)
    Destination Clock Delay (DCD):    1.708ns = ( 41.708 - 40.000 ) 
    Source Clock Delay      (SCD):    1.744ns
    Clock Pessimism Removal (CPR):    0.075ns
  Clock Uncertainty:      0.095ns  ((TSJ^2 + DJ^2)^1/2) / 2 + PE
    Total System Jitter     (TSJ):    0.071ns
    Discrete Jitter          (DJ):    0.175ns
    Phase Error              (PE):    0.000ns

    Location             Delay type                Incr(ns)  Path(ns)    Netlist Resource(s)
  -------------------------------------------------------------------    -------------------
                         (clock clk_out1_clk_wiz_0 rise edge)
                                                      0.000     0.000 r  
    BUFGCTRL_X0Y2        BUFG                         0.000     0.000 r  clk_IBUF_BUFG_inst/O
                         net (fo=302, routed)         2.106     2.106    datapath/video_inst/mmcm_adv_inst_display_clocks/inst/clk_in1
    MMCME2_ADV_X1Y0      MMCME2_ADV (Prop_mmcme2_adv_CLKIN1_CLKOUT0)
                                                     -4.900    -2.793 r  datapath/video_inst/mmcm_adv_inst_display_clocks/inst/mmcm_adv_inst/CLKOUT0
                         net (fo=1, routed)           2.697    -0.096    datapath/video_inst/mmcm_adv_inst_display_clocks/inst/clk_out1_clk_wiz_0
    BUFGCTRL_X0Y4        BUFG (Prop_bufg_I_O)         0.096    -0.000 r  datapath/video_inst/mmcm_adv_inst_display_clocks/inst/clkout1_buf/O
                         net (fo=65, routed)          1.744     1.744    datapath/video_inst/Inst_vga/vga_sig_gen/v_counter/CLK
    SLICE_X150Y130       FDRE                                         r  datapath/video_inst/Inst_vga/vga_sig_gen/v_counter/w_processQ_reg[0]/C
  -------------------------------------------------------------------    -------------------
    SLICE_X150Y130       FDRE (Prop_fdre_C_Q)         0.518     2.262 r  datapath/video_inst/Inst_vga/vga_sig_gen/v_counter/w_processQ_reg[0]/Q
                         net (fo=27, routed)          2.188     4.450    datapath/video_inst/Inst_vga/vga_sig_gen/v_counter/Q[0]
    SLICE_X161Y130       LUT2 (Prop_lut2_I1_O)        0.124     4.574 r  datapath/video_inst/Inst_vga/vga_sig_gen/v_counter/is_horizontal_gridline6_carry_i_3/O
                         net (fo=1, routed)           0.000     4.574    datapath/video_inst/Inst_vga/colormap/is_horizontal_gridline6_carry__0_0[0]
    SLICE_X161Y130       CARRY4 (Prop_carry4_S[1]_CO[3])
                                                      0.550     5.124 r  datapath/video_inst/Inst_vga/colormap/is_horizontal_gridline6_carry/CO[3]
                         net (fo=1, routed)           0.000     5.124    datapath/video_inst/Inst_vga/colormap/is_horizontal_gridline6_carry_n_0
    SLICE_X161Y131       CARRY4 (Prop_carry4_CI_O[3])
                                                      0.313     5.437 r  datapath/video_inst/Inst_vga/colormap/is_horizontal_gridline6_carry__0/O[3]
                         net (fo=5, routed)           0.843     6.280    datapath/video_inst/Inst_vga/vga_sig_gen/v_counter/is_horizontal_gridline6__23_carry_0[0]
    SLICE_X162Y132       LUT2 (Prop_lut2_I1_O)        0.306     6.586 r  datapath/video_inst/Inst_vga/vga_sig_gen/v_counter/is_horizontal_gridline6__23_carry_i_4/O
                         net (fo=1, routed)           0.000     6.586    datapath/video_inst/Inst_vga/colormap/is_horizontal_gridline6__29_carry__0_i_3[0]
    SLICE_X162Y132       CARRY4 (Prop_carry4_S[0]_O[1])
                                                      0.427     7.013 r  datapath/video_inst/Inst_vga/colormap/is_horizontal_gridline6__23_carry/O[1]
                         net (fo=1, routed)           0.573     7.586    datapath/video_inst/Inst_vga/vga_sig_gen/v_counter/is_horizontal_gridline6__29_carry__0[1]
    SLICE_X162Y131       LUT2 (Prop_lut2_I1_O)        0.306     7.892 r  datapath/video_inst/Inst_vga/vga_sig_gen/v_counter/is_horizontal_gridline6__29_carry__0_i_2/O
                         net (fo=1, routed)           0.000     7.892    datapath/video_inst/Inst_vga/colormap/dc_bias[3]_i_14__0_0[1]
    SLICE_X162Y131       CARRY4 (Prop_carry4_S[1]_O[1])
                                                      0.230     8.122 r  datapath/video_inst/Inst_vga/colormap/is_horizontal_gridline6__29_carry__0/O[1]
                         net (fo=1, routed)           0.810     8.932    datapath/video_inst/Inst_vga/colormap/is_horizontal_gridline6__29_carry__0_n_6
    SLICE_X163Y130       LUT4 (Prop_lut4_I1_O)        0.306     9.238 r  datapath/video_inst/Inst_vga/colormap/dc_bias[3]_i_29/O
                         net (fo=1, routed)           0.402     9.640    datapath/video_inst/Inst_vga/colormap/dc_bias[3]_i_29_n_0
    SLICE_X163Y131       LUT4 (Prop_lut4_I0_O)        0.124     9.764 f  datapath/video_inst/Inst_vga/colormap/dc_bias[3]_i_14__0/O
                         net (fo=1, routed)           0.802    10.567    datapath/video_inst/Inst_vga/colormap/dc_bias[3]_i_14__0_n_0
    SLICE_X159Y133       LUT6 (Prop_lut6_I5_O)        0.124    10.691 r  datapath/video_inst/Inst_vga/colormap/dc_bias[3]_i_6/O
                         net (fo=7, routed)           1.091    11.782    datapath/video_inst/Inst_vga/vga_sig_gen/h_counter/dc_bias_reg[0]_2
    SLICE_X152Y135       LUT6 (Prop_lut6_I3_O)        0.124    11.906 r  datapath/video_inst/Inst_vga/vga_sig_gen/h_counter/dc_bias[3]_i_8/O
                         net (fo=3, routed)           1.216    13.122    datapath/video_inst/inst_dvid/TDMS_encoder_blue/encoded_reg[4]_1
    SLICE_X156Y137       LUT6 (Prop_lut6_I0_O)        0.124    13.246 r  datapath/video_inst/inst_dvid/TDMS_encoder_blue/encoded[2]_i_2/O
                         net (fo=2, routed)           0.585    13.831    datapath/video_inst/Inst_vga/vga_sig_gen/encoded_reg[2]
    SLICE_X156Y138       LUT4 (Prop_lut4_I3_O)        0.150    13.981 r  datapath/video_inst/Inst_vga/vga_sig_gen/encoded[2]_i_1/O
                         net (fo=1, routed)           0.000    13.981    datapath/video_inst/inst_dvid/TDMS_encoder_blue/encoded_reg[2]_0
    SLICE_X156Y138       FDRE                                         r  datapath/video_inst/inst_dvid/TDMS_encoder_blue/encoded_reg[2]/D
  -------------------------------------------------------------------    -------------------

                         (clock clk_out1_clk_wiz_0 rise edge)
                                                     40.000    40.000 r  
    BUFGCTRL_X0Y2        BUFG                         0.000    40.000 r  clk_IBUF_BUFG_inst/O
                         net (fo=302, routed)         1.972    41.972    datapath/video_inst/mmcm_adv_inst_display_clocks/inst/clk_in1
    MMCME2_ADV_X1Y0      MMCME2_ADV (Prop_mmcme2_adv_CLKIN1_CLKOUT0)
                                                     -4.637    37.335 r  datapath/video_inst/mmcm_adv_inst_display_clocks/inst/mmcm_adv_inst/CLKOUT0
                         net (fo=1, routed)           2.574    39.909    datapath/video_inst/mmcm_adv_inst_display_clocks/inst/clk_out1_clk_wiz_0
    BUFGCTRL_X0Y4        BUFG (Prop_bufg_I_O)         0.091    40.000 r  datapath/video_inst/mmcm_adv_inst_display_clocks/inst/clkout1_buf/O
                         net (fo=65, routed)          1.708    41.708    datapath/video_inst/inst_dvid/TDMS_encoder_blue/CLK
    SLICE_X156Y138       FDRE                                         r  datapath/video_inst/inst_dvid/TDMS_encoder_blue/encoded_reg[2]/C
                         clock pessimism              0.075    41.783    
                         clock uncertainty           -0.095    41.689    
    SLICE_X156Y138       FDRE (Setup_fdre_C_D)        0.075    41.764    datapath/video_inst/inst_dvid/TDMS_encoder_blue/encoded_reg[2]
  -------------------------------------------------------------------
                         required time                         41.764    
                         arrival time                         -13.981    
  -------------------------------------------------------------------
                         slack                                 27.783    





Min Delay Paths
--------------------------------------------------------------------------------------
Slack (MET) :             0.153ns  (arrival time - required time)
  Source:                 datapath/video_inst/inst_dvid/TDMS_encoder_blue/encoded_reg[1]/C
                            (rising edge-triggered cell FDRE clocked by clk_out1_clk_wiz_0  {rise@0.000ns fall@20.000ns period=40.000ns})
  Destination:            datapath/video_inst/inst_dvid/latched_blue_reg[1]/D
                            (rising edge-triggered cell FDRE clocked by clk_out1_clk_wiz_0  {rise@0.000ns fall@20.000ns period=40.000ns})
  Path Group:             clk_out1_clk_wiz_0
  Path Type:              Hold (Min at Fast Process Corner)
  Requirement:            0.000ns  (clk_out1_clk_wiz_0 rise@0.000ns - clk_out1_clk_wiz_0 rise@0.000ns)
  Data Path Delay:        0.259ns  (logic 0.141ns (54.426%)  route 0.118ns (45.574%))
  Logic Levels:           0  
  Clock Path Skew:        0.040ns (DCD - SCD - CPR)
    Destination Clock Delay (DCD):    0.919ns
    Source Clock Delay      (SCD):    0.645ns
    Clock Pessimism Removal (CPR):    0.234ns

    Location             Delay type                Incr(ns)  Path(ns)    Netlist Resource(s)
  -------------------------------------------------------------------    -------------------
                         (clock clk_out1_clk_wiz_0 rise edge)
                                                      0.000     0.000 r  
    BUFGCTRL_X0Y2        BUFG                         0.000     0.000 r  clk_IBUF_BUFG_inst/O
                         net (fo=302, routed)         0.745     0.745    datapath/video_inst/mmcm_adv_inst_display_clocks/inst/clk_in1
    MMCME2_ADV_X1Y0      MMCME2_ADV (Prop_mmcme2_adv_CLKIN1_CLKOUT0)
                                                     -1.683    -0.938 r  datapath/video_inst/mmcm_adv_inst_display_clocks/inst/mmcm_adv_inst/CLKOUT0
                         net (fo=1, routed)           0.912    -0.026    datapath/video_inst/mmcm_adv_inst_display_clocks/inst/clk_out1_clk_wiz_0
    BUFGCTRL_X0Y4        BUFG (Prop_bufg_I_O)         0.026    -0.000 r  datapath/video_inst/mmcm_adv_inst_display_clocks/inst/clkout1_buf/O
                         net (fo=65, routed)          0.645     0.645    datapath/video_inst/inst_dvid/TDMS_encoder_blue/CLK
    SLICE_X156Y138       FDRE                                         r  datapath/video_inst/inst_dvid/TDMS_encoder_blue/encoded_reg[1]/C
  -------------------------------------------------------------------    -------------------
    SLICE_X156Y138       FDRE (Prop_fdre_C_Q)         0.141     0.786 r  datapath/video_inst/inst_dvid/TDMS_encoder_blue/encoded_reg[1]/Q
                         net (fo=1, routed)           0.118     0.904    datapath/video_inst/inst_dvid/TDMS_encoder_blue_n_4
    SLICE_X160Y138       FDRE                                         r  datapath/video_inst/inst_dvid/latched_blue_reg[1]/D
  -------------------------------------------------------------------    -------------------

                         (clock clk_out1_clk_wiz_0 rise edge)
                                                      0.000     0.000 r  
    BUFGCTRL_X0Y2        BUFG                         0.000     0.000 r  clk_IBUF_BUFG_inst/O
                         net (fo=302, routed)         1.022     1.022    datapath/video_inst/mmcm_adv_inst_display_clocks/inst/clk_in1
    MMCME2_ADV_X1Y0      MMCME2_ADV (Prop_mmcme2_adv_CLKIN1_CLKOUT0)
                                                     -2.040    -1.018 r  datapath/video_inst/mmcm_adv_inst_display_clocks/inst/mmcm_adv_inst/CLKOUT0
                         net (fo=1, routed)           0.989    -0.029    datapath/video_inst/mmcm_adv_inst_display_clocks/inst/clk_out1_clk_wiz_0
    BUFGCTRL_X0Y4        BUFG (Prop_bufg_I_O)         0.029    -0.000 r  datapath/video_inst/mmcm_adv_inst_display_clocks/inst/clkout1_buf/O
                         net (fo=65, routed)          0.919     0.919    datapath/video_inst/inst_dvid/CLK
    SLICE_X160Y138       FDRE                                         r  datapath/video_inst/inst_dvid/latched_blue_reg[1]/C
                         clock pessimism             -0.234     0.685    
    SLICE_X160Y138       FDRE (Hold_fdre_C_D)         0.066     0.751    datapath/video_inst/inst_dvid/latched_blue_reg[1]
  -------------------------------------------------------------------
                         required time                         -0.751    
                         arrival time                           0.904    
  -------------------------------------------------------------------
                         slack                                  0.153    

Slack (MET) :             0.157ns  (arrival time - required time)
  Source:                 datapath/video_inst/inst_dvid/TDMS_encoder_blue/encoded_reg[0]/C
                            (rising edge-triggered cell FDRE clocked by clk_out1_clk_wiz_0  {rise@0.000ns fall@20.000ns period=40.000ns})
  Destination:            datapath/video_inst/inst_dvid/latched_blue_reg[0]/D
                            (rising edge-triggered cell FDRE clocked by clk_out1_clk_wiz_0  {rise@0.000ns fall@20.000ns period=40.000ns})
  Path Group:             clk_out1_clk_wiz_0
  Path Type:              Hold (Min at Fast Process Corner)
  Requirement:            0.000ns  (clk_out1_clk_wiz_0 rise@0.000ns - clk_out1_clk_wiz_0 rise@0.000ns)
  Data Path Delay:        0.267ns  (logic 0.141ns (52.873%)  route 0.126ns (47.127%))
  Logic Levels:           0  
  Clock Path Skew:        0.040ns (DCD - SCD - CPR)
    Destination Clock Delay (DCD):    0.919ns
    Source Clock Delay      (SCD):    0.645ns
    Clock Pessimism Removal (CPR):    0.234ns

    Location             Delay type                Incr(ns)  Path(ns)    Netlist Resource(s)
  -------------------------------------------------------------------    -------------------
                         (clock clk_out1_clk_wiz_0 rise edge)
                                                      0.000     0.000 r  
    BUFGCTRL_X0Y2        BUFG                         0.000     0.000 r  clk_IBUF_BUFG_inst/O
                         net (fo=302, routed)         0.745     0.745    datapath/video_inst/mmcm_adv_inst_display_clocks/inst/clk_in1
    MMCME2_ADV_X1Y0      MMCME2_ADV (Prop_mmcme2_adv_CLKIN1_CLKOUT0)
                                                     -1.683    -0.938 r  datapath/video_inst/mmcm_adv_inst_display_clocks/inst/mmcm_adv_inst/CLKOUT0
                         net (fo=1, routed)           0.912    -0.026    datapath/video_inst/mmcm_adv_inst_display_clocks/inst/clk_out1_clk_wiz_0
    BUFGCTRL_X0Y4        BUFG (Prop_bufg_I_O)         0.026    -0.000 r  datapath/video_inst/mmcm_adv_inst_display_clocks/inst/clkout1_buf/O
                         net (fo=65, routed)          0.645     0.645    datapath/video_inst/inst_dvid/TDMS_encoder_blue/CLK
    SLICE_X156Y138       FDRE                                         r  datapath/video_inst/inst_dvid/TDMS_encoder_blue/encoded_reg[0]/C
  -------------------------------------------------------------------    -------------------
    SLICE_X156Y138       FDRE (Prop_fdre_C_Q)         0.141     0.786 r  datapath/video_inst/inst_dvid/TDMS_encoder_blue/encoded_reg[0]/Q
                         net (fo=1, routed)           0.126     0.911    datapath/video_inst/inst_dvid/TDMS_encoder_blue_n_5
    SLICE_X160Y138       FDRE                                         r  datapath/video_inst/inst_dvid/latched_blue_reg[0]/D
  -------------------------------------------------------------------    -------------------

                         (clock clk_out1_clk_wiz_0 rise edge)
                                                      0.000     0.000 r  
    BUFGCTRL_X0Y2        BUFG                         0.000     0.000 r  clk_IBUF_BUFG_inst/O
                         net (fo=302, routed)         1.022     1.022    datapath/video_inst/mmcm_adv_inst_display_clocks/inst/clk_in1
    MMCME2_ADV_X1Y0      MMCME2_ADV (Prop_mmcme2_adv_CLKIN1_CLKOUT0)
                                                     -2.040    -1.018 r  datapath/video_inst/mmcm_adv_inst_display_clocks/inst/mmcm_adv_inst/CLKOUT0
                         net (fo=1, routed)           0.989    -0.029    datapath/video_inst/mmcm_adv_inst_display_clocks/inst/clk_out1_clk_wiz_0
    BUFGCTRL_X0Y4        BUFG (Prop_bufg_I_O)         0.029    -0.000 r  datapath/video_inst/mmcm_adv_inst_display_clocks/inst/clkout1_buf/O
                         net (fo=65, routed)          0.919     0.919    datapath/video_inst/inst_dvid/CLK
    SLICE_X160Y138       FDRE                                         r  datapath/video_inst/inst_dvid/latched_blue_reg[0]/C
                         clock pessimism             -0.234     0.685    
    SLICE_X160Y138       FDRE (Hold_fdre_C_D)         0.070     0.755    datapath/video_inst/inst_dvid/latched_blue_reg[0]
  -------------------------------------------------------------------
                         required time                         -0.755    
                         arrival time                           0.911    
  -------------------------------------------------------------------
                         slack                                  0.157    

Slack (MET) :             0.184ns  (arrival time - required time)
  Source:                 datapath/video_inst/inst_dvid/TDMS_encoder_blue/encoded_reg[8]/C
                            (rising edge-triggered cell FDRE clocked by clk_out1_clk_wiz_0  {rise@0.000ns fall@20.000ns period=40.000ns})
  Destination:            datapath/video_inst/inst_dvid/latched_blue_reg[8]/D
                            (rising edge-triggered cell FDRE clocked by clk_out1_clk_wiz_0  {rise@0.000ns fall@20.000ns period=40.000ns})
  Path Group:             clk_out1_clk_wiz_0
  Path Type:              Hold (Min at Fast Process Corner)
  Requirement:            0.000ns  (clk_out1_clk_wiz_0 rise@0.000ns - clk_out1_clk_wiz_0 rise@0.000ns)
  Data Path Delay:        0.254ns  (logic 0.141ns (55.511%)  route 0.113ns (44.489%))
  Logic Levels:           0  
  Clock Path Skew:        0.000ns (DCD - SCD - CPR)
    Destination Clock Delay (DCD):    0.915ns
    Source Clock Delay      (SCD):    0.643ns
    Clock Pessimism Removal (CPR):    0.272ns

    Location             Delay type                Incr(ns)  Path(ns)    Netlist Resource(s)
  -------------------------------------------------------------------    -------------------
                         (clock clk_out1_clk_wiz_0 rise edge)
                                                      0.000     0.000 r  
    BUFGCTRL_X0Y2        BUFG                         0.000     0.000 r  clk_IBUF_BUFG_inst/O
                         net (fo=302, routed)         0.745     0.745    datapath/video_inst/mmcm_adv_inst_display_clocks/inst/clk_in1
    MMCME2_ADV_X1Y0      MMCME2_ADV (Prop_mmcme2_adv_CLKIN1_CLKOUT0)
                                                     -1.683    -0.938 r  datapath/video_inst/mmcm_adv_inst_display_clocks/inst/mmcm_adv_inst/CLKOUT0
                         net (fo=1, routed)           0.912    -0.026    datapath/video_inst/mmcm_adv_inst_display_clocks/inst/clk_out1_clk_wiz_0
    BUFGCTRL_X0Y4        BUFG (Prop_bufg_I_O)         0.026    -0.000 r  datapath/video_inst/mmcm_adv_inst_display_clocks/inst/clkout1_buf/O
                         net (fo=65, routed)          0.643     0.643    datapath/video_inst/inst_dvid/TDMS_encoder_blue/CLK
    SLICE_X157Y136       FDRE                                         r  datapath/video_inst/inst_dvid/TDMS_encoder_blue/encoded_reg[8]/C
  -------------------------------------------------------------------    -------------------
    SLICE_X157Y136       FDRE (Prop_fdre_C_Q)         0.141     0.784 r  datapath/video_inst/inst_dvid/TDMS_encoder_blue/encoded_reg[8]/Q
                         net (fo=1, routed)           0.113     0.897    datapath/video_inst/inst_dvid/TDMS_encoder_blue_n_1
    SLICE_X157Y136       FDRE                                         r  datapath/video_inst/inst_dvid/latched_blue_reg[8]/D
  -------------------------------------------------------------------    -------------------

                         (clock clk_out1_clk_wiz_0 rise edge)
                                                      0.000     0.000 r  
    BUFGCTRL_X0Y2        BUFG                         0.000     0.000 r  clk_IBUF_BUFG_inst/O
                         net (fo=302, routed)         1.022     1.022    datapath/video_inst/mmcm_adv_inst_display_clocks/inst/clk_in1
    MMCME2_ADV_X1Y0      MMCME2_ADV (Prop_mmcme2_adv_CLKIN1_CLKOUT0)
                                                     -2.040    -1.018 r  datapath/video_inst/mmcm_adv_inst_display_clocks/inst/mmcm_adv_inst/CLKOUT0
                         net (fo=1, routed)           0.989    -0.029    datapath/video_inst/mmcm_adv_inst_display_clocks/inst/clk_out1_clk_wiz_0
    BUFGCTRL_X0Y4        BUFG (Prop_bufg_I_O)         0.029    -0.000 r  datapath/video_inst/mmcm_adv_inst_display_clocks/inst/clkout1_buf/O
                         net (fo=65, routed)          0.915     0.915    datapath/video_inst/inst_dvid/CLK
    SLICE_X157Y136       FDRE                                         r  datapath/video_inst/inst_dvid/latched_blue_reg[8]/C
                         clock pessimism             -0.272     0.643    
    SLICE_X157Y136       FDRE (Hold_fdre_C_D)         0.070     0.713    datapath/video_inst/inst_dvid/latched_blue_reg[8]
  -------------------------------------------------------------------
                         required time                         -0.713    
                         arrival time                           0.897    
  -------------------------------------------------------------------
                         slack                                  0.184    

Slack (MET) :             0.188ns  (arrival time - required time)
  Source:                 datapath/video_inst/Inst_vga/vga_sig_gen/h_counter/w_processQ_reg[0]/C
                            (rising edge-triggered cell FDRE clocked by clk_out1_clk_wiz_0  {rise@0.000ns fall@20.000ns period=40.000ns})
  Destination:            datapath/video_inst/Inst_vga/vga_sig_gen/h_counter/w_processQ_reg[5]/D
                            (rising edge-triggered cell FDRE clocked by clk_out1_clk_wiz_0  {rise@0.000ns fall@20.000ns period=40.000ns})
  Path Group:             clk_out1_clk_wiz_0
  Path Type:              Hold (Min at Fast Process Corner)
  Requirement:            0.000ns  (clk_out1_clk_wiz_0 rise@0.000ns - clk_out1_clk_wiz_0 rise@0.000ns)
  Data Path Delay:        0.321ns  (logic 0.186ns (57.991%)  route 0.135ns (42.009%))
  Logic Levels:           1  (LUT6=1)
  Clock Path Skew:        0.013ns (DCD - SCD - CPR)
    Destination Clock Delay (DCD):    0.884ns
    Source Clock Delay      (SCD):    0.614ns
    Clock Pessimism Removal (CPR):    0.257ns

    Location             Delay type                Incr(ns)  Path(ns)    Netlist Resource(s)
  -------------------------------------------------------------------    -------------------
                         (clock clk_out1_clk_wiz_0 rise edge)
                                                      0.000     0.000 r  
    BUFGCTRL_X0Y2        BUFG                         0.000     0.000 r  clk_IBUF_BUFG_inst/O
                         net (fo=302, routed)         0.745     0.745    datapath/video_inst/mmcm_adv_inst_display_clocks/inst/clk_in1
    MMCME2_ADV_X1Y0      MMCME2_ADV (Prop_mmcme2_adv_CLKIN1_CLKOUT0)
                                                     -1.683    -0.938 r  datapath/video_inst/mmcm_adv_inst_display_clocks/inst/mmcm_adv_inst/CLKOUT0
                         net (fo=1, routed)           0.912    -0.026    datapath/video_inst/mmcm_adv_inst_display_clocks/inst/clk_out1_clk_wiz_0
    BUFGCTRL_X0Y4        BUFG (Prop_bufg_I_O)         0.026    -0.000 r  datapath/video_inst/mmcm_adv_inst_display_clocks/inst/clkout1_buf/O
                         net (fo=65, routed)          0.614     0.614    datapath/video_inst/Inst_vga/vga_sig_gen/h_counter/CLK
    SLICE_X149Y132       FDRE                                         r  datapath/video_inst/Inst_vga/vga_sig_gen/h_counter/w_processQ_reg[0]/C
  -------------------------------------------------------------------    -------------------
    SLICE_X149Y132       FDRE (Prop_fdre_C_Q)         0.141     0.755 r  datapath/video_inst/Inst_vga/vga_sig_gen/h_counter/w_processQ_reg[0]/Q
                         net (fo=30, routed)          0.135     0.889    datapath/video_inst/Inst_vga/vga_sig_gen/h_counter/Q[0]
    SLICE_X148Y132       LUT6 (Prop_lut6_I3_O)        0.045     0.934 r  datapath/video_inst/Inst_vga/vga_sig_gen/h_counter/w_processQ[5]_i_1__0/O
                         net (fo=1, routed)           0.000     0.934    datapath/video_inst/Inst_vga/vga_sig_gen/h_counter/plusOp[5]
    SLICE_X148Y132       FDRE                                         r  datapath/video_inst/Inst_vga/vga_sig_gen/h_counter/w_processQ_reg[5]/D
  -------------------------------------------------------------------    -------------------

                         (clock clk_out1_clk_wiz_0 rise edge)
                                                      0.000     0.000 r  
    BUFGCTRL_X0Y2        BUFG                         0.000     0.000 r  clk_IBUF_BUFG_inst/O
                         net (fo=302, routed)         1.022     1.022    datapath/video_inst/mmcm_adv_inst_display_clocks/inst/clk_in1
    MMCME2_ADV_X1Y0      MMCME2_ADV (Prop_mmcme2_adv_CLKIN1_CLKOUT0)
                                                     -2.040    -1.018 r  datapath/video_inst/mmcm_adv_inst_display_clocks/inst/mmcm_adv_inst/CLKOUT0
                         net (fo=1, routed)           0.989    -0.029    datapath/video_inst/mmcm_adv_inst_display_clocks/inst/clk_out1_clk_wiz_0
    BUFGCTRL_X0Y4        BUFG (Prop_bufg_I_O)         0.029    -0.000 r  datapath/video_inst/mmcm_adv_inst_display_clocks/inst/clkout1_buf/O
                         net (fo=65, routed)          0.884     0.884    datapath/video_inst/Inst_vga/vga_sig_gen/h_counter/CLK
    SLICE_X148Y132       FDRE                                         r  datapath/video_inst/Inst_vga/vga_sig_gen/h_counter/w_processQ_reg[5]/C
                         clock pessimism             -0.257     0.627    
    SLICE_X148Y132       FDRE (Hold_fdre_C_D)         0.120     0.747    datapath/video_inst/Inst_vga/vga_sig_gen/h_counter/w_processQ_reg[5]
  -------------------------------------------------------------------
                         required time                         -0.747    
                         arrival time                           0.934    
  -------------------------------------------------------------------
                         slack                                  0.188    

Slack (MET) :             0.192ns  (arrival time - required time)
  Source:                 datapath/video_inst/inst_dvid/TDMS_encoder_blue/encoded_reg[2]/C
                            (rising edge-triggered cell FDRE clocked by clk_out1_clk_wiz_0  {rise@0.000ns fall@20.000ns period=40.000ns})
  Destination:            datapath/video_inst/inst_dvid/latched_blue_reg[2]/D
                            (rising edge-triggered cell FDRE clocked by clk_out1_clk_wiz_0  {rise@0.000ns fall@20.000ns period=40.000ns})
  Path Group:             clk_out1_clk_wiz_0
  Path Type:              Hold (Min at Fast Process Corner)
  Requirement:            0.000ns  (clk_out1_clk_wiz_0 rise@0.000ns - clk_out1_clk_wiz_0 rise@0.000ns)
  Data Path Delay:        0.248ns  (logic 0.128ns (51.639%)  route 0.120ns (48.361%))
  Logic Levels:           0  
  Clock Path Skew:        0.040ns (DCD - SCD - CPR)
    Destination Clock Delay (DCD):    0.919ns
    Source Clock Delay      (SCD):    0.645ns
    Clock Pessimism Removal (CPR):    0.234ns

    Location             Delay type                Incr(ns)  Path(ns)    Netlist Resource(s)
  -------------------------------------------------------------------    -------------------
                         (clock clk_out1_clk_wiz_0 rise edge)
                                                      0.000     0.000 r  
    BUFGCTRL_X0Y2        BUFG                         0.000     0.000 r  clk_IBUF_BUFG_inst/O
                         net (fo=302, routed)         0.745     0.745    datapath/video_inst/mmcm_adv_inst_display_clocks/inst/clk_in1
    MMCME2_ADV_X1Y0      MMCME2_ADV (Prop_mmcme2_adv_CLKIN1_CLKOUT0)
                                                     -1.683    -0.938 r  datapath/video_inst/mmcm_adv_inst_display_clocks/inst/mmcm_adv_inst/CLKOUT0
                         net (fo=1, routed)           0.912    -0.026    datapath/video_inst/mmcm_adv_inst_display_clocks/inst/clk_out1_clk_wiz_0
    BUFGCTRL_X0Y4        BUFG (Prop_bufg_I_O)         0.026    -0.000 r  datapath/video_inst/mmcm_adv_inst_display_clocks/inst/clkout1_buf/O
                         net (fo=65, routed)          0.645     0.645    datapath/video_inst/inst_dvid/TDMS_encoder_blue/CLK
    SLICE_X156Y138       FDRE                                         r  datapath/video_inst/inst_dvid/TDMS_encoder_blue/encoded_reg[2]/C
  -------------------------------------------------------------------    -------------------
    SLICE_X156Y138       FDRE (Prop_fdre_C_Q)         0.128     0.773 r  datapath/video_inst/inst_dvid/TDMS_encoder_blue/encoded_reg[2]/Q
                         net (fo=1, routed)           0.120     0.892    datapath/video_inst/inst_dvid/TDMS_encoder_blue_n_3
    SLICE_X160Y138       FDRE                                         r  datapath/video_inst/inst_dvid/latched_blue_reg[2]/D
  -------------------------------------------------------------------    -------------------

                         (clock clk_out1_clk_wiz_0 rise edge)
                                                      0.000     0.000 r  
    BUFGCTRL_X0Y2        BUFG                         0.000     0.000 r  clk_IBUF_BUFG_inst/O
                         net (fo=302, routed)         1.022     1.022    datapath/video_inst/mmcm_adv_inst_display_clocks/inst/clk_in1
    MMCME2_ADV_X1Y0      MMCME2_ADV (Prop_mmcme2_adv_CLKIN1_CLKOUT0)
                                                     -2.040    -1.018 r  datapath/video_inst/mmcm_adv_inst_display_clocks/inst/mmcm_adv_inst/CLKOUT0
                         net (fo=1, routed)           0.989    -0.029    datapath/video_inst/mmcm_adv_inst_display_clocks/inst/clk_out1_clk_wiz_0
    BUFGCTRL_X0Y4        BUFG (Prop_bufg_I_O)         0.029    -0.000 r  datapath/video_inst/mmcm_adv_inst_display_clocks/inst/clkout1_buf/O
                         net (fo=65, routed)          0.919     0.919    datapath/video_inst/inst_dvid/CLK
    SLICE_X160Y138       FDRE                                         r  datapath/video_inst/inst_dvid/latched_blue_reg[2]/C
                         clock pessimism             -0.234     0.685    
    SLICE_X160Y138       FDRE (Hold_fdre_C_D)         0.016     0.701    datapath/video_inst/inst_dvid/latched_blue_reg[2]
  -------------------------------------------------------------------
                         required time                         -0.701    
                         arrival time                           0.892    
  -------------------------------------------------------------------
                         slack                                  0.192    

Slack (MET) :             0.192ns  (arrival time - required time)
  Source:                 datapath/video_inst/inst_dvid/TDMS_encoder_red/encoded_reg[9]/C
                            (rising edge-triggered cell FDRE clocked by clk_out1_clk_wiz_0  {rise@0.000ns fall@20.000ns period=40.000ns})
  Destination:            datapath/video_inst/inst_dvid/latched_red_reg[9]/D
                            (rising edge-triggered cell FDRE clocked by clk_out1_clk_wiz_0  {rise@0.000ns fall@20.000ns period=40.000ns})
  Path Group:             clk_out1_clk_wiz_0
  Path Type:              Hold (Min at Fast Process Corner)
  Requirement:            0.000ns  (clk_out1_clk_wiz_0 rise@0.000ns - clk_out1_clk_wiz_0 rise@0.000ns)
  Data Path Delay:        0.304ns  (logic 0.141ns (46.384%)  route 0.163ns (53.616%))
  Logic Levels:           0  
  Clock Path Skew:        0.040ns (DCD - SCD - CPR)
    Destination Clock Delay (DCD):    0.919ns
    Source Clock Delay      (SCD):    0.645ns
    Clock Pessimism Removal (CPR):    0.234ns

    Location             Delay type                Incr(ns)  Path(ns)    Netlist Resource(s)
  -------------------------------------------------------------------    -------------------
                         (clock clk_out1_clk_wiz_0 rise edge)
                                                      0.000     0.000 r  
    BUFGCTRL_X0Y2        BUFG                         0.000     0.000 r  clk_IBUF_BUFG_inst/O
                         net (fo=302, routed)         0.745     0.745    datapath/video_inst/mmcm_adv_inst_display_clocks/inst/clk_in1
    MMCME2_ADV_X1Y0      MMCME2_ADV (Prop_mmcme2_adv_CLKIN1_CLKOUT0)
                                                     -1.683    -0.938 r  datapath/video_inst/mmcm_adv_inst_display_clocks/inst/mmcm_adv_inst/CLKOUT0
                         net (fo=1, routed)           0.912    -0.026    datapath/video_inst/mmcm_adv_inst_display_clocks/inst/clk_out1_clk_wiz_0
    BUFGCTRL_X0Y4        BUFG (Prop_bufg_I_O)         0.026    -0.000 r  datapath/video_inst/mmcm_adv_inst_display_clocks/inst/clkout1_buf/O
                         net (fo=65, routed)          0.645     0.645    datapath/video_inst/inst_dvid/TDMS_encoder_red/CLK
    SLICE_X157Y138       FDRE                                         r  datapath/video_inst/inst_dvid/TDMS_encoder_red/encoded_reg[9]/C
  -------------------------------------------------------------------    -------------------
    SLICE_X157Y138       FDRE (Prop_fdre_C_Q)         0.141     0.786 r  datapath/video_inst/inst_dvid/TDMS_encoder_red/encoded_reg[9]/Q
                         net (fo=1, routed)           0.163     0.949    datapath/video_inst/inst_dvid/TDMS_encoder_red_n_0
    SLICE_X160Y138       FDRE                                         r  datapath/video_inst/inst_dvid/latched_red_reg[9]/D
  -------------------------------------------------------------------    -------------------

                         (clock clk_out1_clk_wiz_0 rise edge)
                                                      0.000     0.000 r  
    BUFGCTRL_X0Y2        BUFG                         0.000     0.000 r  clk_IBUF_BUFG_inst/O
                         net (fo=302, routed)         1.022     1.022    datapath/video_inst/mmcm_adv_inst_display_clocks/inst/clk_in1
    MMCME2_ADV_X1Y0      MMCME2_ADV (Prop_mmcme2_adv_CLKIN1_CLKOUT0)
                                                     -2.040    -1.018 r  datapath/video_inst/mmcm_adv_inst_display_clocks/inst/mmcm_adv_inst/CLKOUT0
                         net (fo=1, routed)           0.989    -0.029    datapath/video_inst/mmcm_adv_inst_display_clocks/inst/clk_out1_clk_wiz_0
    BUFGCTRL_X0Y4        BUFG (Prop_bufg_I_O)         0.029    -0.000 r  datapath/video_inst/mmcm_adv_inst_display_clocks/inst/clkout1_buf/O
                         net (fo=65, routed)          0.919     0.919    datapath/video_inst/inst_dvid/CLK
    SLICE_X160Y138       FDRE                                         r  datapath/video_inst/inst_dvid/latched_red_reg[9]/C
                         clock pessimism             -0.234     0.685    
    SLICE_X160Y138       FDRE (Hold_fdre_C_D)         0.072     0.757    datapath/video_inst/inst_dvid/latched_red_reg[9]
  -------------------------------------------------------------------
                         required time                         -0.757    
                         arrival time                           0.949    
  -------------------------------------------------------------------
                         slack                                  0.192    

Slack (MET) :             0.203ns  (arrival time - required time)
  Source:                 datapath/video_inst/inst_dvid/TDMS_encoder_red/encoded_reg[2]/C
                            (rising edge-triggered cell FDRE clocked by clk_out1_clk_wiz_0  {rise@0.000ns fall@20.000ns period=40.000ns})
  Destination:            datapath/video_inst/inst_dvid/latched_red_reg[2]/D
                            (rising edge-triggered cell FDRE clocked by clk_out1_clk_wiz_0  {rise@0.000ns fall@20.000ns period=40.000ns})
  Path Group:             clk_out1_clk_wiz_0
  Path Type:              Hold (Min at Fast Process Corner)
  Requirement:            0.000ns  (clk_out1_clk_wiz_0 rise@0.000ns - clk_out1_clk_wiz_0 rise@0.000ns)
  Data Path Delay:        0.242ns  (logic 0.128ns (52.946%)  route 0.114ns (47.054%))
  Logic Levels:           0  
  Clock Path Skew:        0.016ns (DCD - SCD - CPR)
    Destination Clock Delay (DCD):    0.916ns
    Source Clock Delay      (SCD):    0.643ns
    Clock Pessimism Removal (CPR):    0.257ns

    Location             Delay type                Incr(ns)  Path(ns)    Netlist Resource(s)
  -------------------------------------------------------------------    -------------------
                         (clock clk_out1_clk_wiz_0 rise edge)
                                                      0.000     0.000 r  
    BUFGCTRL_X0Y2        BUFG                         0.000     0.000 r  clk_IBUF_BUFG_inst/O
                         net (fo=302, routed)         0.745     0.745    datapath/video_inst/mmcm_adv_inst_display_clocks/inst/clk_in1
    MMCME2_ADV_X1Y0      MMCME2_ADV (Prop_mmcme2_adv_CLKIN1_CLKOUT0)
                                                     -1.683    -0.938 r  datapath/video_inst/mmcm_adv_inst_display_clocks/inst/mmcm_adv_inst/CLKOUT0
                         net (fo=1, routed)           0.912    -0.026    datapath/video_inst/mmcm_adv_inst_display_clocks/inst/clk_out1_clk_wiz_0
    BUFGCTRL_X0Y4        BUFG (Prop_bufg_I_O)         0.026    -0.000 r  datapath/video_inst/mmcm_adv_inst_display_clocks/inst/clkout1_buf/O
                         net (fo=65, routed)          0.643     0.643    datapath/video_inst/inst_dvid/TDMS_encoder_red/CLK
    SLICE_X157Y136       FDRE                                         r  datapath/video_inst/inst_dvid/TDMS_encoder_red/encoded_reg[2]/C
  -------------------------------------------------------------------    -------------------
    SLICE_X157Y136       FDRE (Prop_fdre_C_Q)         0.128     0.771 r  datapath/video_inst/inst_dvid/TDMS_encoder_red/encoded_reg[2]/Q
                         net (fo=1, routed)           0.114     0.884    datapath/video_inst/inst_dvid/TDMS_encoder_red_n_2
    SLICE_X157Y137       FDRE                                         r  datapath/video_inst/inst_dvid/latched_red_reg[2]/D
  -------------------------------------------------------------------    -------------------

                         (clock clk_out1_clk_wiz_0 rise edge)
                                                      0.000     0.000 r  
    BUFGCTRL_X0Y2        BUFG                         0.000     0.000 r  clk_IBUF_BUFG_inst/O
                         net (fo=302, routed)         1.022     1.022    datapath/video_inst/mmcm_adv_inst_display_clocks/inst/clk_in1
    MMCME2_ADV_X1Y0      MMCME2_ADV (Prop_mmcme2_adv_CLKIN1_CLKOUT0)
                                                     -2.040    -1.018 r  datapath/video_inst/mmcm_adv_inst_display_clocks/inst/mmcm_adv_inst/CLKOUT0
                         net (fo=1, routed)           0.989    -0.029    datapath/video_inst/mmcm_adv_inst_display_clocks/inst/clk_out1_clk_wiz_0
    BUFGCTRL_X0Y4        BUFG (Prop_bufg_I_O)         0.029    -0.000 r  datapath/video_inst/mmcm_adv_inst_display_clocks/inst/clkout1_buf/O
                         net (fo=65, routed)          0.916     0.916    datapath/video_inst/inst_dvid/CLK
    SLICE_X157Y137       FDRE                                         r  datapath/video_inst/inst_dvid/latched_red_reg[2]/C
                         clock pessimism             -0.257     0.659    
    SLICE_X157Y137       FDRE (Hold_fdre_C_D)         0.023     0.682    datapath/video_inst/inst_dvid/latched_red_reg[2]
  -------------------------------------------------------------------
                         required time                         -0.682    
                         arrival time                           0.884    
  -------------------------------------------------------------------
                         slack                                  0.203    

Slack (MET) :             0.222ns  (arrival time - required time)
  Source:                 datapath/video_inst/inst_dvid/TDMS_encoder_green/encoded_reg[0]/C
                            (rising edge-triggered cell FDRE clocked by clk_out1_clk_wiz_0  {rise@0.000ns fall@20.000ns period=40.000ns})
  Destination:            datapath/video_inst/inst_dvid/latched_green_reg[0]/D
                            (rising edge-triggered cell FDRE clocked by clk_out1_clk_wiz_0  {rise@0.000ns fall@20.000ns period=40.000ns})
  Path Group:             clk_out1_clk_wiz_0
  Path Type:              Hold (Min at Fast Process Corner)
  Requirement:            0.000ns  (clk_out1_clk_wiz_0 rise@0.000ns - clk_out1_clk_wiz_0 rise@0.000ns)
  Data Path Delay:        0.307ns  (logic 0.141ns (45.946%)  route 0.166ns (54.054%))
  Logic Levels:           0  
  Clock Path Skew:        0.015ns (DCD - SCD - CPR)
    Destination Clock Delay (DCD):    0.915ns
    Source Clock Delay      (SCD):    0.643ns
    Clock Pessimism Removal (CPR):    0.257ns

    Location             Delay type                Incr(ns)  Path(ns)    Netlist Resource(s)
  -------------------------------------------------------------------    -------------------
                         (clock clk_out1_clk_wiz_0 rise edge)
                                                      0.000     0.000 r  
    BUFGCTRL_X0Y2        BUFG                         0.000     0.000 r  clk_IBUF_BUFG_inst/O
                         net (fo=302, routed)         0.745     0.745    datapath/video_inst/mmcm_adv_inst_display_clocks/inst/clk_in1
    MMCME2_ADV_X1Y0      MMCME2_ADV (Prop_mmcme2_adv_CLKIN1_CLKOUT0)
                                                     -1.683    -0.938 r  datapath/video_inst/mmcm_adv_inst_display_clocks/inst/mmcm_adv_inst/CLKOUT0
                         net (fo=1, routed)           0.912    -0.026    datapath/video_inst/mmcm_adv_inst_display_clocks/inst/clk_out1_clk_wiz_0
    BUFGCTRL_X0Y4        BUFG (Prop_bufg_I_O)         0.026    -0.000 r  datapath/video_inst/mmcm_adv_inst_display_clocks/inst/clkout1_buf/O
                         net (fo=65, routed)          0.643     0.643    datapath/video_inst/inst_dvid/TDMS_encoder_green/CLK
    SLICE_X157Y136       FDRE                                         r  datapath/video_inst/inst_dvid/TDMS_encoder_green/encoded_reg[0]/C
  -------------------------------------------------------------------    -------------------
    SLICE_X157Y136       FDRE (Prop_fdre_C_Q)         0.141     0.784 r  datapath/video_inst/inst_dvid/TDMS_encoder_green/encoded_reg[0]/Q
                         net (fo=1, routed)           0.166     0.949    datapath/video_inst/inst_dvid/TDMS_encoder_green_n_3
    SLICE_X157Y135       FDRE                                         r  datapath/video_inst/inst_dvid/latched_green_reg[0]/D
  -------------------------------------------------------------------    -------------------

                         (clock clk_out1_clk_wiz_0 rise edge)
                                                      0.000     0.000 r  
    BUFGCTRL_X0Y2        BUFG                         0.000     0.000 r  clk_IBUF_BUFG_inst/O
                         net (fo=302, routed)         1.022     1.022    datapath/video_inst/mmcm_adv_inst_display_clocks/inst/clk_in1
    MMCME2_ADV_X1Y0      MMCME2_ADV (Prop_mmcme2_adv_CLKIN1_CLKOUT0)
                                                     -2.040    -1.018 r  datapath/video_inst/mmcm_adv_inst_display_clocks/inst/mmcm_adv_inst/CLKOUT0
                         net (fo=1, routed)           0.989    -0.029    datapath/video_inst/mmcm_adv_inst_display_clocks/inst/clk_out1_clk_wiz_0
    BUFGCTRL_X0Y4        BUFG (Prop_bufg_I_O)         0.029    -0.000 r  datapath/video_inst/mmcm_adv_inst_display_clocks/inst/clkout1_buf/O
                         net (fo=65, routed)          0.915     0.915    datapath/video_inst/inst_dvid/CLK
    SLICE_X157Y135       FDRE                                         r  datapath/video_inst/inst_dvid/latched_green_reg[0]/C
                         clock pessimism             -0.257     0.658    
    SLICE_X157Y135       FDRE (Hold_fdre_C_D)         0.070     0.728    datapath/video_inst/inst_dvid/latched_green_reg[0]
  -------------------------------------------------------------------
                         required time                         -0.728    
                         arrival time                           0.949    
  -------------------------------------------------------------------
                         slack                                  0.222    

Slack (MET) :             0.227ns  (arrival time - required time)
  Source:                 datapath/video_inst/Inst_vga/vga_sig_gen/v_counter/w_processQ_reg[1]/C
                            (rising edge-triggered cell FDRE clocked by clk_out1_clk_wiz_0  {rise@0.000ns fall@20.000ns period=40.000ns})
  Destination:            datapath/video_inst/Inst_vga/vga_sig_gen/v_counter/w_processQ_reg[5]/D
                            (rising edge-triggered cell FDRE clocked by clk_out1_clk_wiz_0  {rise@0.000ns fall@20.000ns period=40.000ns})
  Path Group:             clk_out1_clk_wiz_0
  Path Type:              Hold (Min at Fast Process Corner)
  Requirement:            0.000ns  (clk_out1_clk_wiz_0 rise@0.000ns - clk_out1_clk_wiz_0 rise@0.000ns)
  Data Path Delay:        0.348ns  (logic 0.246ns (70.607%)  route 0.102ns (29.393%))
  Logic Levels:           1  (LUT6=1)
  Clock Path Skew:        0.000ns (DCD - SCD - CPR)
    Destination Clock Delay (DCD):    0.882ns
    Source Clock Delay      (SCD):    0.612ns
    Clock Pessimism Removal (CPR):    0.270ns

    Location             Delay type                Incr(ns)  Path(ns)    Netlist Resource(s)
  -------------------------------------------------------------------    -------------------
                         (clock clk_out1_clk_wiz_0 rise edge)
                                                      0.000     0.000 r  
    BUFGCTRL_X0Y2        BUFG                         0.000     0.000 r  clk_IBUF_BUFG_inst/O
                         net (fo=302, routed)         0.745     0.745    datapath/video_inst/mmcm_adv_inst_display_clocks/inst/clk_in1
    MMCME2_ADV_X1Y0      MMCME2_ADV (Prop_mmcme2_adv_CLKIN1_CLKOUT0)
                                                     -1.683    -0.938 r  datapath/video_inst/mmcm_adv_inst_display_clocks/inst/mmcm_adv_inst/CLKOUT0
                         net (fo=1, routed)           0.912    -0.026    datapath/video_inst/mmcm_adv_inst_display_clocks/inst/clk_out1_clk_wiz_0
    BUFGCTRL_X0Y4        BUFG (Prop_bufg_I_O)         0.026    -0.000 r  datapath/video_inst/mmcm_adv_inst_display_clocks/inst/clkout1_buf/O
                         net (fo=65, routed)          0.612     0.612    datapath/video_inst/Inst_vga/vga_sig_gen/v_counter/CLK
    SLICE_X150Y130       FDRE                                         r  datapath/video_inst/Inst_vga/vga_sig_gen/v_counter/w_processQ_reg[1]/C
  -------------------------------------------------------------------    -------------------
    SLICE_X150Y130       FDRE (Prop_fdre_C_Q)         0.148     0.760 r  datapath/video_inst/Inst_vga/vga_sig_gen/v_counter/w_processQ_reg[1]/Q
                         net (fo=39, routed)          0.102     0.862    datapath/video_inst/Inst_vga/vga_sig_gen/v_counter/Q[1]
    SLICE_X150Y130       LUT6 (Prop_lut6_I4_O)        0.098     0.960 r  datapath/video_inst/Inst_vga/vga_sig_gen/v_counter/w_processQ[5]_i_1/O
                         net (fo=1, routed)           0.000     0.960    datapath/video_inst/Inst_vga/vga_sig_gen/v_counter/w_processQ[5]_i_1_n_0
    SLICE_X150Y130       FDRE                                         r  datapath/video_inst/Inst_vga/vga_sig_gen/v_counter/w_processQ_reg[5]/D
  -------------------------------------------------------------------    -------------------

                         (clock clk_out1_clk_wiz_0 rise edge)
                                                      0.000     0.000 r  
    BUFGCTRL_X0Y2        BUFG                         0.000     0.000 r  clk_IBUF_BUFG_inst/O
                         net (fo=302, routed)         1.022     1.022    datapath/video_inst/mmcm_adv_inst_display_clocks/inst/clk_in1
    MMCME2_ADV_X1Y0      MMCME2_ADV (Prop_mmcme2_adv_CLKIN1_CLKOUT0)
                                                     -2.040    -1.018 r  datapath/video_inst/mmcm_adv_inst_display_clocks/inst/mmcm_adv_inst/CLKOUT0
                         net (fo=1, routed)           0.989    -0.029    datapath/video_inst/mmcm_adv_inst_display_clocks/inst/clk_out1_clk_wiz_0
    BUFGCTRL_X0Y4        BUFG (Prop_bufg_I_O)         0.029    -0.000 r  datapath/video_inst/mmcm_adv_inst_display_clocks/inst/clkout1_buf/O
                         net (fo=65, routed)          0.882     0.882    datapath/video_inst/Inst_vga/vga_sig_gen/v_counter/CLK
    SLICE_X150Y130       FDRE                                         r  datapath/video_inst/Inst_vga/vga_sig_gen/v_counter/w_processQ_reg[5]/C
                         clock pessimism             -0.270     0.612    
    SLICE_X150Y130       FDRE (Hold_fdre_C_D)         0.121     0.733    datapath/video_inst/Inst_vga/vga_sig_gen/v_counter/w_processQ_reg[5]
  -------------------------------------------------------------------
                         required time                         -0.733    
                         arrival time                           0.960    
  -------------------------------------------------------------------
                         slack                                  0.227    

Slack (MET) :             0.233ns  (arrival time - required time)
  Source:                 datapath/video_inst/Inst_vga/vga_sig_gen/h_counter/w_processQ_reg[2]/C
                            (rising edge-triggered cell FDRE clocked by clk_out1_clk_wiz_0  {rise@0.000ns fall@20.000ns period=40.000ns})
  Destination:            datapath/video_inst/Inst_vga/vga_sig_gen/h_counter/w_processQ_reg[3]/D
                            (rising edge-triggered cell FDRE clocked by clk_out1_clk_wiz_0  {rise@0.000ns fall@20.000ns period=40.000ns})
  Path Group:             clk_out1_clk_wiz_0
  Path Type:              Hold (Min at Fast Process Corner)
  Requirement:            0.000ns  (clk_out1_clk_wiz_0 rise@0.000ns - clk_out1_clk_wiz_0 rise@0.000ns)
  Data Path Delay:        0.325ns  (logic 0.227ns (69.909%)  route 0.098ns (30.091%))
  Logic Levels:           1  (LUT6=1)
  Clock Path Skew:        0.000ns (DCD - SCD - CPR)
    Destination Clock Delay (DCD):    0.883ns
    Source Clock Delay      (SCD):    0.613ns
    Clock Pessimism Removal (CPR):    0.270ns

    Location             Delay type                Incr(ns)  Path(ns)    Netlist Resource(s)
  -------------------------------------------------------------------    -------------------
                         (clock clk_out1_clk_wiz_0 rise edge)
                                                      0.000     0.000 r  
    BUFGCTRL_X0Y2        BUFG                         0.000     0.000 r  clk_IBUF_BUFG_inst/O
                         net (fo=302, routed)         0.745     0.745    datapath/video_inst/mmcm_adv_inst_display_clocks/inst/clk_in1
    MMCME2_ADV_X1Y0      MMCME2_ADV (Prop_mmcme2_adv_CLKIN1_CLKOUT0)
                                                     -1.683    -0.938 r  datapath/video_inst/mmcm_adv_inst_display_clocks/inst/mmcm_adv_inst/CLKOUT0
                         net (fo=1, routed)           0.912    -0.026    datapath/video_inst/mmcm_adv_inst_display_clocks/inst/clk_out1_clk_wiz_0
    BUFGCTRL_X0Y4        BUFG (Prop_bufg_I_O)         0.026    -0.000 r  datapath/video_inst/mmcm_adv_inst_display_clocks/inst/clkout1_buf/O
                         net (fo=65, routed)          0.613     0.613    datapath/video_inst/Inst_vga/vga_sig_gen/h_counter/CLK
    SLICE_X149Y131       FDRE                                         r  datapath/video_inst/Inst_vga/vga_sig_gen/h_counter/w_processQ_reg[2]/C
  -------------------------------------------------------------------    -------------------
    SLICE_X149Y131       FDRE (Prop_fdre_C_Q)         0.128     0.741 r  datapath/video_inst/Inst_vga/vga_sig_gen/h_counter/w_processQ_reg[2]/Q
                         net (fo=49, routed)          0.098     0.838    datapath/video_inst/Inst_vga/vga_sig_gen/h_counter/Q[2]
    SLICE_X149Y131       LUT6 (Prop_lut6_I4_O)        0.099     0.937 r  datapath/video_inst/Inst_vga/vga_sig_gen/h_counter/w_processQ[3]_i_1/O
                         net (fo=1, routed)           0.000     0.937    datapath/video_inst/Inst_vga/vga_sig_gen/h_counter/w_processQ1_in[3]
    SLICE_X149Y131       FDRE                                         r  datapath/video_inst/Inst_vga/vga_sig_gen/h_counter/w_processQ_reg[3]/D
  -------------------------------------------------------------------    -------------------

                         (clock clk_out1_clk_wiz_0 rise edge)
                                                      0.000     0.000 r  
    BUFGCTRL_X0Y2        BUFG                         0.000     0.000 r  clk_IBUF_BUFG_inst/O
                         net (fo=302, routed)         1.022     1.022    datapath/video_inst/mmcm_adv_inst_display_clocks/inst/clk_in1
    MMCME2_ADV_X1Y0      MMCME2_ADV (Prop_mmcme2_adv_CLKIN1_CLKOUT0)
                                                     -2.040    -1.018 r  datapath/video_inst/mmcm_adv_inst_display_clocks/inst/mmcm_adv_inst/CLKOUT0
                         net (fo=1, routed)           0.989    -0.029    datapath/video_inst/mmcm_adv_inst_display_clocks/inst/clk_out1_clk_wiz_0
    BUFGCTRL_X0Y4        BUFG (Prop_bufg_I_O)         0.029    -0.000 r  datapath/video_inst/mmcm_adv_inst_display_clocks/inst/clkout1_buf/O
                         net (fo=65, routed)          0.883     0.883    datapath/video_inst/Inst_vga/vga_sig_gen/h_counter/CLK
    SLICE_X149Y131       FDRE                                         r  datapath/video_inst/Inst_vga/vga_sig_gen/h_counter/w_processQ_reg[3]/C
                         clock pessimism             -0.270     0.613    
    SLICE_X149Y131       FDRE (Hold_fdre_C_D)         0.092     0.705    datapath/video_inst/Inst_vga/vga_sig_gen/h_counter/w_processQ_reg[3]
  -------------------------------------------------------------------
                         required time                         -0.705    
                         arrival time                           0.937    
  -------------------------------------------------------------------
                         slack                                  0.233    





Pulse Width Checks
--------------------------------------------------------------------------------------
Clock Name:         clk_out1_clk_wiz_0
Waveform(ns):       { 0.000 20.000 }
Period(ns):         40.000
Sources:            { datapath/video_inst/mmcm_adv_inst_display_clocks/inst/mmcm_adv_inst/CLKOUT0 }

Check Type        Corner  Lib Pin             Reference Pin  Required(ns)  Actual(ns)  Slack(ns)  Location         Pin
Min Period        n/a     BUFG/I              n/a            2.155         40.000      37.845     BUFGCTRL_X0Y4    datapath/video_inst/mmcm_adv_inst_display_clocks/inst/clkout1_buf/I
Min Period        n/a     MMCME2_ADV/CLKOUT0  n/a            1.249         40.000      38.751     MMCME2_ADV_X1Y0  datapath/video_inst/mmcm_adv_inst_display_clocks/inst/mmcm_adv_inst/CLKOUT0
Min Period        n/a     FDRE/C              n/a            1.000         40.000      39.000     SLICE_X149Y133   datapath/video_inst/Inst_vga/vga_sig_gen/h_blank_is_low_reg/C
Min Period        n/a     FDRE/C              n/a            1.000         40.000      39.000     SLICE_X157Y137   datapath/video_inst/Inst_vga/vga_sig_gen/h_sync_is_low_reg/C
Min Period        n/a     FDRE/C              n/a            1.000         40.000      39.000     SLICE_X155Y133   datapath/video_inst/Inst_vga/vga_sig_gen/v_blank_is_low_reg/C
Min Period        n/a     FDRE/C              n/a            1.000         40.000      39.000     SLICE_X154Y133   datapath/video_inst/Inst_vga/vga_sig_gen/v_sync_is_low_reg/C
Min Period        n/a     FDRE/C              n/a            1.000         40.000      39.000     SLICE_X149Y132   datapath/video_inst/Inst_vga/vga_sig_gen/h_counter/w_processQ_reg[0]/C
Min Period        n/a     FDRE/C              n/a            1.000         40.000      39.000     SLICE_X149Y131   datapath/video_inst/Inst_vga/vga_sig_gen/h_counter/w_processQ_reg[1]/C
Min Period        n/a     FDRE/C              n/a            1.000         40.000      39.000     SLICE_X149Y131   datapath/video_inst/Inst_vga/vga_sig_gen/h_counter/w_processQ_reg[2]/C
Min Period        n/a     FDRE/C              n/a            1.000         40.000      39.000     SLICE_X149Y131   datapath/video_inst/Inst_vga/vga_sig_gen/h_counter/w_processQ_reg[3]/C
Max Period        n/a     MMCME2_ADV/CLKOUT0  n/a            213.360       40.000      173.360    MMCME2_ADV_X1Y0  datapath/video_inst/mmcm_adv_inst_display_clocks/inst/mmcm_adv_inst/CLKOUT0
Low Pulse Width   Slow    FDRE/C              n/a            0.500         20.000      19.500     SLICE_X149Y133   datapath/video_inst/Inst_vga/vga_sig_gen/h_blank_is_low_reg/C
Low Pulse Width   Fast    FDRE/C              n/a            0.500         20.000      19.500     SLICE_X149Y133   datapath/video_inst/Inst_vga/vga_sig_gen/h_blank_is_low_reg/C
Low Pulse Width   Slow    FDRE/C              n/a            0.500         20.000      19.500     SLICE_X157Y137   datapath/video_inst/Inst_vga/vga_sig_gen/h_sync_is_low_reg/C
Low Pulse Width   Fast    FDRE/C              n/a            0.500         20.000      19.500     SLICE_X157Y137   datapath/video_inst/Inst_vga/vga_sig_gen/h_sync_is_low_reg/C
Low Pulse Width   Slow    FDRE/C              n/a            0.500         20.000      19.500     SLICE_X155Y133   datapath/video_inst/Inst_vga/vga_sig_gen/v_blank_is_low_reg/C
Low Pulse Width   Fast    FDRE/C              n/a            0.500         20.000      19.500     SLICE_X155Y133   datapath/video_inst/Inst_vga/vga_sig_gen/v_blank_is_low_reg/C
Low Pulse Width   Slow    FDRE/C              n/a            0.500         20.000      19.500     SLICE_X154Y133   datapath/video_inst/Inst_vga/vga_sig_gen/v_sync_is_low_reg/C
Low Pulse Width   Fast    FDRE/C              n/a            0.500         20.000      19.500     SLICE_X154Y133   datapath/video_inst/Inst_vga/vga_sig_gen/v_sync_is_low_reg/C
Low Pulse Width   Slow    FDRE/C              n/a            0.500         20.000      19.500     SLICE_X149Y132   datapath/video_inst/Inst_vga/vga_sig_gen/h_counter/w_processQ_reg[0]/C
Low Pulse Width   Fast    FDRE/C              n/a            0.500         20.000      19.500     SLICE_X149Y132   datapath/video_inst/Inst_vga/vga_sig_gen/h_counter/w_processQ_reg[0]/C
High Pulse Width  Slow    FDRE/C              n/a            0.500         20.000      19.500     SLICE_X149Y133   datapath/video_inst/Inst_vga/vga_sig_gen/h_blank_is_low_reg/C
High Pulse Width  Fast    FDRE/C              n/a            0.500         20.000      19.500     SLICE_X149Y133   datapath/video_inst/Inst_vga/vga_sig_gen/h_blank_is_low_reg/C
High Pulse Width  Slow    FDRE/C              n/a            0.500         20.000      19.500     SLICE_X157Y137   datapath/video_inst/Inst_vga/vga_sig_gen/h_sync_is_low_reg/C
High Pulse Width  Fast    FDRE/C              n/a            0.500         20.000      19.500     SLICE_X157Y137   datapath/video_inst/Inst_vga/vga_sig_gen/h_sync_is_low_reg/C
High Pulse Width  Slow    FDRE/C              n/a            0.500         20.000      19.500     SLICE_X155Y133   datapath/video_inst/Inst_vga/vga_sig_gen/v_blank_is_low_reg/C
High Pulse Width  Fast    FDRE/C              n/a            0.500         20.000      19.500     SLICE_X155Y133   datapath/video_inst/Inst_vga/vga_sig_gen/v_blank_is_low_reg/C
High Pulse Width  Slow    FDRE/C              n/a            0.500         20.000      19.500     SLICE_X154Y133   datapath/video_inst/Inst_vga/vga_sig_gen/v_sync_is_low_reg/C
High Pulse Width  Fast    FDRE/C              n/a            0.500         20.000      19.500     SLICE_X154Y133   datapath/video_inst/Inst_vga/vga_sig_gen/v_sync_is_low_reg/C
High Pulse Width  Slow    FDRE/C              n/a            0.500         20.000      19.500     SLICE_X149Y132   datapath/video_inst/Inst_vga/vga_sig_gen/h_counter/w_processQ_reg[0]/C
High Pulse Width  Fast    FDRE/C              n/a            0.500         20.000      19.500     SLICE_X149Y132   datapath/video_inst/Inst_vga/vga_sig_gen/h_counter/w_processQ_reg[0]/C



---------------------------------------------------------------------------------------------------
From Clock:  clk_out2_clk_wiz_0
  To Clock:  clk_out2_clk_wiz_0

Setup :            0  Failing Endpoints,  Worst Slack        3.605ns,  Total Violation        0.000ns
Hold  :            0  Failing Endpoints,  Worst Slack        0.174ns,  Total Violation        0.000ns
PW    :            0  Failing Endpoints,  Worst Slack        3.500ns,  Total Violation        0.000ns
---------------------------------------------------------------------------------------------------


Max Delay Paths
--------------------------------------------------------------------------------------
Slack (MET) :             3.605ns  (required time - arrival time)
  Source:                 datapath/video_inst/inst_dvid/shift_clock_reg[0]/C
                            (rising edge-triggered cell FDRE clocked by clk_out2_clk_wiz_0  {rise@0.000ns fall@4.000ns period=8.000ns})
  Destination:            datapath/video_inst/inst_dvid/shift_red_reg[0]/S
                            (rising edge-triggered cell FDSE clocked by clk_out2_clk_wiz_0  {rise@0.000ns fall@4.000ns period=8.000ns})
  Path Group:             clk_out2_clk_wiz_0
  Path Type:              Setup (Max at Slow Process Corner)
  Requirement:            8.000ns  (clk_out2_clk_wiz_0 rise@8.000ns - clk_out2_clk_wiz_0 rise@0.000ns)
  Data Path Delay:        3.857ns  (logic 0.890ns (23.072%)  route 2.967ns (76.928%))
  Logic Levels:           3  (LUT2=1 LUT5=1 LUT6=1)
  Clock Path Skew:        -0.037ns (DCD - SCD + CPR)
    Destination Clock Delay (DCD):    1.707ns = ( 9.707 - 8.000 ) 
    Source Clock Delay      (SCD):    1.833ns
    Clock Pessimism Removal (CPR):    0.089ns
  Clock Uncertainty:      0.072ns  ((TSJ^2 + DJ^2)^1/2) / 2 + PE
    Total System Jitter     (TSJ):    0.071ns
    Discrete Jitter          (DJ):    0.125ns
    Phase Error              (PE):    0.000ns

    Location             Delay type                Incr(ns)  Path(ns)    Netlist Resource(s)
  -------------------------------------------------------------------    -------------------
                         (clock clk_out2_clk_wiz_0 rise edge)
                                                      0.000     0.000 r  
    BUFGCTRL_X0Y2        BUFG                         0.000     0.000 r  clk_IBUF_BUFG_inst/O
                         net (fo=302, routed)         2.106     2.106    datapath/video_inst/mmcm_adv_inst_display_clocks/inst/clk_in1
    MMCME2_ADV_X1Y0      MMCME2_ADV (Prop_mmcme2_adv_CLKIN1_CLKOUT1)
                                                     -4.900    -2.793 r  datapath/video_inst/mmcm_adv_inst_display_clocks/inst/mmcm_adv_inst/CLKOUT1
                         net (fo=1, routed)           2.697    -0.096    datapath/video_inst/mmcm_adv_inst_display_clocks/inst/clk_out2_clk_wiz_0
    BUFGCTRL_X0Y0        BUFG (Prop_bufg_I_O)         0.096    -0.000 r  datapath/video_inst/mmcm_adv_inst_display_clocks/inst/clkout2_buf/O
                         net (fo=44, routed)          1.833     1.833    datapath/video_inst/inst_dvid/clk_out2
    SLICE_X162Y147       FDRE                                         r  datapath/video_inst/inst_dvid/shift_clock_reg[0]/C
  -------------------------------------------------------------------    -------------------
    SLICE_X162Y147       FDRE (Prop_fdre_C_Q)         0.518     2.351 r  datapath/video_inst/inst_dvid/shift_clock_reg[0]/Q
                         net (fo=3, routed)           0.678     3.030    datapath/video_inst/inst_dvid/shift_clock[0]
    SLICE_X163Y147       LUT6 (Prop_lut6_I5_O)        0.124     3.154 f  datapath/video_inst/inst_dvid/shift_red[9]_i_2/O
                         net (fo=1, routed)           0.425     3.579    datapath/video_inst/inst_dvid/shift_red[9]_i_2_n_0
    SLICE_X162Y147       LUT5 (Prop_lut5_I0_O)        0.124     3.703 f  datapath/video_inst/inst_dvid/shift_red[9]_i_1/O
                         net (fo=31, routed)          0.884     4.587    datapath/video_inst/inst_dvid/shift_red[9]_i_1_n_0
    SLICE_X160Y134       LUT2 (Prop_lut2_I1_O)        0.124     4.711 r  datapath/video_inst/inst_dvid/shift_red[7]_i_1/O
                         net (fo=5, routed)           0.980     5.691    datapath/video_inst/inst_dvid/shift_red[7]_i_1_n_0
    SLICE_X160Y134       FDSE                                         r  datapath/video_inst/inst_dvid/shift_red_reg[0]/S
  -------------------------------------------------------------------    -------------------

                         (clock clk_out2_clk_wiz_0 rise edge)
                                                      8.000     8.000 r  
    BUFGCTRL_X0Y2        BUFG                         0.000     8.000 r  clk_IBUF_BUFG_inst/O
                         net (fo=302, routed)         1.972     9.972    datapath/video_inst/mmcm_adv_inst_display_clocks/inst/clk_in1
    MMCME2_ADV_X1Y0      MMCME2_ADV (Prop_mmcme2_adv_CLKIN1_CLKOUT1)
                                                     -4.637     5.335 r  datapath/video_inst/mmcm_adv_inst_display_clocks/inst/mmcm_adv_inst/CLKOUT1
                         net (fo=1, routed)           2.574     7.909    datapath/video_inst/mmcm_adv_inst_display_clocks/inst/clk_out2_clk_wiz_0
    BUFGCTRL_X0Y0        BUFG (Prop_bufg_I_O)         0.091     8.000 r  datapath/video_inst/mmcm_adv_inst_display_clocks/inst/clkout2_buf/O
                         net (fo=44, routed)          1.707     9.707    datapath/video_inst/inst_dvid/clk_out2
    SLICE_X160Y134       FDSE                                         r  datapath/video_inst/inst_dvid/shift_red_reg[0]/C
                         clock pessimism              0.089     9.796    
                         clock uncertainty           -0.072     9.724    
    SLICE_X160Y134       FDSE (Setup_fdse_C_S)       -0.429     9.295    datapath/video_inst/inst_dvid/shift_red_reg[0]
  -------------------------------------------------------------------
                         required time                          9.295    
                         arrival time                          -5.691    
  -------------------------------------------------------------------
                         slack                                  3.605    

Slack (MET) :             3.605ns  (required time - arrival time)
  Source:                 datapath/video_inst/inst_dvid/shift_clock_reg[0]/C
                            (rising edge-triggered cell FDRE clocked by clk_out2_clk_wiz_0  {rise@0.000ns fall@4.000ns period=8.000ns})
  Destination:            datapath/video_inst/inst_dvid/shift_red_reg[1]/S
                            (rising edge-triggered cell FDSE clocked by clk_out2_clk_wiz_0  {rise@0.000ns fall@4.000ns period=8.000ns})
  Path Group:             clk_out2_clk_wiz_0
  Path Type:              Setup (Max at Slow Process Corner)
  Requirement:            8.000ns  (clk_out2_clk_wiz_0 rise@8.000ns - clk_out2_clk_wiz_0 rise@0.000ns)
  Data Path Delay:        3.857ns  (logic 0.890ns (23.072%)  route 2.967ns (76.928%))
  Logic Levels:           3  (LUT2=1 LUT5=1 LUT6=1)
  Clock Path Skew:        -0.037ns (DCD - SCD + CPR)
    Destination Clock Delay (DCD):    1.707ns = ( 9.707 - 8.000 ) 
    Source Clock Delay      (SCD):    1.833ns
    Clock Pessimism Removal (CPR):    0.089ns
  Clock Uncertainty:      0.072ns  ((TSJ^2 + DJ^2)^1/2) / 2 + PE
    Total System Jitter     (TSJ):    0.071ns
    Discrete Jitter          (DJ):    0.125ns
    Phase Error              (PE):    0.000ns

    Location             Delay type                Incr(ns)  Path(ns)    Netlist Resource(s)
  -------------------------------------------------------------------    -------------------
                         (clock clk_out2_clk_wiz_0 rise edge)
                                                      0.000     0.000 r  
    BUFGCTRL_X0Y2        BUFG                         0.000     0.000 r  clk_IBUF_BUFG_inst/O
                         net (fo=302, routed)         2.106     2.106    datapath/video_inst/mmcm_adv_inst_display_clocks/inst/clk_in1
    MMCME2_ADV_X1Y0      MMCME2_ADV (Prop_mmcme2_adv_CLKIN1_CLKOUT1)
                                                     -4.900    -2.793 r  datapath/video_inst/mmcm_adv_inst_display_clocks/inst/mmcm_adv_inst/CLKOUT1
                         net (fo=1, routed)           2.697    -0.096    datapath/video_inst/mmcm_adv_inst_display_clocks/inst/clk_out2_clk_wiz_0
    BUFGCTRL_X0Y0        BUFG (Prop_bufg_I_O)         0.096    -0.000 r  datapath/video_inst/mmcm_adv_inst_display_clocks/inst/clkout2_buf/O
                         net (fo=44, routed)          1.833     1.833    datapath/video_inst/inst_dvid/clk_out2
    SLICE_X162Y147       FDRE                                         r  datapath/video_inst/inst_dvid/shift_clock_reg[0]/C
  -------------------------------------------------------------------    -------------------
    SLICE_X162Y147       FDRE (Prop_fdre_C_Q)         0.518     2.351 r  datapath/video_inst/inst_dvid/shift_clock_reg[0]/Q
                         net (fo=3, routed)           0.678     3.030    datapath/video_inst/inst_dvid/shift_clock[0]
    SLICE_X163Y147       LUT6 (Prop_lut6_I5_O)        0.124     3.154 f  datapath/video_inst/inst_dvid/shift_red[9]_i_2/O
                         net (fo=1, routed)           0.425     3.579    datapath/video_inst/inst_dvid/shift_red[9]_i_2_n_0
    SLICE_X162Y147       LUT5 (Prop_lut5_I0_O)        0.124     3.703 f  datapath/video_inst/inst_dvid/shift_red[9]_i_1/O
                         net (fo=31, routed)          0.884     4.587    datapath/video_inst/inst_dvid/shift_red[9]_i_1_n_0
    SLICE_X160Y134       LUT2 (Prop_lut2_I1_O)        0.124     4.711 r  datapath/video_inst/inst_dvid/shift_red[7]_i_1/O
                         net (fo=5, routed)           0.980     5.691    datapath/video_inst/inst_dvid/shift_red[7]_i_1_n_0
    SLICE_X160Y134       FDSE                                         r  datapath/video_inst/inst_dvid/shift_red_reg[1]/S
  -------------------------------------------------------------------    -------------------

                         (clock clk_out2_clk_wiz_0 rise edge)
                                                      8.000     8.000 r  
    BUFGCTRL_X0Y2        BUFG                         0.000     8.000 r  clk_IBUF_BUFG_inst/O
                         net (fo=302, routed)         1.972     9.972    datapath/video_inst/mmcm_adv_inst_display_clocks/inst/clk_in1
    MMCME2_ADV_X1Y0      MMCME2_ADV (Prop_mmcme2_adv_CLKIN1_CLKOUT1)
                                                     -4.637     5.335 r  datapath/video_inst/mmcm_adv_inst_display_clocks/inst/mmcm_adv_inst/CLKOUT1
                         net (fo=1, routed)           2.574     7.909    datapath/video_inst/mmcm_adv_inst_display_clocks/inst/clk_out2_clk_wiz_0
    BUFGCTRL_X0Y0        BUFG (Prop_bufg_I_O)         0.091     8.000 r  datapath/video_inst/mmcm_adv_inst_display_clocks/inst/clkout2_buf/O
                         net (fo=44, routed)          1.707     9.707    datapath/video_inst/inst_dvid/clk_out2
    SLICE_X160Y134       FDSE                                         r  datapath/video_inst/inst_dvid/shift_red_reg[1]/C
                         clock pessimism              0.089     9.796    
                         clock uncertainty           -0.072     9.724    
    SLICE_X160Y134       FDSE (Setup_fdse_C_S)       -0.429     9.295    datapath/video_inst/inst_dvid/shift_red_reg[1]
  -------------------------------------------------------------------
                         required time                          9.295    
                         arrival time                          -5.691    
  -------------------------------------------------------------------
                         slack                                  3.605    

Slack (MET) :             3.605ns  (required time - arrival time)
  Source:                 datapath/video_inst/inst_dvid/shift_clock_reg[0]/C
                            (rising edge-triggered cell FDRE clocked by clk_out2_clk_wiz_0  {rise@0.000ns fall@4.000ns period=8.000ns})
  Destination:            datapath/video_inst/inst_dvid/shift_red_reg[3]/S
                            (rising edge-triggered cell FDSE clocked by clk_out2_clk_wiz_0  {rise@0.000ns fall@4.000ns period=8.000ns})
  Path Group:             clk_out2_clk_wiz_0
  Path Type:              Setup (Max at Slow Process Corner)
  Requirement:            8.000ns  (clk_out2_clk_wiz_0 rise@8.000ns - clk_out2_clk_wiz_0 rise@0.000ns)
  Data Path Delay:        3.857ns  (logic 0.890ns (23.072%)  route 2.967ns (76.928%))
  Logic Levels:           3  (LUT2=1 LUT5=1 LUT6=1)
  Clock Path Skew:        -0.037ns (DCD - SCD + CPR)
    Destination Clock Delay (DCD):    1.707ns = ( 9.707 - 8.000 ) 
    Source Clock Delay      (SCD):    1.833ns
    Clock Pessimism Removal (CPR):    0.089ns
  Clock Uncertainty:      0.072ns  ((TSJ^2 + DJ^2)^1/2) / 2 + PE
    Total System Jitter     (TSJ):    0.071ns
    Discrete Jitter          (DJ):    0.125ns
    Phase Error              (PE):    0.000ns

    Location             Delay type                Incr(ns)  Path(ns)    Netlist Resource(s)
  -------------------------------------------------------------------    -------------------
                         (clock clk_out2_clk_wiz_0 rise edge)
                                                      0.000     0.000 r  
    BUFGCTRL_X0Y2        BUFG                         0.000     0.000 r  clk_IBUF_BUFG_inst/O
                         net (fo=302, routed)         2.106     2.106    datapath/video_inst/mmcm_adv_inst_display_clocks/inst/clk_in1
    MMCME2_ADV_X1Y0      MMCME2_ADV (Prop_mmcme2_adv_CLKIN1_CLKOUT1)
                                                     -4.900    -2.793 r  datapath/video_inst/mmcm_adv_inst_display_clocks/inst/mmcm_adv_inst/CLKOUT1
                         net (fo=1, routed)           2.697    -0.096    datapath/video_inst/mmcm_adv_inst_display_clocks/inst/clk_out2_clk_wiz_0
    BUFGCTRL_X0Y0        BUFG (Prop_bufg_I_O)         0.096    -0.000 r  datapath/video_inst/mmcm_adv_inst_display_clocks/inst/clkout2_buf/O
                         net (fo=44, routed)          1.833     1.833    datapath/video_inst/inst_dvid/clk_out2
    SLICE_X162Y147       FDRE                                         r  datapath/video_inst/inst_dvid/shift_clock_reg[0]/C
  -------------------------------------------------------------------    -------------------
    SLICE_X162Y147       FDRE (Prop_fdre_C_Q)         0.518     2.351 r  datapath/video_inst/inst_dvid/shift_clock_reg[0]/Q
                         net (fo=3, routed)           0.678     3.030    datapath/video_inst/inst_dvid/shift_clock[0]
    SLICE_X163Y147       LUT6 (Prop_lut6_I5_O)        0.124     3.154 f  datapath/video_inst/inst_dvid/shift_red[9]_i_2/O
                         net (fo=1, routed)           0.425     3.579    datapath/video_inst/inst_dvid/shift_red[9]_i_2_n_0
    SLICE_X162Y147       LUT5 (Prop_lut5_I0_O)        0.124     3.703 f  datapath/video_inst/inst_dvid/shift_red[9]_i_1/O
                         net (fo=31, routed)          0.884     4.587    datapath/video_inst/inst_dvid/shift_red[9]_i_1_n_0
    SLICE_X160Y134       LUT2 (Prop_lut2_I1_O)        0.124     4.711 r  datapath/video_inst/inst_dvid/shift_red[7]_i_1/O
                         net (fo=5, routed)           0.980     5.691    datapath/video_inst/inst_dvid/shift_red[7]_i_1_n_0
    SLICE_X160Y134       FDSE                                         r  datapath/video_inst/inst_dvid/shift_red_reg[3]/S
  -------------------------------------------------------------------    -------------------

                         (clock clk_out2_clk_wiz_0 rise edge)
                                                      8.000     8.000 r  
    BUFGCTRL_X0Y2        BUFG                         0.000     8.000 r  clk_IBUF_BUFG_inst/O
                         net (fo=302, routed)         1.972     9.972    datapath/video_inst/mmcm_adv_inst_display_clocks/inst/clk_in1
    MMCME2_ADV_X1Y0      MMCME2_ADV (Prop_mmcme2_adv_CLKIN1_CLKOUT1)
                                                     -4.637     5.335 r  datapath/video_inst/mmcm_adv_inst_display_clocks/inst/mmcm_adv_inst/CLKOUT1
                         net (fo=1, routed)           2.574     7.909    datapath/video_inst/mmcm_adv_inst_display_clocks/inst/clk_out2_clk_wiz_0
    BUFGCTRL_X0Y0        BUFG (Prop_bufg_I_O)         0.091     8.000 r  datapath/video_inst/mmcm_adv_inst_display_clocks/inst/clkout2_buf/O
                         net (fo=44, routed)          1.707     9.707    datapath/video_inst/inst_dvid/clk_out2
    SLICE_X160Y134       FDSE                                         r  datapath/video_inst/inst_dvid/shift_red_reg[3]/C
                         clock pessimism              0.089     9.796    
                         clock uncertainty           -0.072     9.724    
    SLICE_X160Y134       FDSE (Setup_fdse_C_S)       -0.429     9.295    datapath/video_inst/inst_dvid/shift_red_reg[3]
  -------------------------------------------------------------------
                         required time                          9.295    
                         arrival time                          -5.691    
  -------------------------------------------------------------------
                         slack                                  3.605    

Slack (MET) :             3.605ns  (required time - arrival time)
  Source:                 datapath/video_inst/inst_dvid/shift_clock_reg[0]/C
                            (rising edge-triggered cell FDRE clocked by clk_out2_clk_wiz_0  {rise@0.000ns fall@4.000ns period=8.000ns})
  Destination:            datapath/video_inst/inst_dvid/shift_red_reg[5]/S
                            (rising edge-triggered cell FDSE clocked by clk_out2_clk_wiz_0  {rise@0.000ns fall@4.000ns period=8.000ns})
  Path Group:             clk_out2_clk_wiz_0
  Path Type:              Setup (Max at Slow Process Corner)
  Requirement:            8.000ns  (clk_out2_clk_wiz_0 rise@8.000ns - clk_out2_clk_wiz_0 rise@0.000ns)
  Data Path Delay:        3.857ns  (logic 0.890ns (23.072%)  route 2.967ns (76.928%))
  Logic Levels:           3  (LUT2=1 LUT5=1 LUT6=1)
  Clock Path Skew:        -0.037ns (DCD - SCD + CPR)
    Destination Clock Delay (DCD):    1.707ns = ( 9.707 - 8.000 ) 
    Source Clock Delay      (SCD):    1.833ns
    Clock Pessimism Removal (CPR):    0.089ns
  Clock Uncertainty:      0.072ns  ((TSJ^2 + DJ^2)^1/2) / 2 + PE
    Total System Jitter     (TSJ):    0.071ns
    Discrete Jitter          (DJ):    0.125ns
    Phase Error              (PE):    0.000ns

    Location             Delay type                Incr(ns)  Path(ns)    Netlist Resource(s)
  -------------------------------------------------------------------    -------------------
                         (clock clk_out2_clk_wiz_0 rise edge)
                                                      0.000     0.000 r  
    BUFGCTRL_X0Y2        BUFG                         0.000     0.000 r  clk_IBUF_BUFG_inst/O
                         net (fo=302, routed)         2.106     2.106    datapath/video_inst/mmcm_adv_inst_display_clocks/inst/clk_in1
    MMCME2_ADV_X1Y0      MMCME2_ADV (Prop_mmcme2_adv_CLKIN1_CLKOUT1)
                                                     -4.900    -2.793 r  datapath/video_inst/mmcm_adv_inst_display_clocks/inst/mmcm_adv_inst/CLKOUT1
                         net (fo=1, routed)           2.697    -0.096    datapath/video_inst/mmcm_adv_inst_display_clocks/inst/clk_out2_clk_wiz_0
    BUFGCTRL_X0Y0        BUFG (Prop_bufg_I_O)         0.096    -0.000 r  datapath/video_inst/mmcm_adv_inst_display_clocks/inst/clkout2_buf/O
                         net (fo=44, routed)          1.833     1.833    datapath/video_inst/inst_dvid/clk_out2
    SLICE_X162Y147       FDRE                                         r  datapath/video_inst/inst_dvid/shift_clock_reg[0]/C
  -------------------------------------------------------------------    -------------------
    SLICE_X162Y147       FDRE (Prop_fdre_C_Q)         0.518     2.351 r  datapath/video_inst/inst_dvid/shift_clock_reg[0]/Q
                         net (fo=3, routed)           0.678     3.030    datapath/video_inst/inst_dvid/shift_clock[0]
    SLICE_X163Y147       LUT6 (Prop_lut6_I5_O)        0.124     3.154 f  datapath/video_inst/inst_dvid/shift_red[9]_i_2/O
                         net (fo=1, routed)           0.425     3.579    datapath/video_inst/inst_dvid/shift_red[9]_i_2_n_0
    SLICE_X162Y147       LUT5 (Prop_lut5_I0_O)        0.124     3.703 f  datapath/video_inst/inst_dvid/shift_red[9]_i_1/O
                         net (fo=31, routed)          0.884     4.587    datapath/video_inst/inst_dvid/shift_red[9]_i_1_n_0
    SLICE_X160Y134       LUT2 (Prop_lut2_I1_O)        0.124     4.711 r  datapath/video_inst/inst_dvid/shift_red[7]_i_1/O
                         net (fo=5, routed)           0.980     5.691    datapath/video_inst/inst_dvid/shift_red[7]_i_1_n_0
    SLICE_X160Y134       FDSE                                         r  datapath/video_inst/inst_dvid/shift_red_reg[5]/S
  -------------------------------------------------------------------    -------------------

                         (clock clk_out2_clk_wiz_0 rise edge)
                                                      8.000     8.000 r  
    BUFGCTRL_X0Y2        BUFG                         0.000     8.000 r  clk_IBUF_BUFG_inst/O
                         net (fo=302, routed)         1.972     9.972    datapath/video_inst/mmcm_adv_inst_display_clocks/inst/clk_in1
    MMCME2_ADV_X1Y0      MMCME2_ADV (Prop_mmcme2_adv_CLKIN1_CLKOUT1)
                                                     -4.637     5.335 r  datapath/video_inst/mmcm_adv_inst_display_clocks/inst/mmcm_adv_inst/CLKOUT1
                         net (fo=1, routed)           2.574     7.909    datapath/video_inst/mmcm_adv_inst_display_clocks/inst/clk_out2_clk_wiz_0
    BUFGCTRL_X0Y0        BUFG (Prop_bufg_I_O)         0.091     8.000 r  datapath/video_inst/mmcm_adv_inst_display_clocks/inst/clkout2_buf/O
                         net (fo=44, routed)          1.707     9.707    datapath/video_inst/inst_dvid/clk_out2
    SLICE_X160Y134       FDSE                                         r  datapath/video_inst/inst_dvid/shift_red_reg[5]/C
                         clock pessimism              0.089     9.796    
                         clock uncertainty           -0.072     9.724    
    SLICE_X160Y134       FDSE (Setup_fdse_C_S)       -0.429     9.295    datapath/video_inst/inst_dvid/shift_red_reg[5]
  -------------------------------------------------------------------
                         required time                          9.295    
                         arrival time                          -5.691    
  -------------------------------------------------------------------
                         slack                                  3.605    

Slack (MET) :             3.605ns  (required time - arrival time)
  Source:                 datapath/video_inst/inst_dvid/shift_clock_reg[0]/C
                            (rising edge-triggered cell FDRE clocked by clk_out2_clk_wiz_0  {rise@0.000ns fall@4.000ns period=8.000ns})
  Destination:            datapath/video_inst/inst_dvid/shift_red_reg[7]/S
                            (rising edge-triggered cell FDSE clocked by clk_out2_clk_wiz_0  {rise@0.000ns fall@4.000ns period=8.000ns})
  Path Group:             clk_out2_clk_wiz_0
  Path Type:              Setup (Max at Slow Process Corner)
  Requirement:            8.000ns  (clk_out2_clk_wiz_0 rise@8.000ns - clk_out2_clk_wiz_0 rise@0.000ns)
  Data Path Delay:        3.857ns  (logic 0.890ns (23.072%)  route 2.967ns (76.928%))
  Logic Levels:           3  (LUT2=1 LUT5=1 LUT6=1)
  Clock Path Skew:        -0.037ns (DCD - SCD + CPR)
    Destination Clock Delay (DCD):    1.707ns = ( 9.707 - 8.000 ) 
    Source Clock Delay      (SCD):    1.833ns
    Clock Pessimism Removal (CPR):    0.089ns
  Clock Uncertainty:      0.072ns  ((TSJ^2 + DJ^2)^1/2) / 2 + PE
    Total System Jitter     (TSJ):    0.071ns
    Discrete Jitter          (DJ):    0.125ns
    Phase Error              (PE):    0.000ns

    Location             Delay type                Incr(ns)  Path(ns)    Netlist Resource(s)
  -------------------------------------------------------------------    -------------------
                         (clock clk_out2_clk_wiz_0 rise edge)
                                                      0.000     0.000 r  
    BUFGCTRL_X0Y2        BUFG                         0.000     0.000 r  clk_IBUF_BUFG_inst/O
                         net (fo=302, routed)         2.106     2.106    datapath/video_inst/mmcm_adv_inst_display_clocks/inst/clk_in1
    MMCME2_ADV_X1Y0      MMCME2_ADV (Prop_mmcme2_adv_CLKIN1_CLKOUT1)
                                                     -4.900    -2.793 r  datapath/video_inst/mmcm_adv_inst_display_clocks/inst/mmcm_adv_inst/CLKOUT1
                         net (fo=1, routed)           2.697    -0.096    datapath/video_inst/mmcm_adv_inst_display_clocks/inst/clk_out2_clk_wiz_0
    BUFGCTRL_X0Y0        BUFG (Prop_bufg_I_O)         0.096    -0.000 r  datapath/video_inst/mmcm_adv_inst_display_clocks/inst/clkout2_buf/O
                         net (fo=44, routed)          1.833     1.833    datapath/video_inst/inst_dvid/clk_out2
    SLICE_X162Y147       FDRE                                         r  datapath/video_inst/inst_dvid/shift_clock_reg[0]/C
  -------------------------------------------------------------------    -------------------
    SLICE_X162Y147       FDRE (Prop_fdre_C_Q)         0.518     2.351 r  datapath/video_inst/inst_dvid/shift_clock_reg[0]/Q
                         net (fo=3, routed)           0.678     3.030    datapath/video_inst/inst_dvid/shift_clock[0]
    SLICE_X163Y147       LUT6 (Prop_lut6_I5_O)        0.124     3.154 f  datapath/video_inst/inst_dvid/shift_red[9]_i_2/O
                         net (fo=1, routed)           0.425     3.579    datapath/video_inst/inst_dvid/shift_red[9]_i_2_n_0
    SLICE_X162Y147       LUT5 (Prop_lut5_I0_O)        0.124     3.703 f  datapath/video_inst/inst_dvid/shift_red[9]_i_1/O
                         net (fo=31, routed)          0.884     4.587    datapath/video_inst/inst_dvid/shift_red[9]_i_1_n_0
    SLICE_X160Y134       LUT2 (Prop_lut2_I1_O)        0.124     4.711 r  datapath/video_inst/inst_dvid/shift_red[7]_i_1/O
                         net (fo=5, routed)           0.980     5.691    datapath/video_inst/inst_dvid/shift_red[7]_i_1_n_0
    SLICE_X160Y134       FDSE                                         r  datapath/video_inst/inst_dvid/shift_red_reg[7]/S
  -------------------------------------------------------------------    -------------------

                         (clock clk_out2_clk_wiz_0 rise edge)
                                                      8.000     8.000 r  
    BUFGCTRL_X0Y2        BUFG                         0.000     8.000 r  clk_IBUF_BUFG_inst/O
                         net (fo=302, routed)         1.972     9.972    datapath/video_inst/mmcm_adv_inst_display_clocks/inst/clk_in1
    MMCME2_ADV_X1Y0      MMCME2_ADV (Prop_mmcme2_adv_CLKIN1_CLKOUT1)
                                                     -4.637     5.335 r  datapath/video_inst/mmcm_adv_inst_display_clocks/inst/mmcm_adv_inst/CLKOUT1
                         net (fo=1, routed)           2.574     7.909    datapath/video_inst/mmcm_adv_inst_display_clocks/inst/clk_out2_clk_wiz_0
    BUFGCTRL_X0Y0        BUFG (Prop_bufg_I_O)         0.091     8.000 r  datapath/video_inst/mmcm_adv_inst_display_clocks/inst/clkout2_buf/O
                         net (fo=44, routed)          1.707     9.707    datapath/video_inst/inst_dvid/clk_out2
    SLICE_X160Y134       FDSE                                         r  datapath/video_inst/inst_dvid/shift_red_reg[7]/C
                         clock pessimism              0.089     9.796    
                         clock uncertainty           -0.072     9.724    
    SLICE_X160Y134       FDSE (Setup_fdse_C_S)       -0.429     9.295    datapath/video_inst/inst_dvid/shift_red_reg[7]
  -------------------------------------------------------------------
                         required time                          9.295    
                         arrival time                          -5.691    
  -------------------------------------------------------------------
                         slack                                  3.605    

Slack (MET) :             4.439ns  (required time - arrival time)
  Source:                 datapath/video_inst/inst_dvid/shift_clock_reg[0]/C
                            (rising edge-triggered cell FDRE clocked by clk_out2_clk_wiz_0  {rise@0.000ns fall@4.000ns period=8.000ns})
  Destination:            datapath/video_inst/inst_dvid/shift_blue_reg[8]/R
                            (rising edge-triggered cell FDRE clocked by clk_out2_clk_wiz_0  {rise@0.000ns fall@4.000ns period=8.000ns})
  Path Group:             clk_out2_clk_wiz_0
  Path Type:              Setup (Max at Slow Process Corner)
  Requirement:            8.000ns  (clk_out2_clk_wiz_0 rise@8.000ns - clk_out2_clk_wiz_0 rise@0.000ns)
  Data Path Delay:        2.914ns  (logic 0.766ns (26.289%)  route 2.148ns (73.711%))
  Logic Levels:           2  (LUT5=1 LUT6=1)
  Clock Path Skew:        -0.051ns (DCD - SCD + CPR)
    Destination Clock Delay (DCD):    1.707ns = ( 9.707 - 8.000 ) 
    Source Clock Delay      (SCD):    1.833ns
    Clock Pessimism Removal (CPR):    0.075ns
  Clock Uncertainty:      0.072ns  ((TSJ^2 + DJ^2)^1/2) / 2 + PE
    Total System Jitter     (TSJ):    0.071ns
    Discrete Jitter          (DJ):    0.125ns
    Phase Error              (PE):    0.000ns

    Location             Delay type                Incr(ns)  Path(ns)    Netlist Resource(s)
  -------------------------------------------------------------------    -------------------
                         (clock clk_out2_clk_wiz_0 rise edge)
                                                      0.000     0.000 r  
    BUFGCTRL_X0Y2        BUFG                         0.000     0.000 r  clk_IBUF_BUFG_inst/O
                         net (fo=302, routed)         2.106     2.106    datapath/video_inst/mmcm_adv_inst_display_clocks/inst/clk_in1
    MMCME2_ADV_X1Y0      MMCME2_ADV (Prop_mmcme2_adv_CLKIN1_CLKOUT1)
                                                     -4.900    -2.793 r  datapath/video_inst/mmcm_adv_inst_display_clocks/inst/mmcm_adv_inst/CLKOUT1
                         net (fo=1, routed)           2.697    -0.096    datapath/video_inst/mmcm_adv_inst_display_clocks/inst/clk_out2_clk_wiz_0
    BUFGCTRL_X0Y0        BUFG (Prop_bufg_I_O)         0.096    -0.000 r  datapath/video_inst/mmcm_adv_inst_display_clocks/inst/clkout2_buf/O
                         net (fo=44, routed)          1.833     1.833    datapath/video_inst/inst_dvid/clk_out2
    SLICE_X162Y147       FDRE                                         r  datapath/video_inst/inst_dvid/shift_clock_reg[0]/C
  -------------------------------------------------------------------    -------------------
    SLICE_X162Y147       FDRE (Prop_fdre_C_Q)         0.518     2.351 f  datapath/video_inst/inst_dvid/shift_clock_reg[0]/Q
                         net (fo=3, routed)           0.678     3.030    datapath/video_inst/inst_dvid/shift_clock[0]
    SLICE_X163Y147       LUT6 (Prop_lut6_I5_O)        0.124     3.154 r  datapath/video_inst/inst_dvid/shift_red[9]_i_2/O
                         net (fo=1, routed)           0.425     3.579    datapath/video_inst/inst_dvid/shift_red[9]_i_2_n_0
    SLICE_X162Y147       LUT5 (Prop_lut5_I0_O)        0.124     3.703 r  datapath/video_inst/inst_dvid/shift_red[9]_i_1/O
                         net (fo=31, routed)          1.044     4.747    datapath/video_inst/inst_dvid/shift_red[9]_i_1_n_0
    SLICE_X158Y137       FDRE                                         r  datapath/video_inst/inst_dvid/shift_blue_reg[8]/R
  -------------------------------------------------------------------    -------------------

                         (clock clk_out2_clk_wiz_0 rise edge)
                                                      8.000     8.000 r  
    BUFGCTRL_X0Y2        BUFG                         0.000     8.000 r  clk_IBUF_BUFG_inst/O
                         net (fo=302, routed)         1.972     9.972    datapath/video_inst/mmcm_adv_inst_display_clocks/inst/clk_in1
    MMCME2_ADV_X1Y0      MMCME2_ADV (Prop_mmcme2_adv_CLKIN1_CLKOUT1)
                                                     -4.637     5.335 r  datapath/video_inst/mmcm_adv_inst_display_clocks/inst/mmcm_adv_inst/CLKOUT1
                         net (fo=1, routed)           2.574     7.909    datapath/video_inst/mmcm_adv_inst_display_clocks/inst/clk_out2_clk_wiz_0
    BUFGCTRL_X0Y0        BUFG (Prop_bufg_I_O)         0.091     8.000 r  datapath/video_inst/mmcm_adv_inst_display_clocks/inst/clkout2_buf/O
                         net (fo=44, routed)          1.707     9.707    datapath/video_inst/inst_dvid/clk_out2
    SLICE_X158Y137       FDRE                                         r  datapath/video_inst/inst_dvid/shift_blue_reg[8]/C
                         clock pessimism              0.075     9.782    
                         clock uncertainty           -0.072     9.710    
    SLICE_X158Y137       FDRE (Setup_fdre_C_R)       -0.524     9.186    datapath/video_inst/inst_dvid/shift_blue_reg[8]
  -------------------------------------------------------------------
                         required time                          9.186    
                         arrival time                          -4.747    
  -------------------------------------------------------------------
                         slack                                  4.439    

Slack (MET) :             4.439ns  (required time - arrival time)
  Source:                 datapath/video_inst/inst_dvid/shift_clock_reg[0]/C
                            (rising edge-triggered cell FDRE clocked by clk_out2_clk_wiz_0  {rise@0.000ns fall@4.000ns period=8.000ns})
  Destination:            datapath/video_inst/inst_dvid/shift_blue_reg[9]/R
                            (rising edge-triggered cell FDRE clocked by clk_out2_clk_wiz_0  {rise@0.000ns fall@4.000ns period=8.000ns})
  Path Group:             clk_out2_clk_wiz_0
  Path Type:              Setup (Max at Slow Process Corner)
  Requirement:            8.000ns  (clk_out2_clk_wiz_0 rise@8.000ns - clk_out2_clk_wiz_0 rise@0.000ns)
  Data Path Delay:        2.914ns  (logic 0.766ns (26.289%)  route 2.148ns (73.711%))
  Logic Levels:           2  (LUT5=1 LUT6=1)
  Clock Path Skew:        -0.051ns (DCD - SCD + CPR)
    Destination Clock Delay (DCD):    1.707ns = ( 9.707 - 8.000 ) 
    Source Clock Delay      (SCD):    1.833ns
    Clock Pessimism Removal (CPR):    0.075ns
  Clock Uncertainty:      0.072ns  ((TSJ^2 + DJ^2)^1/2) / 2 + PE
    Total System Jitter     (TSJ):    0.071ns
    Discrete Jitter          (DJ):    0.125ns
    Phase Error              (PE):    0.000ns

    Location             Delay type                Incr(ns)  Path(ns)    Netlist Resource(s)
  -------------------------------------------------------------------    -------------------
                         (clock clk_out2_clk_wiz_0 rise edge)
                                                      0.000     0.000 r  
    BUFGCTRL_X0Y2        BUFG                         0.000     0.000 r  clk_IBUF_BUFG_inst/O
                         net (fo=302, routed)         2.106     2.106    datapath/video_inst/mmcm_adv_inst_display_clocks/inst/clk_in1
    MMCME2_ADV_X1Y0      MMCME2_ADV (Prop_mmcme2_adv_CLKIN1_CLKOUT1)
                                                     -4.900    -2.793 r  datapath/video_inst/mmcm_adv_inst_display_clocks/inst/mmcm_adv_inst/CLKOUT1
                         net (fo=1, routed)           2.697    -0.096    datapath/video_inst/mmcm_adv_inst_display_clocks/inst/clk_out2_clk_wiz_0
    BUFGCTRL_X0Y0        BUFG (Prop_bufg_I_O)         0.096    -0.000 r  datapath/video_inst/mmcm_adv_inst_display_clocks/inst/clkout2_buf/O
                         net (fo=44, routed)          1.833     1.833    datapath/video_inst/inst_dvid/clk_out2
    SLICE_X162Y147       FDRE                                         r  datapath/video_inst/inst_dvid/shift_clock_reg[0]/C
  -------------------------------------------------------------------    -------------------
    SLICE_X162Y147       FDRE (Prop_fdre_C_Q)         0.518     2.351 f  datapath/video_inst/inst_dvid/shift_clock_reg[0]/Q
                         net (fo=3, routed)           0.678     3.030    datapath/video_inst/inst_dvid/shift_clock[0]
    SLICE_X163Y147       LUT6 (Prop_lut6_I5_O)        0.124     3.154 r  datapath/video_inst/inst_dvid/shift_red[9]_i_2/O
                         net (fo=1, routed)           0.425     3.579    datapath/video_inst/inst_dvid/shift_red[9]_i_2_n_0
    SLICE_X162Y147       LUT5 (Prop_lut5_I0_O)        0.124     3.703 r  datapath/video_inst/inst_dvid/shift_red[9]_i_1/O
                         net (fo=31, routed)          1.044     4.747    datapath/video_inst/inst_dvid/shift_red[9]_i_1_n_0
    SLICE_X158Y137       FDRE                                         r  datapath/video_inst/inst_dvid/shift_blue_reg[9]/R
  -------------------------------------------------------------------    -------------------

                         (clock clk_out2_clk_wiz_0 rise edge)
                                                      8.000     8.000 r  
    BUFGCTRL_X0Y2        BUFG                         0.000     8.000 r  clk_IBUF_BUFG_inst/O
                         net (fo=302, routed)         1.972     9.972    datapath/video_inst/mmcm_adv_inst_display_clocks/inst/clk_in1
    MMCME2_ADV_X1Y0      MMCME2_ADV (Prop_mmcme2_adv_CLKIN1_CLKOUT1)
                                                     -4.637     5.335 r  datapath/video_inst/mmcm_adv_inst_display_clocks/inst/mmcm_adv_inst/CLKOUT1
                         net (fo=1, routed)           2.574     7.909    datapath/video_inst/mmcm_adv_inst_display_clocks/inst/clk_out2_clk_wiz_0
    BUFGCTRL_X0Y0        BUFG (Prop_bufg_I_O)         0.091     8.000 r  datapath/video_inst/mmcm_adv_inst_display_clocks/inst/clkout2_buf/O
                         net (fo=44, routed)          1.707     9.707    datapath/video_inst/inst_dvid/clk_out2
    SLICE_X158Y137       FDRE                                         r  datapath/video_inst/inst_dvid/shift_blue_reg[9]/C
                         clock pessimism              0.075     9.782    
                         clock uncertainty           -0.072     9.710    
    SLICE_X158Y137       FDRE (Setup_fdre_C_R)       -0.524     9.186    datapath/video_inst/inst_dvid/shift_blue_reg[9]
  -------------------------------------------------------------------
                         required time                          9.186    
                         arrival time                          -4.747    
  -------------------------------------------------------------------
                         slack                                  4.439    

Slack (MET) :             4.439ns  (required time - arrival time)
  Source:                 datapath/video_inst/inst_dvid/shift_clock_reg[0]/C
                            (rising edge-triggered cell FDRE clocked by clk_out2_clk_wiz_0  {rise@0.000ns fall@4.000ns period=8.000ns})
  Destination:            datapath/video_inst/inst_dvid/shift_green_reg[9]/R
                            (rising edge-triggered cell FDRE clocked by clk_out2_clk_wiz_0  {rise@0.000ns fall@4.000ns period=8.000ns})
  Path Group:             clk_out2_clk_wiz_0
  Path Type:              Setup (Max at Slow Process Corner)
  Requirement:            8.000ns  (clk_out2_clk_wiz_0 rise@8.000ns - clk_out2_clk_wiz_0 rise@0.000ns)
  Data Path Delay:        2.914ns  (logic 0.766ns (26.289%)  route 2.148ns (73.711%))
  Logic Levels:           2  (LUT5=1 LUT6=1)
  Clock Path Skew:        -0.051ns (DCD - SCD + CPR)
    Destination Clock Delay (DCD):    1.707ns = ( 9.707 - 8.000 ) 
    Source Clock Delay      (SCD):    1.833ns
    Clock Pessimism Removal (CPR):    0.075ns
  Clock Uncertainty:      0.072ns  ((TSJ^2 + DJ^2)^1/2) / 2 + PE
    Total System Jitter     (TSJ):    0.071ns
    Discrete Jitter          (DJ):    0.125ns
    Phase Error              (PE):    0.000ns

    Location             Delay type                Incr(ns)  Path(ns)    Netlist Resource(s)
  -------------------------------------------------------------------    -------------------
                         (clock clk_out2_clk_wiz_0 rise edge)
                                                      0.000     0.000 r  
    BUFGCTRL_X0Y2        BUFG                         0.000     0.000 r  clk_IBUF_BUFG_inst/O
                         net (fo=302, routed)         2.106     2.106    datapath/video_inst/mmcm_adv_inst_display_clocks/inst/clk_in1
    MMCME2_ADV_X1Y0      MMCME2_ADV (Prop_mmcme2_adv_CLKIN1_CLKOUT1)
                                                     -4.900    -2.793 r  datapath/video_inst/mmcm_adv_inst_display_clocks/inst/mmcm_adv_inst/CLKOUT1
                         net (fo=1, routed)           2.697    -0.096    datapath/video_inst/mmcm_adv_inst_display_clocks/inst/clk_out2_clk_wiz_0
    BUFGCTRL_X0Y0        BUFG (Prop_bufg_I_O)         0.096    -0.000 r  datapath/video_inst/mmcm_adv_inst_display_clocks/inst/clkout2_buf/O
                         net (fo=44, routed)          1.833     1.833    datapath/video_inst/inst_dvid/clk_out2
    SLICE_X162Y147       FDRE                                         r  datapath/video_inst/inst_dvid/shift_clock_reg[0]/C
  -------------------------------------------------------------------    -------------------
    SLICE_X162Y147       FDRE (Prop_fdre_C_Q)         0.518     2.351 f  datapath/video_inst/inst_dvid/shift_clock_reg[0]/Q
                         net (fo=3, routed)           0.678     3.030    datapath/video_inst/inst_dvid/shift_clock[0]
    SLICE_X163Y147       LUT6 (Prop_lut6_I5_O)        0.124     3.154 r  datapath/video_inst/inst_dvid/shift_red[9]_i_2/O
                         net (fo=1, routed)           0.425     3.579    datapath/video_inst/inst_dvid/shift_red[9]_i_2_n_0
    SLICE_X162Y147       LUT5 (Prop_lut5_I0_O)        0.124     3.703 r  datapath/video_inst/inst_dvid/shift_red[9]_i_1/O
                         net (fo=31, routed)          1.044     4.747    datapath/video_inst/inst_dvid/shift_red[9]_i_1_n_0
    SLICE_X158Y137       FDRE                                         r  datapath/video_inst/inst_dvid/shift_green_reg[9]/R
  -------------------------------------------------------------------    -------------------

                         (clock clk_out2_clk_wiz_0 rise edge)
                                                      8.000     8.000 r  
    BUFGCTRL_X0Y2        BUFG                         0.000     8.000 r  clk_IBUF_BUFG_inst/O
                         net (fo=302, routed)         1.972     9.972    datapath/video_inst/mmcm_adv_inst_display_clocks/inst/clk_in1
    MMCME2_ADV_X1Y0      MMCME2_ADV (Prop_mmcme2_adv_CLKIN1_CLKOUT1)
                                                     -4.637     5.335 r  datapath/video_inst/mmcm_adv_inst_display_clocks/inst/mmcm_adv_inst/CLKOUT1
                         net (fo=1, routed)           2.574     7.909    datapath/video_inst/mmcm_adv_inst_display_clocks/inst/clk_out2_clk_wiz_0
    BUFGCTRL_X0Y0        BUFG (Prop_bufg_I_O)         0.091     8.000 r  datapath/video_inst/mmcm_adv_inst_display_clocks/inst/clkout2_buf/O
                         net (fo=44, routed)          1.707     9.707    datapath/video_inst/inst_dvid/clk_out2
    SLICE_X158Y137       FDRE                                         r  datapath/video_inst/inst_dvid/shift_green_reg[9]/C
                         clock pessimism              0.075     9.782    
                         clock uncertainty           -0.072     9.710    
    SLICE_X158Y137       FDRE (Setup_fdre_C_R)       -0.524     9.186    datapath/video_inst/inst_dvid/shift_green_reg[9]
  -------------------------------------------------------------------
                         required time                          9.186    
                         arrival time                          -4.747    
  -------------------------------------------------------------------
                         slack                                  4.439    

Slack (MET) :             4.439ns  (required time - arrival time)
  Source:                 datapath/video_inst/inst_dvid/shift_clock_reg[0]/C
                            (rising edge-triggered cell FDRE clocked by clk_out2_clk_wiz_0  {rise@0.000ns fall@4.000ns period=8.000ns})
  Destination:            datapath/video_inst/inst_dvid/shift_red_reg[8]/R
                            (rising edge-triggered cell FDRE clocked by clk_out2_clk_wiz_0  {rise@0.000ns fall@4.000ns period=8.000ns})
  Path Group:             clk_out2_clk_wiz_0
  Path Type:              Setup (Max at Slow Process Corner)
  Requirement:            8.000ns  (clk_out2_clk_wiz_0 rise@8.000ns - clk_out2_clk_wiz_0 rise@0.000ns)
  Data Path Delay:        2.914ns  (logic 0.766ns (26.289%)  route 2.148ns (73.711%))
  Logic Levels:           2  (LUT5=1 LUT6=1)
  Clock Path Skew:        -0.051ns (DCD - SCD + CPR)
    Destination Clock Delay (DCD):    1.707ns = ( 9.707 - 8.000 ) 
    Source Clock Delay      (SCD):    1.833ns
    Clock Pessimism Removal (CPR):    0.075ns
  Clock Uncertainty:      0.072ns  ((TSJ^2 + DJ^2)^1/2) / 2 + PE
    Total System Jitter     (TSJ):    0.071ns
    Discrete Jitter          (DJ):    0.125ns
    Phase Error              (PE):    0.000ns

    Location             Delay type                Incr(ns)  Path(ns)    Netlist Resource(s)
  -------------------------------------------------------------------    -------------------
                         (clock clk_out2_clk_wiz_0 rise edge)
                                                      0.000     0.000 r  
    BUFGCTRL_X0Y2        BUFG                         0.000     0.000 r  clk_IBUF_BUFG_inst/O
                         net (fo=302, routed)         2.106     2.106    datapath/video_inst/mmcm_adv_inst_display_clocks/inst/clk_in1
    MMCME2_ADV_X1Y0      MMCME2_ADV (Prop_mmcme2_adv_CLKIN1_CLKOUT1)
                                                     -4.900    -2.793 r  datapath/video_inst/mmcm_adv_inst_display_clocks/inst/mmcm_adv_inst/CLKOUT1
                         net (fo=1, routed)           2.697    -0.096    datapath/video_inst/mmcm_adv_inst_display_clocks/inst/clk_out2_clk_wiz_0
    BUFGCTRL_X0Y0        BUFG (Prop_bufg_I_O)         0.096    -0.000 r  datapath/video_inst/mmcm_adv_inst_display_clocks/inst/clkout2_buf/O
                         net (fo=44, routed)          1.833     1.833    datapath/video_inst/inst_dvid/clk_out2
    SLICE_X162Y147       FDRE                                         r  datapath/video_inst/inst_dvid/shift_clock_reg[0]/C
  -------------------------------------------------------------------    -------------------
    SLICE_X162Y147       FDRE (Prop_fdre_C_Q)         0.518     2.351 f  datapath/video_inst/inst_dvid/shift_clock_reg[0]/Q
                         net (fo=3, routed)           0.678     3.030    datapath/video_inst/inst_dvid/shift_clock[0]
    SLICE_X163Y147       LUT6 (Prop_lut6_I5_O)        0.124     3.154 r  datapath/video_inst/inst_dvid/shift_red[9]_i_2/O
                         net (fo=1, routed)           0.425     3.579    datapath/video_inst/inst_dvid/shift_red[9]_i_2_n_0
    SLICE_X162Y147       LUT5 (Prop_lut5_I0_O)        0.124     3.703 r  datapath/video_inst/inst_dvid/shift_red[9]_i_1/O
                         net (fo=31, routed)          1.044     4.747    datapath/video_inst/inst_dvid/shift_red[9]_i_1_n_0
    SLICE_X158Y137       FDRE                                         r  datapath/video_inst/inst_dvid/shift_red_reg[8]/R
  -------------------------------------------------------------------    -------------------

                         (clock clk_out2_clk_wiz_0 rise edge)
                                                      8.000     8.000 r  
    BUFGCTRL_X0Y2        BUFG                         0.000     8.000 r  clk_IBUF_BUFG_inst/O
                         net (fo=302, routed)         1.972     9.972    datapath/video_inst/mmcm_adv_inst_display_clocks/inst/clk_in1
    MMCME2_ADV_X1Y0      MMCME2_ADV (Prop_mmcme2_adv_CLKIN1_CLKOUT1)
                                                     -4.637     5.335 r  datapath/video_inst/mmcm_adv_inst_display_clocks/inst/mmcm_adv_inst/CLKOUT1
                         net (fo=1, routed)           2.574     7.909    datapath/video_inst/mmcm_adv_inst_display_clocks/inst/clk_out2_clk_wiz_0
    BUFGCTRL_X0Y0        BUFG (Prop_bufg_I_O)         0.091     8.000 r  datapath/video_inst/mmcm_adv_inst_display_clocks/inst/clkout2_buf/O
                         net (fo=44, routed)          1.707     9.707    datapath/video_inst/inst_dvid/clk_out2
    SLICE_X158Y137       FDRE                                         r  datapath/video_inst/inst_dvid/shift_red_reg[8]/C
                         clock pessimism              0.075     9.782    
                         clock uncertainty           -0.072     9.710    
    SLICE_X158Y137       FDRE (Setup_fdre_C_R)       -0.524     9.186    datapath/video_inst/inst_dvid/shift_red_reg[8]
  -------------------------------------------------------------------
                         required time                          9.186    
                         arrival time                          -4.747    
  -------------------------------------------------------------------
                         slack                                  4.439    

Slack (MET) :             4.561ns  (required time - arrival time)
  Source:                 datapath/video_inst/inst_dvid/shift_clock_reg[0]/C
                            (rising edge-triggered cell FDRE clocked by clk_out2_clk_wiz_0  {rise@0.000ns fall@4.000ns period=8.000ns})
  Destination:            datapath/video_inst/inst_dvid/shift_green_reg[8]/R
                            (rising edge-triggered cell FDRE clocked by clk_out2_clk_wiz_0  {rise@0.000ns fall@4.000ns period=8.000ns})
  Path Group:             clk_out2_clk_wiz_0
  Path Type:              Setup (Max at Slow Process Corner)
  Requirement:            8.000ns  (clk_out2_clk_wiz_0 rise@8.000ns - clk_out2_clk_wiz_0 rise@0.000ns)
  Data Path Delay:        2.886ns  (logic 0.766ns (26.544%)  route 2.120ns (73.456%))
  Logic Levels:           2  (LUT5=1 LUT6=1)
  Clock Path Skew:        -0.052ns (DCD - SCD + CPR)
    Destination Clock Delay (DCD):    1.706ns = ( 9.706 - 8.000 ) 
    Source Clock Delay      (SCD):    1.833ns
    Clock Pessimism Removal (CPR):    0.075ns
  Clock Uncertainty:      0.072ns  ((TSJ^2 + DJ^2)^1/2) / 2 + PE
    Total System Jitter     (TSJ):    0.071ns
    Discrete Jitter          (DJ):    0.125ns
    Phase Error              (PE):    0.000ns

    Location             Delay type                Incr(ns)  Path(ns)    Netlist Resource(s)
  -------------------------------------------------------------------    -------------------
                         (clock clk_out2_clk_wiz_0 rise edge)
                                                      0.000     0.000 r  
    BUFGCTRL_X0Y2        BUFG                         0.000     0.000 r  clk_IBUF_BUFG_inst/O
                         net (fo=302, routed)         2.106     2.106    datapath/video_inst/mmcm_adv_inst_display_clocks/inst/clk_in1
    MMCME2_ADV_X1Y0      MMCME2_ADV (Prop_mmcme2_adv_CLKIN1_CLKOUT1)
                                                     -4.900    -2.793 r  datapath/video_inst/mmcm_adv_inst_display_clocks/inst/mmcm_adv_inst/CLKOUT1
                         net (fo=1, routed)           2.697    -0.096    datapath/video_inst/mmcm_adv_inst_display_clocks/inst/clk_out2_clk_wiz_0
    BUFGCTRL_X0Y0        BUFG (Prop_bufg_I_O)         0.096    -0.000 r  datapath/video_inst/mmcm_adv_inst_display_clocks/inst/clkout2_buf/O
                         net (fo=44, routed)          1.833     1.833    datapath/video_inst/inst_dvid/clk_out2
    SLICE_X162Y147       FDRE                                         r  datapath/video_inst/inst_dvid/shift_clock_reg[0]/C
  -------------------------------------------------------------------    -------------------
    SLICE_X162Y147       FDRE (Prop_fdre_C_Q)         0.518     2.351 f  datapath/video_inst/inst_dvid/shift_clock_reg[0]/Q
                         net (fo=3, routed)           0.678     3.030    datapath/video_inst/inst_dvid/shift_clock[0]
    SLICE_X163Y147       LUT6 (Prop_lut6_I5_O)        0.124     3.154 r  datapath/video_inst/inst_dvid/shift_red[9]_i_2/O
                         net (fo=1, routed)           0.425     3.579    datapath/video_inst/inst_dvid/shift_red[9]_i_2_n_0
    SLICE_X162Y147       LUT5 (Prop_lut5_I0_O)        0.124     3.703 r  datapath/video_inst/inst_dvid/shift_red[9]_i_1/O
                         net (fo=31, routed)          1.016     4.719    datapath/video_inst/inst_dvid/shift_red[9]_i_1_n_0
    SLICE_X159Y135       FDRE                                         r  datapath/video_inst/inst_dvid/shift_green_reg[8]/R
  -------------------------------------------------------------------    -------------------

                         (clock clk_out2_clk_wiz_0 rise edge)
                                                      8.000     8.000 r  
    BUFGCTRL_X0Y2        BUFG                         0.000     8.000 r  clk_IBUF_BUFG_inst/O
                         net (fo=302, routed)         1.972     9.972    datapath/video_inst/mmcm_adv_inst_display_clocks/inst/clk_in1
    MMCME2_ADV_X1Y0      MMCME2_ADV (Prop_mmcme2_adv_CLKIN1_CLKOUT1)
                                                     -4.637     5.335 r  datapath/video_inst/mmcm_adv_inst_display_clocks/inst/mmcm_adv_inst/CLKOUT1
                         net (fo=1, routed)           2.574     7.909    datapath/video_inst/mmcm_adv_inst_display_clocks/inst/clk_out2_clk_wiz_0
    BUFGCTRL_X0Y0        BUFG (Prop_bufg_I_O)         0.091     8.000 r  datapath/video_inst/mmcm_adv_inst_display_clocks/inst/clkout2_buf/O
                         net (fo=44, routed)          1.706     9.706    datapath/video_inst/inst_dvid/clk_out2
    SLICE_X159Y135       FDRE                                         r  datapath/video_inst/inst_dvid/shift_green_reg[8]/C
                         clock pessimism              0.075     9.781    
                         clock uncertainty           -0.072     9.709    
    SLICE_X159Y135       FDRE (Setup_fdre_C_R)       -0.429     9.280    datapath/video_inst/inst_dvid/shift_green_reg[8]
  -------------------------------------------------------------------
                         required time                          9.280    
                         arrival time                          -4.719    
  -------------------------------------------------------------------
                         slack                                  4.561    





Min Delay Paths
--------------------------------------------------------------------------------------
Slack (MET) :             0.174ns  (arrival time - required time)
  Source:                 datapath/video_inst/inst_dvid/shift_blue_reg[8]/C
                            (rising edge-triggered cell FDRE clocked by clk_out2_clk_wiz_0  {rise@0.000ns fall@4.000ns period=8.000ns})
  Destination:            datapath/video_inst/inst_dvid/shift_blue_reg[6]/D
                            (rising edge-triggered cell FDRE clocked by clk_out2_clk_wiz_0  {rise@0.000ns fall@4.000ns period=8.000ns})
  Path Group:             clk_out2_clk_wiz_0
  Path Type:              Hold (Min at Fast Process Corner)
  Requirement:            0.000ns  (clk_out2_clk_wiz_0 rise@0.000ns - clk_out2_clk_wiz_0 rise@0.000ns)
  Data Path Delay:        0.294ns  (logic 0.212ns (72.083%)  route 0.082ns (27.917%))
  Logic Levels:           1  (LUT3=1)
  Clock Path Skew:        0.013ns (DCD - SCD - CPR)
    Destination Clock Delay (DCD):    0.916ns
    Source Clock Delay      (SCD):    0.644ns
    Clock Pessimism Removal (CPR):    0.259ns

    Location             Delay type                Incr(ns)  Path(ns)    Netlist Resource(s)
  -------------------------------------------------------------------    -------------------
                         (clock clk_out2_clk_wiz_0 rise edge)
                                                      0.000     0.000 r  
    BUFGCTRL_X0Y2        BUFG                         0.000     0.000 r  clk_IBUF_BUFG_inst/O
                         net (fo=302, routed)         0.745     0.745    datapath/video_inst/mmcm_adv_inst_display_clocks/inst/clk_in1
    MMCME2_ADV_X1Y0      MMCME2_ADV (Prop_mmcme2_adv_CLKIN1_CLKOUT1)
                                                     -1.683    -0.938 r  datapath/video_inst/mmcm_adv_inst_display_clocks/inst/mmcm_adv_inst/CLKOUT1
                         net (fo=1, routed)           0.912    -0.026    datapath/video_inst/mmcm_adv_inst_display_clocks/inst/clk_out2_clk_wiz_0
    BUFGCTRL_X0Y0        BUFG (Prop_bufg_I_O)         0.026    -0.000 r  datapath/video_inst/mmcm_adv_inst_display_clocks/inst/clkout2_buf/O
                         net (fo=44, routed)          0.644     0.644    datapath/video_inst/inst_dvid/clk_out2
    SLICE_X158Y137       FDRE                                         r  datapath/video_inst/inst_dvid/shift_blue_reg[8]/C
  -------------------------------------------------------------------    -------------------
    SLICE_X158Y137       FDRE (Prop_fdre_C_Q)         0.164     0.808 r  datapath/video_inst/inst_dvid/shift_blue_reg[8]/Q
                         net (fo=1, routed)           0.082     0.890    datapath/video_inst/inst_dvid/shift_blue_reg_n_0_[8]
    SLICE_X159Y137       LUT3 (Prop_lut3_I0_O)        0.048     0.938 r  datapath/video_inst/inst_dvid/shift_blue[6]_i_1/O
                         net (fo=1, routed)           0.000     0.938    datapath/video_inst/inst_dvid/shift_blue[6]
    SLICE_X159Y137       FDRE                                         r  datapath/video_inst/inst_dvid/shift_blue_reg[6]/D
  -------------------------------------------------------------------    -------------------

                         (clock clk_out2_clk_wiz_0 rise edge)
                                                      0.000     0.000 r  
    BUFGCTRL_X0Y2        BUFG                         0.000     0.000 r  clk_IBUF_BUFG_inst/O
                         net (fo=302, routed)         1.022     1.022    datapath/video_inst/mmcm_adv_inst_display_clocks/inst/clk_in1
    MMCME2_ADV_X1Y0      MMCME2_ADV (Prop_mmcme2_adv_CLKIN1_CLKOUT1)
                                                     -2.040    -1.018 r  datapath/video_inst/mmcm_adv_inst_display_clocks/inst/mmcm_adv_inst/CLKOUT1
                         net (fo=1, routed)           0.989    -0.029    datapath/video_inst/mmcm_adv_inst_display_clocks/inst/clk_out2_clk_wiz_0
    BUFGCTRL_X0Y0        BUFG (Prop_bufg_I_O)         0.029    -0.000 r  datapath/video_inst/mmcm_adv_inst_display_clocks/inst/clkout2_buf/O
                         net (fo=44, routed)          0.916     0.916    datapath/video_inst/inst_dvid/clk_out2
    SLICE_X159Y137       FDRE                                         r  datapath/video_inst/inst_dvid/shift_blue_reg[6]/C
                         clock pessimism             -0.259     0.657    
    SLICE_X159Y137       FDRE (Hold_fdre_C_D)         0.107     0.764    datapath/video_inst/inst_dvid/shift_blue_reg[6]
  -------------------------------------------------------------------
                         required time                         -0.764    
                         arrival time                           0.938    
  -------------------------------------------------------------------
                         slack                                  0.174    

Slack (MET) :             0.215ns  (arrival time - required time)
  Source:                 datapath/video_inst/inst_dvid/shift_clock_reg[7]/C
                            (rising edge-triggered cell FDRE clocked by clk_out2_clk_wiz_0  {rise@0.000ns fall@4.000ns period=8.000ns})
  Destination:            datapath/video_inst/inst_dvid/shift_clock_reg[5]/D
                            (rising edge-triggered cell FDRE clocked by clk_out2_clk_wiz_0  {rise@0.000ns fall@4.000ns period=8.000ns})
  Path Group:             clk_out2_clk_wiz_0
  Path Type:              Hold (Min at Fast Process Corner)
  Requirement:            0.000ns  (clk_out2_clk_wiz_0 rise@0.000ns - clk_out2_clk_wiz_0 rise@0.000ns)
  Data Path Delay:        0.262ns  (logic 0.141ns (53.718%)  route 0.121ns (46.282%))
  Logic Levels:           0  
  Clock Path Skew:        0.000ns (DCD - SCD - CPR)
    Destination Clock Delay (DCD):    0.922ns
    Source Clock Delay      (SCD):    0.649ns
    Clock Pessimism Removal (CPR):    0.273ns

    Location             Delay type                Incr(ns)  Path(ns)    Netlist Resource(s)
  -------------------------------------------------------------------    -------------------
                         (clock clk_out2_clk_wiz_0 rise edge)
                                                      0.000     0.000 r  
    BUFGCTRL_X0Y2        BUFG                         0.000     0.000 r  clk_IBUF_BUFG_inst/O
                         net (fo=302, routed)         0.745     0.745    datapath/video_inst/mmcm_adv_inst_display_clocks/inst/clk_in1
    MMCME2_ADV_X1Y0      MMCME2_ADV (Prop_mmcme2_adv_CLKIN1_CLKOUT1)
                                                     -1.683    -0.938 r  datapath/video_inst/mmcm_adv_inst_display_clocks/inst/mmcm_adv_inst/CLKOUT1
                         net (fo=1, routed)           0.912    -0.026    datapath/video_inst/mmcm_adv_inst_display_clocks/inst/clk_out2_clk_wiz_0
    BUFGCTRL_X0Y0        BUFG (Prop_bufg_I_O)         0.026    -0.000 r  datapath/video_inst/mmcm_adv_inst_display_clocks/inst/clkout2_buf/O
                         net (fo=44, routed)          0.649     0.649    datapath/video_inst/inst_dvid/clk_out2
    SLICE_X163Y147       FDRE                                         r  datapath/video_inst/inst_dvid/shift_clock_reg[7]/C
  -------------------------------------------------------------------    -------------------
    SLICE_X163Y147       FDRE (Prop_fdre_C_Q)         0.141     0.790 r  datapath/video_inst/inst_dvid/shift_clock_reg[7]/Q
                         net (fo=2, routed)           0.121     0.911    datapath/video_inst/inst_dvid/shift_clock__0[7]
    SLICE_X163Y147       FDRE                                         r  datapath/video_inst/inst_dvid/shift_clock_reg[5]/D
  -------------------------------------------------------------------    -------------------

                         (clock clk_out2_clk_wiz_0 rise edge)
                                                      0.000     0.000 r  
    BUFGCTRL_X0Y2        BUFG                         0.000     0.000 r  clk_IBUF_BUFG_inst/O
                         net (fo=302, routed)         1.022     1.022    datapath/video_inst/mmcm_adv_inst_display_clocks/inst/clk_in1
    MMCME2_ADV_X1Y0      MMCME2_ADV (Prop_mmcme2_adv_CLKIN1_CLKOUT1)
                                                     -2.040    -1.018 r  datapath/video_inst/mmcm_adv_inst_display_clocks/inst/mmcm_adv_inst/CLKOUT1
                         net (fo=1, routed)           0.989    -0.029    datapath/video_inst/mmcm_adv_inst_display_clocks/inst/clk_out2_clk_wiz_0
    BUFGCTRL_X0Y0        BUFG (Prop_bufg_I_O)         0.029    -0.000 r  datapath/video_inst/mmcm_adv_inst_display_clocks/inst/clkout2_buf/O
                         net (fo=44, routed)          0.922     0.922    datapath/video_inst/inst_dvid/clk_out2
    SLICE_X163Y147       FDRE                                         r  datapath/video_inst/inst_dvid/shift_clock_reg[5]/C
                         clock pessimism             -0.273     0.649    
    SLICE_X163Y147       FDRE (Hold_fdre_C_D)         0.047     0.696    datapath/video_inst/inst_dvid/shift_clock_reg[5]
  -------------------------------------------------------------------
                         required time                         -0.696    
                         arrival time                           0.911    
  -------------------------------------------------------------------
                         slack                                  0.215    

Slack (MET) :             0.218ns  (arrival time - required time)
  Source:                 datapath/video_inst/inst_dvid/shift_clock_reg[4]/C
                            (rising edge-triggered cell FDRE clocked by clk_out2_clk_wiz_0  {rise@0.000ns fall@4.000ns period=8.000ns})
  Destination:            datapath/video_inst/inst_dvid/shift_clock_reg[2]/D
                            (rising edge-triggered cell FDRE clocked by clk_out2_clk_wiz_0  {rise@0.000ns fall@4.000ns period=8.000ns})
  Path Group:             clk_out2_clk_wiz_0
  Path Type:              Hold (Min at Fast Process Corner)
  Requirement:            0.000ns  (clk_out2_clk_wiz_0 rise@0.000ns - clk_out2_clk_wiz_0 rise@0.000ns)
  Data Path Delay:        0.294ns  (logic 0.141ns (47.930%)  route 0.153ns (52.070%))
  Logic Levels:           0  
  Clock Path Skew:        0.013ns (DCD - SCD - CPR)
    Destination Clock Delay (DCD):    0.922ns
    Source Clock Delay      (SCD):    0.649ns
    Clock Pessimism Removal (CPR):    0.260ns

    Location             Delay type                Incr(ns)  Path(ns)    Netlist Resource(s)
  -------------------------------------------------------------------    -------------------
                         (clock clk_out2_clk_wiz_0 rise edge)
                                                      0.000     0.000 r  
    BUFGCTRL_X0Y2        BUFG                         0.000     0.000 r  clk_IBUF_BUFG_inst/O
                         net (fo=302, routed)         0.745     0.745    datapath/video_inst/mmcm_adv_inst_display_clocks/inst/clk_in1
    MMCME2_ADV_X1Y0      MMCME2_ADV (Prop_mmcme2_adv_CLKIN1_CLKOUT1)
                                                     -1.683    -0.938 r  datapath/video_inst/mmcm_adv_inst_display_clocks/inst/mmcm_adv_inst/CLKOUT1
                         net (fo=1, routed)           0.912    -0.026    datapath/video_inst/mmcm_adv_inst_display_clocks/inst/clk_out2_clk_wiz_0
    BUFGCTRL_X0Y0        BUFG (Prop_bufg_I_O)         0.026    -0.000 r  datapath/video_inst/mmcm_adv_inst_display_clocks/inst/clkout2_buf/O
                         net (fo=44, routed)          0.649     0.649    datapath/video_inst/inst_dvid/clk_out2
    SLICE_X163Y147       FDRE                                         r  datapath/video_inst/inst_dvid/shift_clock_reg[4]/C
  -------------------------------------------------------------------    -------------------
    SLICE_X163Y147       FDRE (Prop_fdre_C_Q)         0.141     0.790 r  datapath/video_inst/inst_dvid/shift_clock_reg[4]/Q
                         net (fo=2, routed)           0.153     0.943    datapath/video_inst/inst_dvid/shift_clock__0[4]
    SLICE_X162Y147       FDRE                                         r  datapath/video_inst/inst_dvid/shift_clock_reg[2]/D
  -------------------------------------------------------------------    -------------------

                         (clock clk_out2_clk_wiz_0 rise edge)
                                                      0.000     0.000 r  
    BUFGCTRL_X0Y2        BUFG                         0.000     0.000 r  clk_IBUF_BUFG_inst/O
                         net (fo=302, routed)         1.022     1.022    datapath/video_inst/mmcm_adv_inst_display_clocks/inst/clk_in1
    MMCME2_ADV_X1Y0      MMCME2_ADV (Prop_mmcme2_adv_CLKIN1_CLKOUT1)
                                                     -2.040    -1.018 r  datapath/video_inst/mmcm_adv_inst_display_clocks/inst/mmcm_adv_inst/CLKOUT1
                         net (fo=1, routed)           0.989    -0.029    datapath/video_inst/mmcm_adv_inst_display_clocks/inst/clk_out2_clk_wiz_0
    BUFGCTRL_X0Y0        BUFG (Prop_bufg_I_O)         0.029    -0.000 r  datapath/video_inst/mmcm_adv_inst_display_clocks/inst/clkout2_buf/O
                         net (fo=44, routed)          0.922     0.922    datapath/video_inst/inst_dvid/clk_out2
    SLICE_X162Y147       FDRE                                         r  datapath/video_inst/inst_dvid/shift_clock_reg[2]/C
                         clock pessimism             -0.260     0.662    
    SLICE_X162Y147       FDRE (Hold_fdre_C_D)         0.063     0.725    datapath/video_inst/inst_dvid/shift_clock_reg[2]
  -------------------------------------------------------------------
                         required time                         -0.725    
                         arrival time                           0.943    
  -------------------------------------------------------------------
                         slack                                  0.218    

Slack (MET) :             0.233ns  (arrival time - required time)
  Source:                 datapath/video_inst/inst_dvid/shift_clock_reg[2]/C
                            (rising edge-triggered cell FDRE clocked by clk_out2_clk_wiz_0  {rise@0.000ns fall@4.000ns period=8.000ns})
  Destination:            datapath/video_inst/inst_dvid/shift_clock_reg[0]/D
                            (rising edge-triggered cell FDRE clocked by clk_out2_clk_wiz_0  {rise@0.000ns fall@4.000ns period=8.000ns})
  Path Group:             clk_out2_clk_wiz_0
  Path Type:              Hold (Min at Fast Process Corner)
  Requirement:            0.000ns  (clk_out2_clk_wiz_0 rise@0.000ns - clk_out2_clk_wiz_0 rise@0.000ns)
  Data Path Delay:        0.292ns  (logic 0.164ns (56.232%)  route 0.128ns (43.768%))
  Logic Levels:           0  
  Clock Path Skew:        0.000ns (DCD - SCD - CPR)
    Destination Clock Delay (DCD):    0.922ns
    Source Clock Delay      (SCD):    0.649ns
    Clock Pessimism Removal (CPR):    0.273ns

    Location             Delay type                Incr(ns)  Path(ns)    Netlist Resource(s)
  -------------------------------------------------------------------    -------------------
                         (clock clk_out2_clk_wiz_0 rise edge)
                                                      0.000     0.000 r  
    BUFGCTRL_X0Y2        BUFG                         0.000     0.000 r  clk_IBUF_BUFG_inst/O
                         net (fo=302, routed)         0.745     0.745    datapath/video_inst/mmcm_adv_inst_display_clocks/inst/clk_in1
    MMCME2_ADV_X1Y0      MMCME2_ADV (Prop_mmcme2_adv_CLKIN1_CLKOUT1)
                                                     -1.683    -0.938 r  datapath/video_inst/mmcm_adv_inst_display_clocks/inst/mmcm_adv_inst/CLKOUT1
                         net (fo=1, routed)           0.912    -0.026    datapath/video_inst/mmcm_adv_inst_display_clocks/inst/clk_out2_clk_wiz_0
    BUFGCTRL_X0Y0        BUFG (Prop_bufg_I_O)         0.026    -0.000 r  datapath/video_inst/mmcm_adv_inst_display_clocks/inst/clkout2_buf/O
                         net (fo=44, routed)          0.649     0.649    datapath/video_inst/inst_dvid/clk_out2
    SLICE_X162Y147       FDRE                                         r  datapath/video_inst/inst_dvid/shift_clock_reg[2]/C
  -------------------------------------------------------------------    -------------------
    SLICE_X162Y147       FDRE (Prop_fdre_C_Q)         0.164     0.813 r  datapath/video_inst/inst_dvid/shift_clock_reg[2]/Q
                         net (fo=2, routed)           0.128     0.940    datapath/video_inst/inst_dvid/shift_clock__0[2]
    SLICE_X162Y147       FDRE                                         r  datapath/video_inst/inst_dvid/shift_clock_reg[0]/D
  -------------------------------------------------------------------    -------------------

                         (clock clk_out2_clk_wiz_0 rise edge)
                                                      0.000     0.000 r  
    BUFGCTRL_X0Y2        BUFG                         0.000     0.000 r  clk_IBUF_BUFG_inst/O
                         net (fo=302, routed)         1.022     1.022    datapath/video_inst/mmcm_adv_inst_display_clocks/inst/clk_in1
    MMCME2_ADV_X1Y0      MMCME2_ADV (Prop_mmcme2_adv_CLKIN1_CLKOUT1)
                                                     -2.040    -1.018 r  datapath/video_inst/mmcm_adv_inst_display_clocks/inst/mmcm_adv_inst/CLKOUT1
                         net (fo=1, routed)           0.989    -0.029    datapath/video_inst/mmcm_adv_inst_display_clocks/inst/clk_out2_clk_wiz_0
    BUFGCTRL_X0Y0        BUFG (Prop_bufg_I_O)         0.029    -0.000 r  datapath/video_inst/mmcm_adv_inst_display_clocks/inst/clkout2_buf/O
                         net (fo=44, routed)          0.922     0.922    datapath/video_inst/inst_dvid/clk_out2
    SLICE_X162Y147       FDRE                                         r  datapath/video_inst/inst_dvid/shift_clock_reg[0]/C
                         clock pessimism             -0.273     0.649    
    SLICE_X162Y147       FDRE (Hold_fdre_C_D)         0.059     0.708    datapath/video_inst/inst_dvid/shift_clock_reg[0]
  -------------------------------------------------------------------
                         required time                         -0.708    
                         arrival time                           0.940    
  -------------------------------------------------------------------
                         slack                                  0.233    

Slack (MET) :             0.235ns  (arrival time - required time)
  Source:                 datapath/video_inst/inst_dvid/shift_clock_reg[3]/C
                            (rising edge-triggered cell FDRE clocked by clk_out2_clk_wiz_0  {rise@0.000ns fall@4.000ns period=8.000ns})
  Destination:            datapath/video_inst/inst_dvid/shift_clock_reg[1]/D
                            (rising edge-triggered cell FDRE clocked by clk_out2_clk_wiz_0  {rise@0.000ns fall@4.000ns period=8.000ns})
  Path Group:             clk_out2_clk_wiz_0
  Path Type:              Hold (Min at Fast Process Corner)
  Requirement:            0.000ns  (clk_out2_clk_wiz_0 rise@0.000ns - clk_out2_clk_wiz_0 rise@0.000ns)
  Data Path Delay:        0.287ns  (logic 0.164ns (57.162%)  route 0.123ns (42.838%))
  Logic Levels:           0  
  Clock Path Skew:        0.000ns (DCD - SCD - CPR)
    Destination Clock Delay (DCD):    0.922ns
    Source Clock Delay      (SCD):    0.649ns
    Clock Pessimism Removal (CPR):    0.273ns

    Location             Delay type                Incr(ns)  Path(ns)    Netlist Resource(s)
  -------------------------------------------------------------------    -------------------
                         (clock clk_out2_clk_wiz_0 rise edge)
                                                      0.000     0.000 r  
    BUFGCTRL_X0Y2        BUFG                         0.000     0.000 r  clk_IBUF_BUFG_inst/O
                         net (fo=302, routed)         0.745     0.745    datapath/video_inst/mmcm_adv_inst_display_clocks/inst/clk_in1
    MMCME2_ADV_X1Y0      MMCME2_ADV (Prop_mmcme2_adv_CLKIN1_CLKOUT1)
                                                     -1.683    -0.938 r  datapath/video_inst/mmcm_adv_inst_display_clocks/inst/mmcm_adv_inst/CLKOUT1
                         net (fo=1, routed)           0.912    -0.026    datapath/video_inst/mmcm_adv_inst_display_clocks/inst/clk_out2_clk_wiz_0
    BUFGCTRL_X0Y0        BUFG (Prop_bufg_I_O)         0.026    -0.000 r  datapath/video_inst/mmcm_adv_inst_display_clocks/inst/clkout2_buf/O
                         net (fo=44, routed)          0.649     0.649    datapath/video_inst/inst_dvid/clk_out2
    SLICE_X162Y147       FDRE                                         r  datapath/video_inst/inst_dvid/shift_clock_reg[3]/C
  -------------------------------------------------------------------    -------------------
    SLICE_X162Y147       FDRE (Prop_fdre_C_Q)         0.164     0.813 r  datapath/video_inst/inst_dvid/shift_clock_reg[3]/Q
                         net (fo=2, routed)           0.123     0.936    datapath/video_inst/inst_dvid/shift_clock__0[3]
    SLICE_X162Y147       FDRE                                         r  datapath/video_inst/inst_dvid/shift_clock_reg[1]/D
  -------------------------------------------------------------------    -------------------

                         (clock clk_out2_clk_wiz_0 rise edge)
                                                      0.000     0.000 r  
    BUFGCTRL_X0Y2        BUFG                         0.000     0.000 r  clk_IBUF_BUFG_inst/O
                         net (fo=302, routed)         1.022     1.022    datapath/video_inst/mmcm_adv_inst_display_clocks/inst/clk_in1
    MMCME2_ADV_X1Y0      MMCME2_ADV (Prop_mmcme2_adv_CLKIN1_CLKOUT1)
                                                     -2.040    -1.018 r  datapath/video_inst/mmcm_adv_inst_display_clocks/inst/mmcm_adv_inst/CLKOUT1
                         net (fo=1, routed)           0.989    -0.029    datapath/video_inst/mmcm_adv_inst_display_clocks/inst/clk_out2_clk_wiz_0
    BUFGCTRL_X0Y0        BUFG (Prop_bufg_I_O)         0.029    -0.000 r  datapath/video_inst/mmcm_adv_inst_display_clocks/inst/clkout2_buf/O
                         net (fo=44, routed)          0.922     0.922    datapath/video_inst/inst_dvid/clk_out2
    SLICE_X162Y147       FDRE                                         r  datapath/video_inst/inst_dvid/shift_clock_reg[1]/C
                         clock pessimism             -0.273     0.649    
    SLICE_X162Y147       FDRE (Hold_fdre_C_D)         0.052     0.701    datapath/video_inst/inst_dvid/shift_clock_reg[1]
  -------------------------------------------------------------------
                         required time                         -0.701    
                         arrival time                           0.936    
  -------------------------------------------------------------------
                         slack                                  0.235    

Slack (MET) :             0.246ns  (arrival time - required time)
  Source:                 datapath/video_inst/inst_dvid/shift_green_reg[8]/C
                            (rising edge-triggered cell FDRE clocked by clk_out2_clk_wiz_0  {rise@0.000ns fall@4.000ns period=8.000ns})
  Destination:            datapath/video_inst/inst_dvid/shift_green_reg[6]/D
                            (rising edge-triggered cell FDRE clocked by clk_out2_clk_wiz_0  {rise@0.000ns fall@4.000ns period=8.000ns})
  Path Group:             clk_out2_clk_wiz_0
  Path Type:              Hold (Min at Fast Process Corner)
  Requirement:            0.000ns  (clk_out2_clk_wiz_0 rise@0.000ns - clk_out2_clk_wiz_0 rise@0.000ns)
  Data Path Delay:        0.380ns  (logic 0.186ns (48.934%)  route 0.194ns (51.066%))
  Logic Levels:           1  (LUT3=1)
  Clock Path Skew:        0.013ns (DCD - SCD - CPR)
    Destination Clock Delay (DCD):    0.915ns
    Source Clock Delay      (SCD):    0.643ns
    Clock Pessimism Removal (CPR):    0.259ns

    Location             Delay type                Incr(ns)  Path(ns)    Netlist Resource(s)
  -------------------------------------------------------------------    -------------------
                         (clock clk_out2_clk_wiz_0 rise edge)
                                                      0.000     0.000 r  
    BUFGCTRL_X0Y2        BUFG                         0.000     0.000 r  clk_IBUF_BUFG_inst/O
                         net (fo=302, routed)         0.745     0.745    datapath/video_inst/mmcm_adv_inst_display_clocks/inst/clk_in1
    MMCME2_ADV_X1Y0      MMCME2_ADV (Prop_mmcme2_adv_CLKIN1_CLKOUT1)
                                                     -1.683    -0.938 r  datapath/video_inst/mmcm_adv_inst_display_clocks/inst/mmcm_adv_inst/CLKOUT1
                         net (fo=1, routed)           0.912    -0.026    datapath/video_inst/mmcm_adv_inst_display_clocks/inst/clk_out2_clk_wiz_0
    BUFGCTRL_X0Y0        BUFG (Prop_bufg_I_O)         0.026    -0.000 r  datapath/video_inst/mmcm_adv_inst_display_clocks/inst/clkout2_buf/O
                         net (fo=44, routed)          0.643     0.643    datapath/video_inst/inst_dvid/clk_out2
    SLICE_X159Y135       FDRE                                         r  datapath/video_inst/inst_dvid/shift_green_reg[8]/C
  -------------------------------------------------------------------    -------------------
    SLICE_X159Y135       FDRE (Prop_fdre_C_Q)         0.141     0.784 r  datapath/video_inst/inst_dvid/shift_green_reg[8]/Q
                         net (fo=1, routed)           0.194     0.978    datapath/video_inst/inst_dvid/shift_green_reg_n_0_[8]
    SLICE_X158Y135       LUT3 (Prop_lut3_I0_O)        0.045     1.023 r  datapath/video_inst/inst_dvid/shift_green[6]_i_1/O
                         net (fo=1, routed)           0.000     1.023    datapath/video_inst/inst_dvid/shift_green[6]
    SLICE_X158Y135       FDRE                                         r  datapath/video_inst/inst_dvid/shift_green_reg[6]/D
  -------------------------------------------------------------------    -------------------

                         (clock clk_out2_clk_wiz_0 rise edge)
                                                      0.000     0.000 r  
    BUFGCTRL_X0Y2        BUFG                         0.000     0.000 r  clk_IBUF_BUFG_inst/O
                         net (fo=302, routed)         1.022     1.022    datapath/video_inst/mmcm_adv_inst_display_clocks/inst/clk_in1
    MMCME2_ADV_X1Y0      MMCME2_ADV (Prop_mmcme2_adv_CLKIN1_CLKOUT1)
                                                     -2.040    -1.018 r  datapath/video_inst/mmcm_adv_inst_display_clocks/inst/mmcm_adv_inst/CLKOUT1
                         net (fo=1, routed)           0.989    -0.029    datapath/video_inst/mmcm_adv_inst_display_clocks/inst/clk_out2_clk_wiz_0
    BUFGCTRL_X0Y0        BUFG (Prop_bufg_I_O)         0.029    -0.000 r  datapath/video_inst/mmcm_adv_inst_display_clocks/inst/clkout2_buf/O
                         net (fo=44, routed)          0.915     0.915    datapath/video_inst/inst_dvid/clk_out2
    SLICE_X158Y135       FDRE                                         r  datapath/video_inst/inst_dvid/shift_green_reg[6]/C
                         clock pessimism             -0.259     0.656    
    SLICE_X158Y135       FDRE (Hold_fdre_C_D)         0.121     0.777    datapath/video_inst/inst_dvid/shift_green_reg[6]
  -------------------------------------------------------------------
                         required time                         -0.777    
                         arrival time                           1.023    
  -------------------------------------------------------------------
                         slack                                  0.246    

Slack (MET) :             0.248ns  (arrival time - required time)
  Source:                 datapath/video_inst/inst_dvid/shift_green_reg[9]/C
                            (rising edge-triggered cell FDRE clocked by clk_out2_clk_wiz_0  {rise@0.000ns fall@4.000ns period=8.000ns})
  Destination:            datapath/video_inst/inst_dvid/shift_green_reg[7]/D
                            (rising edge-triggered cell FDRE clocked by clk_out2_clk_wiz_0  {rise@0.000ns fall@4.000ns period=8.000ns})
  Path Group:             clk_out2_clk_wiz_0
  Path Type:              Hold (Min at Fast Process Corner)
  Requirement:            0.000ns  (clk_out2_clk_wiz_0 rise@0.000ns - clk_out2_clk_wiz_0 rise@0.000ns)
  Data Path Delay:        0.393ns  (logic 0.212ns (53.887%)  route 0.181ns (46.113%))
  Logic Levels:           1  (LUT3=1)
  Clock Path Skew:        0.014ns (DCD - SCD - CPR)
    Destination Clock Delay (DCD):    0.915ns
    Source Clock Delay      (SCD):    0.644ns
    Clock Pessimism Removal (CPR):    0.257ns

    Location             Delay type                Incr(ns)  Path(ns)    Netlist Resource(s)
  -------------------------------------------------------------------    -------------------
                         (clock clk_out2_clk_wiz_0 rise edge)
                                                      0.000     0.000 r  
    BUFGCTRL_X0Y2        BUFG                         0.000     0.000 r  clk_IBUF_BUFG_inst/O
                         net (fo=302, routed)         0.745     0.745    datapath/video_inst/mmcm_adv_inst_display_clocks/inst/clk_in1
    MMCME2_ADV_X1Y0      MMCME2_ADV (Prop_mmcme2_adv_CLKIN1_CLKOUT1)
                                                     -1.683    -0.938 r  datapath/video_inst/mmcm_adv_inst_display_clocks/inst/mmcm_adv_inst/CLKOUT1
                         net (fo=1, routed)           0.912    -0.026    datapath/video_inst/mmcm_adv_inst_display_clocks/inst/clk_out2_clk_wiz_0
    BUFGCTRL_X0Y0        BUFG (Prop_bufg_I_O)         0.026    -0.000 r  datapath/video_inst/mmcm_adv_inst_display_clocks/inst/clkout2_buf/O
                         net (fo=44, routed)          0.644     0.644    datapath/video_inst/inst_dvid/clk_out2
    SLICE_X158Y137       FDRE                                         r  datapath/video_inst/inst_dvid/shift_green_reg[9]/C
  -------------------------------------------------------------------    -------------------
    SLICE_X158Y137       FDRE (Prop_fdre_C_Q)         0.164     0.808 r  datapath/video_inst/inst_dvid/shift_green_reg[9]/Q
                         net (fo=1, routed)           0.181     0.989    datapath/video_inst/inst_dvid/shift_green_reg_n_0_[9]
    SLICE_X158Y135       LUT3 (Prop_lut3_I0_O)        0.048     1.037 r  datapath/video_inst/inst_dvid/shift_green[7]_i_1/O
                         net (fo=1, routed)           0.000     1.037    datapath/video_inst/inst_dvid/shift_green[7]
    SLICE_X158Y135       FDRE                                         r  datapath/video_inst/inst_dvid/shift_green_reg[7]/D
  -------------------------------------------------------------------    -------------------

                         (clock clk_out2_clk_wiz_0 rise edge)
                                                      0.000     0.000 r  
    BUFGCTRL_X0Y2        BUFG                         0.000     0.000 r  clk_IBUF_BUFG_inst/O
                         net (fo=302, routed)         1.022     1.022    datapath/video_inst/mmcm_adv_inst_display_clocks/inst/clk_in1
    MMCME2_ADV_X1Y0      MMCME2_ADV (Prop_mmcme2_adv_CLKIN1_CLKOUT1)
                                                     -2.040    -1.018 r  datapath/video_inst/mmcm_adv_inst_display_clocks/inst/mmcm_adv_inst/CLKOUT1
                         net (fo=1, routed)           0.989    -0.029    datapath/video_inst/mmcm_adv_inst_display_clocks/inst/clk_out2_clk_wiz_0
    BUFGCTRL_X0Y0        BUFG (Prop_bufg_I_O)         0.029    -0.000 r  datapath/video_inst/mmcm_adv_inst_display_clocks/inst/clkout2_buf/O
                         net (fo=44, routed)          0.915     0.915    datapath/video_inst/inst_dvid/clk_out2
    SLICE_X158Y135       FDRE                                         r  datapath/video_inst/inst_dvid/shift_green_reg[7]/C
                         clock pessimism             -0.257     0.658    
    SLICE_X158Y135       FDRE (Hold_fdre_C_D)         0.131     0.789    datapath/video_inst/inst_dvid/shift_green_reg[7]
  -------------------------------------------------------------------
                         required time                         -0.789    
                         arrival time                           1.037    
  -------------------------------------------------------------------
                         slack                                  0.248    

Slack (MET) :             0.269ns  (arrival time - required time)
  Source:                 datapath/video_inst/inst_dvid/shift_blue_reg[4]/C
                            (rising edge-triggered cell FDRE clocked by clk_out2_clk_wiz_0  {rise@0.000ns fall@4.000ns period=8.000ns})
  Destination:            datapath/video_inst/inst_dvid/shift_blue_reg[2]/D
                            (rising edge-triggered cell FDRE clocked by clk_out2_clk_wiz_0  {rise@0.000ns fall@4.000ns period=8.000ns})
  Path Group:             clk_out2_clk_wiz_0
  Path Type:              Hold (Min at Fast Process Corner)
  Requirement:            0.000ns  (clk_out2_clk_wiz_0 rise@0.000ns - clk_out2_clk_wiz_0 rise@0.000ns)
  Data Path Delay:        0.402ns  (logic 0.186ns (46.227%)  route 0.216ns (53.773%))
  Logic Levels:           1  (LUT3=1)
  Clock Path Skew:        0.041ns (DCD - SCD - CPR)
    Destination Clock Delay (DCD):    0.919ns
    Source Clock Delay      (SCD):    0.644ns
    Clock Pessimism Removal (CPR):    0.234ns

    Location             Delay type                Incr(ns)  Path(ns)    Netlist Resource(s)
  -------------------------------------------------------------------    -------------------
                         (clock clk_out2_clk_wiz_0 rise edge)
                                                      0.000     0.000 r  
    BUFGCTRL_X0Y2        BUFG                         0.000     0.000 r  clk_IBUF_BUFG_inst/O
                         net (fo=302, routed)         0.745     0.745    datapath/video_inst/mmcm_adv_inst_display_clocks/inst/clk_in1
    MMCME2_ADV_X1Y0      MMCME2_ADV (Prop_mmcme2_adv_CLKIN1_CLKOUT1)
                                                     -1.683    -0.938 r  datapath/video_inst/mmcm_adv_inst_display_clocks/inst/mmcm_adv_inst/CLKOUT1
                         net (fo=1, routed)           0.912    -0.026    datapath/video_inst/mmcm_adv_inst_display_clocks/inst/clk_out2_clk_wiz_0
    BUFGCTRL_X0Y0        BUFG (Prop_bufg_I_O)         0.026    -0.000 r  datapath/video_inst/mmcm_adv_inst_display_clocks/inst/clkout2_buf/O
                         net (fo=44, routed)          0.644     0.644    datapath/video_inst/inst_dvid/clk_out2
    SLICE_X159Y137       FDRE                                         r  datapath/video_inst/inst_dvid/shift_blue_reg[4]/C
  -------------------------------------------------------------------    -------------------
    SLICE_X159Y137       FDRE (Prop_fdre_C_Q)         0.141     0.785 r  datapath/video_inst/inst_dvid/shift_blue_reg[4]/Q
                         net (fo=1, routed)           0.216     1.001    datapath/video_inst/inst_dvid/shift_blue_reg_n_0_[4]
    SLICE_X161Y138       LUT3 (Prop_lut3_I0_O)        0.045     1.046 r  datapath/video_inst/inst_dvid/shift_blue[2]_i_1/O
                         net (fo=1, routed)           0.000     1.046    datapath/video_inst/inst_dvid/shift_blue[2]
    SLICE_X161Y138       FDRE                                         r  datapath/video_inst/inst_dvid/shift_blue_reg[2]/D
  -------------------------------------------------------------------    -------------------

                         (clock clk_out2_clk_wiz_0 rise edge)
                                                      0.000     0.000 r  
    BUFGCTRL_X0Y2        BUFG                         0.000     0.000 r  clk_IBUF_BUFG_inst/O
                         net (fo=302, routed)         1.022     1.022    datapath/video_inst/mmcm_adv_inst_display_clocks/inst/clk_in1
    MMCME2_ADV_X1Y0      MMCME2_ADV (Prop_mmcme2_adv_CLKIN1_CLKOUT1)
                                                     -2.040    -1.018 r  datapath/video_inst/mmcm_adv_inst_display_clocks/inst/mmcm_adv_inst/CLKOUT1
                         net (fo=1, routed)           0.989    -0.029    datapath/video_inst/mmcm_adv_inst_display_clocks/inst/clk_out2_clk_wiz_0
    BUFGCTRL_X0Y0        BUFG (Prop_bufg_I_O)         0.029    -0.000 r  datapath/video_inst/mmcm_adv_inst_display_clocks/inst/clkout2_buf/O
                         net (fo=44, routed)          0.919     0.919    datapath/video_inst/inst_dvid/clk_out2
    SLICE_X161Y138       FDRE                                         r  datapath/video_inst/inst_dvid/shift_blue_reg[2]/C
                         clock pessimism             -0.234     0.685    
    SLICE_X161Y138       FDRE (Hold_fdre_C_D)         0.092     0.777    datapath/video_inst/inst_dvid/shift_blue_reg[2]
  -------------------------------------------------------------------
                         required time                         -0.777    
                         arrival time                           1.046    
  -------------------------------------------------------------------
                         slack                                  0.269    

Slack (MET) :             0.274ns  (arrival time - required time)
  Source:                 datapath/video_inst/inst_dvid/shift_blue_reg[5]/C
                            (rising edge-triggered cell FDRE clocked by clk_out2_clk_wiz_0  {rise@0.000ns fall@4.000ns period=8.000ns})
  Destination:            datapath/video_inst/inst_dvid/shift_blue_reg[3]/D
                            (rising edge-triggered cell FDRE clocked by clk_out2_clk_wiz_0  {rise@0.000ns fall@4.000ns period=8.000ns})
  Path Group:             clk_out2_clk_wiz_0
  Path Type:              Hold (Min at Fast Process Corner)
  Requirement:            0.000ns  (clk_out2_clk_wiz_0 rise@0.000ns - clk_out2_clk_wiz_0 rise@0.000ns)
  Data Path Delay:        0.381ns  (logic 0.186ns (48.770%)  route 0.195ns (51.230%))
  Logic Levels:           1  (LUT3=1)
  Clock Path Skew:        0.000ns (DCD - SCD - CPR)
    Destination Clock Delay (DCD):    0.919ns
    Source Clock Delay      (SCD):    0.646ns
    Clock Pessimism Removal (CPR):    0.273ns

    Location             Delay type                Incr(ns)  Path(ns)    Netlist Resource(s)
  -------------------------------------------------------------------    -------------------
                         (clock clk_out2_clk_wiz_0 rise edge)
                                                      0.000     0.000 r  
    BUFGCTRL_X0Y2        BUFG                         0.000     0.000 r  clk_IBUF_BUFG_inst/O
                         net (fo=302, routed)         0.745     0.745    datapath/video_inst/mmcm_adv_inst_display_clocks/inst/clk_in1
    MMCME2_ADV_X1Y0      MMCME2_ADV (Prop_mmcme2_adv_CLKIN1_CLKOUT1)
                                                     -1.683    -0.938 r  datapath/video_inst/mmcm_adv_inst_display_clocks/inst/mmcm_adv_inst/CLKOUT1
                         net (fo=1, routed)           0.912    -0.026    datapath/video_inst/mmcm_adv_inst_display_clocks/inst/clk_out2_clk_wiz_0
    BUFGCTRL_X0Y0        BUFG (Prop_bufg_I_O)         0.026    -0.000 r  datapath/video_inst/mmcm_adv_inst_display_clocks/inst/clkout2_buf/O
                         net (fo=44, routed)          0.646     0.646    datapath/video_inst/inst_dvid/clk_out2
    SLICE_X161Y138       FDRE                                         r  datapath/video_inst/inst_dvid/shift_blue_reg[5]/C
  -------------------------------------------------------------------    -------------------
    SLICE_X161Y138       FDRE (Prop_fdre_C_Q)         0.141     0.787 r  datapath/video_inst/inst_dvid/shift_blue_reg[5]/Q
                         net (fo=1, routed)           0.195     0.982    datapath/video_inst/inst_dvid/shift_blue_reg_n_0_[5]
    SLICE_X161Y138       LUT3 (Prop_lut3_I0_O)        0.045     1.027 r  datapath/video_inst/inst_dvid/shift_blue[3]_i_1/O
                         net (fo=1, routed)           0.000     1.027    datapath/video_inst/inst_dvid/shift_blue[3]
    SLICE_X161Y138       FDRE                                         r  datapath/video_inst/inst_dvid/shift_blue_reg[3]/D
  -------------------------------------------------------------------    -------------------

                         (clock clk_out2_clk_wiz_0 rise edge)
                                                      0.000     0.000 r  
    BUFGCTRL_X0Y2        BUFG                         0.000     0.000 r  clk_IBUF_BUFG_inst/O
                         net (fo=302, routed)         1.022     1.022    datapath/video_inst/mmcm_adv_inst_display_clocks/inst/clk_in1
    MMCME2_ADV_X1Y0      MMCME2_ADV (Prop_mmcme2_adv_CLKIN1_CLKOUT1)
                                                     -2.040    -1.018 r  datapath/video_inst/mmcm_adv_inst_display_clocks/inst/mmcm_adv_inst/CLKOUT1
                         net (fo=1, routed)           0.989    -0.029    datapath/video_inst/mmcm_adv_inst_display_clocks/inst/clk_out2_clk_wiz_0
    BUFGCTRL_X0Y0        BUFG (Prop_bufg_I_O)         0.029    -0.000 r  datapath/video_inst/mmcm_adv_inst_display_clocks/inst/clkout2_buf/O
                         net (fo=44, routed)          0.919     0.919    datapath/video_inst/inst_dvid/clk_out2
    SLICE_X161Y138       FDRE                                         r  datapath/video_inst/inst_dvid/shift_blue_reg[3]/C
                         clock pessimism             -0.273     0.646    
    SLICE_X161Y138       FDRE (Hold_fdre_C_D)         0.107     0.753    datapath/video_inst/inst_dvid/shift_blue_reg[3]
  -------------------------------------------------------------------
                         required time                         -0.753    
                         arrival time                           1.027    
  -------------------------------------------------------------------
                         slack                                  0.274    

Slack (MET) :             0.298ns  (arrival time - required time)
  Source:                 datapath/video_inst/inst_dvid/shift_red_reg[7]/C
                            (rising edge-triggered cell FDSE clocked by clk_out2_clk_wiz_0  {rise@0.000ns fall@4.000ns period=8.000ns})
  Destination:            datapath/video_inst/inst_dvid/shift_red_reg[5]/D
                            (rising edge-triggered cell FDSE clocked by clk_out2_clk_wiz_0  {rise@0.000ns fall@4.000ns period=8.000ns})
  Path Group:             clk_out2_clk_wiz_0
  Path Type:              Hold (Min at Fast Process Corner)
  Requirement:            0.000ns  (clk_out2_clk_wiz_0 rise@0.000ns - clk_out2_clk_wiz_0 rise@0.000ns)
  Data Path Delay:        0.405ns  (logic 0.184ns (45.406%)  route 0.221ns (54.594%))
  Logic Levels:           1  (LUT2=1)
  Clock Path Skew:        0.000ns (DCD - SCD - CPR)
    Destination Clock Delay (DCD):    0.915ns
    Source Clock Delay      (SCD):    0.644ns
    Clock Pessimism Removal (CPR):    0.271ns

    Location             Delay type                Incr(ns)  Path(ns)    Netlist Resource(s)
  -------------------------------------------------------------------    -------------------
                         (clock clk_out2_clk_wiz_0 rise edge)
                                                      0.000     0.000 r  
    BUFGCTRL_X0Y2        BUFG                         0.000     0.000 r  clk_IBUF_BUFG_inst/O
                         net (fo=302, routed)         0.745     0.745    datapath/video_inst/mmcm_adv_inst_display_clocks/inst/clk_in1
    MMCME2_ADV_X1Y0      MMCME2_ADV (Prop_mmcme2_adv_CLKIN1_CLKOUT1)
                                                     -1.683    -0.938 r  datapath/video_inst/mmcm_adv_inst_display_clocks/inst/mmcm_adv_inst/CLKOUT1
                         net (fo=1, routed)           0.912    -0.026    datapath/video_inst/mmcm_adv_inst_display_clocks/inst/clk_out2_clk_wiz_0
    BUFGCTRL_X0Y0        BUFG (Prop_bufg_I_O)         0.026    -0.000 r  datapath/video_inst/mmcm_adv_inst_display_clocks/inst/clkout2_buf/O
                         net (fo=44, routed)          0.644     0.644    datapath/video_inst/inst_dvid/clk_out2
    SLICE_X160Y134       FDSE                                         r  datapath/video_inst/inst_dvid/shift_red_reg[7]/C
  -------------------------------------------------------------------    -------------------
    SLICE_X160Y134       FDSE (Prop_fdse_C_Q)         0.141     0.785 r  datapath/video_inst/inst_dvid/shift_red_reg[7]/Q
                         net (fo=1, routed)           0.221     1.006    datapath/video_inst/inst_dvid/data1[5]
    SLICE_X160Y134       LUT2 (Prop_lut2_I1_O)        0.043     1.049 r  datapath/video_inst/inst_dvid/shift_red[5]_i_1/O
                         net (fo=1, routed)           0.000     1.049    datapath/video_inst/inst_dvid/shift_red[5]_i_1_n_0
    SLICE_X160Y134       FDSE                                         r  datapath/video_inst/inst_dvid/shift_red_reg[5]/D
  -------------------------------------------------------------------    -------------------

                         (clock clk_out2_clk_wiz_0 rise edge)
                                                      0.000     0.000 r  
    BUFGCTRL_X0Y2        BUFG                         0.000     0.000 r  clk_IBUF_BUFG_inst/O
                         net (fo=302, routed)         1.022     1.022    datapath/video_inst/mmcm_adv_inst_display_clocks/inst/clk_in1
    MMCME2_ADV_X1Y0      MMCME2_ADV (Prop_mmcme2_adv_CLKIN1_CLKOUT1)
                                                     -2.040    -1.018 r  datapath/video_inst/mmcm_adv_inst_display_clocks/inst/mmcm_adv_inst/CLKOUT1
                         net (fo=1, routed)           0.989    -0.029    datapath/video_inst/mmcm_adv_inst_display_clocks/inst/clk_out2_clk_wiz_0
    BUFGCTRL_X0Y0        BUFG (Prop_bufg_I_O)         0.029    -0.000 r  datapath/video_inst/mmcm_adv_inst_display_clocks/inst/clkout2_buf/O
                         net (fo=44, routed)          0.915     0.915    datapath/video_inst/inst_dvid/clk_out2
    SLICE_X160Y134       FDSE                                         r  datapath/video_inst/inst_dvid/shift_red_reg[5]/C
                         clock pessimism             -0.271     0.644    
    SLICE_X160Y134       FDSE (Hold_fdse_C_D)         0.107     0.751    datapath/video_inst/inst_dvid/shift_red_reg[5]
  -------------------------------------------------------------------
                         required time                         -0.751    
                         arrival time                           1.049    
  -------------------------------------------------------------------
                         slack                                  0.298    





Pulse Width Checks
--------------------------------------------------------------------------------------
Clock Name:         clk_out2_clk_wiz_0
Waveform(ns):       { 0.000 4.000 }
Period(ns):         8.000
Sources:            { datapath/video_inst/mmcm_adv_inst_display_clocks/inst/mmcm_adv_inst/CLKOUT1 }

Check Type        Corner  Lib Pin             Reference Pin  Required(ns)  Actual(ns)  Slack(ns)  Location         Pin
Min Period        n/a     BUFG/I              n/a            2.155         8.000       5.845      BUFGCTRL_X0Y0    datapath/video_inst/mmcm_adv_inst_display_clocks/inst/clkout2_buf/I
Min Period        n/a     ODDR/C              n/a            1.474         8.000       6.526      OLOGIC_X1Y140    datapath/video_inst/inst_dvid/ODDR2_blue/C
Min Period        n/a     ODDR/C              n/a            1.474         8.000       6.526      OLOGIC_X1Y148    datapath/video_inst/inst_dvid/ODDR2_clock/C
Min Period        n/a     ODDR/C              n/a            1.474         8.000       6.526      OLOGIC_X1Y136    datapath/video_inst/inst_dvid/ODDR2_green/C
Min Period        n/a     ODDR/C              n/a            1.474         8.000       6.526      OLOGIC_X1Y134    datapath/video_inst/inst_dvid/ODDR2_red/C
Min Period        n/a     MMCME2_ADV/CLKOUT1  n/a            1.249         8.000       6.751      MMCME2_ADV_X1Y0  datapath/video_inst/mmcm_adv_inst_display_clocks/inst/mmcm_adv_inst/CLKOUT1
Min Period        n/a     FDRE/C              n/a            1.000         8.000       7.000      SLICE_X161Y138   datapath/video_inst/inst_dvid/shift_blue_reg[0]/C
Min Period        n/a     FDRE/C              n/a            1.000         8.000       7.000      SLICE_X161Y138   datapath/video_inst/inst_dvid/shift_blue_reg[1]/C
Min Period        n/a     FDRE/C              n/a            1.000         8.000       7.000      SLICE_X161Y138   datapath/video_inst/inst_dvid/shift_blue_reg[2]/C
Min Period        n/a     FDRE/C              n/a            1.000         8.000       7.000      SLICE_X161Y138   datapath/video_inst/inst_dvid/shift_blue_reg[3]/C
Max Period        n/a     MMCME2_ADV/CLKOUT1  n/a            213.360       8.000       205.360    MMCME2_ADV_X1Y0  datapath/video_inst/mmcm_adv_inst_display_clocks/inst/mmcm_adv_inst/CLKOUT1
Low Pulse Width   Slow    FDRE/C              n/a            0.500         4.000       3.500      SLICE_X161Y138   datapath/video_inst/inst_dvid/shift_blue_reg[0]/C
Low Pulse Width   Fast    FDRE/C              n/a            0.500         4.000       3.500      SLICE_X161Y138   datapath/video_inst/inst_dvid/shift_blue_reg[0]/C
Low Pulse Width   Slow    FDRE/C              n/a            0.500         4.000       3.500      SLICE_X161Y138   datapath/video_inst/inst_dvid/shift_blue_reg[1]/C
Low Pulse Width   Fast    FDRE/C              n/a            0.500         4.000       3.500      SLICE_X161Y138   datapath/video_inst/inst_dvid/shift_blue_reg[1]/C
Low Pulse Width   Slow    FDRE/C              n/a            0.500         4.000       3.500      SLICE_X161Y138   datapath/video_inst/inst_dvid/shift_blue_reg[2]/C
Low Pulse Width   Fast    FDRE/C              n/a            0.500         4.000       3.500      SLICE_X161Y138   datapath/video_inst/inst_dvid/shift_blue_reg[2]/C
Low Pulse Width   Slow    FDRE/C              n/a            0.500         4.000       3.500      SLICE_X161Y138   datapath/video_inst/inst_dvid/shift_blue_reg[3]/C
Low Pulse Width   Fast    FDRE/C              n/a            0.500         4.000       3.500      SLICE_X161Y138   datapath/video_inst/inst_dvid/shift_blue_reg[3]/C
Low Pulse Width   Slow    FDRE/C              n/a            0.500         4.000       3.500      SLICE_X159Y137   datapath/video_inst/inst_dvid/shift_blue_reg[4]/C
Low Pulse Width   Fast    FDRE/C              n/a            0.500         4.000       3.500      SLICE_X159Y137   datapath/video_inst/inst_dvid/shift_blue_reg[4]/C
High Pulse Width  Slow    FDRE/C              n/a            0.500         4.000       3.500      SLICE_X161Y138   datapath/video_inst/inst_dvid/shift_blue_reg[0]/C
High Pulse Width  Fast    FDRE/C              n/a            0.500         4.000       3.500      SLICE_X161Y138   datapath/video_inst/inst_dvid/shift_blue_reg[0]/C
High Pulse Width  Slow    FDRE/C              n/a            0.500         4.000       3.500      SLICE_X161Y138   datapath/video_inst/inst_dvid/shift_blue_reg[1]/C
High Pulse Width  Fast    FDRE/C              n/a            0.500         4.000       3.500      SLICE_X161Y138   datapath/video_inst/inst_dvid/shift_blue_reg[1]/C
High Pulse Width  Slow    FDRE/C              n/a            0.500         4.000       3.500      SLICE_X161Y138   datapath/video_inst/inst_dvid/shift_blue_reg[2]/C
High Pulse Width  Fast    FDRE/C              n/a            0.500         4.000       3.500      SLICE_X161Y138   datapath/video_inst/inst_dvid/shift_blue_reg[2]/C
High Pulse Width  Slow    FDRE/C              n/a            0.500         4.000       3.500      SLICE_X161Y138   datapath/video_inst/inst_dvid/shift_blue_reg[3]/C
High Pulse Width  Fast    FDRE/C              n/a            0.500         4.000       3.500      SLICE_X161Y138   datapath/video_inst/inst_dvid/shift_blue_reg[3]/C
High Pulse Width  Slow    FDRE/C              n/a            0.500         4.000       3.500      SLICE_X159Y137   datapath/video_inst/inst_dvid/shift_blue_reg[4]/C
High Pulse Width  Fast    FDRE/C              n/a            0.500         4.000       3.500      SLICE_X159Y137   datapath/video_inst/inst_dvid/shift_blue_reg[4]/C



---------------------------------------------------------------------------------------------------
From Clock:  clkfbout_clk_wiz_0
  To Clock:  clkfbout_clk_wiz_0

Setup :           NA  Failing Endpoints,  Worst Slack           NA  ,  Total Violation           NA
Hold  :           NA  Failing Endpoints,  Worst Slack           NA  ,  Total Violation           NA
PW    :            0  Failing Endpoints,  Worst Slack        7.845ns,  Total Violation        0.000ns
---------------------------------------------------------------------------------------------------


Pulse Width Checks
--------------------------------------------------------------------------------------
Clock Name:         clkfbout_clk_wiz_0
Waveform(ns):       { 0.000 5.000 }
Period(ns):         10.000
Sources:            { datapath/video_inst/mmcm_adv_inst_display_clocks/inst/mmcm_adv_inst/CLKFBOUT }

Check Type  Corner  Lib Pin              Reference Pin  Required(ns)  Actual(ns)  Slack(ns)  Location         Pin
Min Period  n/a     BUFG/I               n/a            2.155         10.000      7.845      BUFGCTRL_X0Y6    datapath/video_inst/mmcm_adv_inst_display_clocks/inst/clkf_buf/I
Min Period  n/a     MMCME2_ADV/CLKFBOUT  n/a            1.249         10.000      8.751      MMCME2_ADV_X1Y0  datapath/video_inst/mmcm_adv_inst_display_clocks/inst/mmcm_adv_inst/CLKFBOUT
Min Period  n/a     MMCME2_ADV/CLKFBIN   n/a            1.249         10.000      8.751      MMCME2_ADV_X1Y0  datapath/video_inst/mmcm_adv_inst_display_clocks/inst/mmcm_adv_inst/CLKFBIN
Max Period  n/a     MMCME2_ADV/CLKFBIN   n/a            100.000       10.000      90.000     MMCME2_ADV_X1Y0  datapath/video_inst/mmcm_adv_inst_display_clocks/inst/mmcm_adv_inst/CLKFBIN
Max Period  n/a     MMCME2_ADV/CLKFBOUT  n/a            213.360       10.000      203.360    MMCME2_ADV_X1Y0  datapath/video_inst/mmcm_adv_inst_display_clocks/inst/mmcm_adv_inst/CLKFBOUT



---------------------------------------------------------------------------------------------------
From Clock:  clk_out1_clk_wiz_0
  To Clock:  clk_out2_clk_wiz_0

Setup :            0  Failing Endpoints,  Worst Slack        4.497ns,  Total Violation        0.000ns
Hold  :            0  Failing Endpoints,  Worst Slack        0.134ns,  Total Violation        0.000ns
---------------------------------------------------------------------------------------------------


Max Delay Paths
--------------------------------------------------------------------------------------
Slack (MET) :             4.497ns  (required time - arrival time)
  Source:                 datapath/video_inst/inst_dvid/latched_red_reg[0]/C
                            (rising edge-triggered cell FDRE clocked by clk_out1_clk_wiz_0  {rise@0.000ns fall@20.000ns period=40.000ns})
  Destination:            datapath/video_inst/inst_dvid/shift_red_reg[0]/S
                            (rising edge-triggered cell FDSE clocked by clk_out2_clk_wiz_0  {rise@0.000ns fall@4.000ns period=8.000ns})
  Path Group:             clk_out2_clk_wiz_0
  Path Type:              Setup (Max at Slow Process Corner)
  Requirement:            8.000ns  (clk_out2_clk_wiz_0 rise@8.000ns - clk_out1_clk_wiz_0 rise@0.000ns)
  Data Path Delay:        2.616ns  (logic 0.642ns (24.537%)  route 1.974ns (75.463%))
  Logic Levels:           1  (LUT2=1)
  Clock Path Skew:        -0.243ns (DCD - SCD + CPR)
    Destination Clock Delay (DCD):    1.707ns = ( 9.707 - 8.000 ) 
    Source Clock Delay      (SCD):    1.822ns
    Clock Pessimism Removal (CPR):    -0.128ns
  Clock Uncertainty:      0.215ns  ((TSJ^2 + DJ^2)^1/2) / 2 + PE
    Total System Jitter     (TSJ):    0.071ns
    Discrete Jitter          (DJ):    0.175ns
    Phase Error              (PE):    0.120ns

    Location             Delay type                Incr(ns)  Path(ns)    Netlist Resource(s)
  -------------------------------------------------------------------    -------------------
                         (clock clk_out1_clk_wiz_0 rise edge)
                                                      0.000     0.000 r  
    BUFGCTRL_X0Y2        BUFG                         0.000     0.000 r  clk_IBUF_BUFG_inst/O
                         net (fo=302, routed)         2.106     2.106    datapath/video_inst/mmcm_adv_inst_display_clocks/inst/clk_in1
    MMCME2_ADV_X1Y0      MMCME2_ADV (Prop_mmcme2_adv_CLKIN1_CLKOUT0)
                                                     -4.900    -2.793 r  datapath/video_inst/mmcm_adv_inst_display_clocks/inst/mmcm_adv_inst/CLKOUT0
                         net (fo=1, routed)           2.697    -0.096    datapath/video_inst/mmcm_adv_inst_display_clocks/inst/clk_out1_clk_wiz_0
    BUFGCTRL_X0Y4        BUFG (Prop_bufg_I_O)         0.096    -0.000 r  datapath/video_inst/mmcm_adv_inst_display_clocks/inst/clkout1_buf/O
                         net (fo=65, routed)          1.822     1.822    datapath/video_inst/inst_dvid/CLK
    SLICE_X158Y133       FDRE                                         r  datapath/video_inst/inst_dvid/latched_red_reg[0]/C
  -------------------------------------------------------------------    -------------------
    SLICE_X158Y133       FDRE (Prop_fdre_C_Q)         0.518     2.340 r  datapath/video_inst/inst_dvid/latched_red_reg[0]/Q
                         net (fo=1, routed)           0.994     3.335    datapath/video_inst/inst_dvid/latched_red[0]
    SLICE_X160Y134       LUT2 (Prop_lut2_I0_O)        0.124     3.459 r  datapath/video_inst/inst_dvid/shift_red[7]_i_1/O
                         net (fo=5, routed)           0.980     4.439    datapath/video_inst/inst_dvid/shift_red[7]_i_1_n_0
    SLICE_X160Y134       FDSE                                         r  datapath/video_inst/inst_dvid/shift_red_reg[0]/S
  -------------------------------------------------------------------    -------------------

                         (clock clk_out2_clk_wiz_0 rise edge)
                                                      8.000     8.000 r  
    BUFGCTRL_X0Y2        BUFG                         0.000     8.000 r  clk_IBUF_BUFG_inst/O
                         net (fo=302, routed)         1.972     9.972    datapath/video_inst/mmcm_adv_inst_display_clocks/inst/clk_in1
    MMCME2_ADV_X1Y0      MMCME2_ADV (Prop_mmcme2_adv_CLKIN1_CLKOUT1)
                                                     -4.637     5.335 r  datapath/video_inst/mmcm_adv_inst_display_clocks/inst/mmcm_adv_inst/CLKOUT1
                         net (fo=1, routed)           2.574     7.909    datapath/video_inst/mmcm_adv_inst_display_clocks/inst/clk_out2_clk_wiz_0
    BUFGCTRL_X0Y0        BUFG (Prop_bufg_I_O)         0.091     8.000 r  datapath/video_inst/mmcm_adv_inst_display_clocks/inst/clkout2_buf/O
                         net (fo=44, routed)          1.707     9.707    datapath/video_inst/inst_dvid/clk_out2
    SLICE_X160Y134       FDSE                                         r  datapath/video_inst/inst_dvid/shift_red_reg[0]/C
                         clock pessimism             -0.128     9.579    
                         clock uncertainty           -0.215     9.365    
    SLICE_X160Y134       FDSE (Setup_fdse_C_S)       -0.429     8.936    datapath/video_inst/inst_dvid/shift_red_reg[0]
  -------------------------------------------------------------------
                         required time                          8.936    
                         arrival time                          -4.439    
  -------------------------------------------------------------------
                         slack                                  4.497    

Slack (MET) :             4.497ns  (required time - arrival time)
  Source:                 datapath/video_inst/inst_dvid/latched_red_reg[0]/C
                            (rising edge-triggered cell FDRE clocked by clk_out1_clk_wiz_0  {rise@0.000ns fall@20.000ns period=40.000ns})
  Destination:            datapath/video_inst/inst_dvid/shift_red_reg[1]/S
                            (rising edge-triggered cell FDSE clocked by clk_out2_clk_wiz_0  {rise@0.000ns fall@4.000ns period=8.000ns})
  Path Group:             clk_out2_clk_wiz_0
  Path Type:              Setup (Max at Slow Process Corner)
  Requirement:            8.000ns  (clk_out2_clk_wiz_0 rise@8.000ns - clk_out1_clk_wiz_0 rise@0.000ns)
  Data Path Delay:        2.616ns  (logic 0.642ns (24.537%)  route 1.974ns (75.463%))
  Logic Levels:           1  (LUT2=1)
  Clock Path Skew:        -0.243ns (DCD - SCD + CPR)
    Destination Clock Delay (DCD):    1.707ns = ( 9.707 - 8.000 ) 
    Source Clock Delay      (SCD):    1.822ns
    Clock Pessimism Removal (CPR):    -0.128ns
  Clock Uncertainty:      0.215ns  ((TSJ^2 + DJ^2)^1/2) / 2 + PE
    Total System Jitter     (TSJ):    0.071ns
    Discrete Jitter          (DJ):    0.175ns
    Phase Error              (PE):    0.120ns

    Location             Delay type                Incr(ns)  Path(ns)    Netlist Resource(s)
  -------------------------------------------------------------------    -------------------
                         (clock clk_out1_clk_wiz_0 rise edge)
                                                      0.000     0.000 r  
    BUFGCTRL_X0Y2        BUFG                         0.000     0.000 r  clk_IBUF_BUFG_inst/O
                         net (fo=302, routed)         2.106     2.106    datapath/video_inst/mmcm_adv_inst_display_clocks/inst/clk_in1
    MMCME2_ADV_X1Y0      MMCME2_ADV (Prop_mmcme2_adv_CLKIN1_CLKOUT0)
                                                     -4.900    -2.793 r  datapath/video_inst/mmcm_adv_inst_display_clocks/inst/mmcm_adv_inst/CLKOUT0
                         net (fo=1, routed)           2.697    -0.096    datapath/video_inst/mmcm_adv_inst_display_clocks/inst/clk_out1_clk_wiz_0
    BUFGCTRL_X0Y4        BUFG (Prop_bufg_I_O)         0.096    -0.000 r  datapath/video_inst/mmcm_adv_inst_display_clocks/inst/clkout1_buf/O
                         net (fo=65, routed)          1.822     1.822    datapath/video_inst/inst_dvid/CLK
    SLICE_X158Y133       FDRE                                         r  datapath/video_inst/inst_dvid/latched_red_reg[0]/C
  -------------------------------------------------------------------    -------------------
    SLICE_X158Y133       FDRE (Prop_fdre_C_Q)         0.518     2.340 r  datapath/video_inst/inst_dvid/latched_red_reg[0]/Q
                         net (fo=1, routed)           0.994     3.335    datapath/video_inst/inst_dvid/latched_red[0]
    SLICE_X160Y134       LUT2 (Prop_lut2_I0_O)        0.124     3.459 r  datapath/video_inst/inst_dvid/shift_red[7]_i_1/O
                         net (fo=5, routed)           0.980     4.439    datapath/video_inst/inst_dvid/shift_red[7]_i_1_n_0
    SLICE_X160Y134       FDSE                                         r  datapath/video_inst/inst_dvid/shift_red_reg[1]/S
  -------------------------------------------------------------------    -------------------

                         (clock clk_out2_clk_wiz_0 rise edge)
                                                      8.000     8.000 r  
    BUFGCTRL_X0Y2        BUFG                         0.000     8.000 r  clk_IBUF_BUFG_inst/O
                         net (fo=302, routed)         1.972     9.972    datapath/video_inst/mmcm_adv_inst_display_clocks/inst/clk_in1
    MMCME2_ADV_X1Y0      MMCME2_ADV (Prop_mmcme2_adv_CLKIN1_CLKOUT1)
                                                     -4.637     5.335 r  datapath/video_inst/mmcm_adv_inst_display_clocks/inst/mmcm_adv_inst/CLKOUT1
                         net (fo=1, routed)           2.574     7.909    datapath/video_inst/mmcm_adv_inst_display_clocks/inst/clk_out2_clk_wiz_0
    BUFGCTRL_X0Y0        BUFG (Prop_bufg_I_O)         0.091     8.000 r  datapath/video_inst/mmcm_adv_inst_display_clocks/inst/clkout2_buf/O
                         net (fo=44, routed)          1.707     9.707    datapath/video_inst/inst_dvid/clk_out2
    SLICE_X160Y134       FDSE                                         r  datapath/video_inst/inst_dvid/shift_red_reg[1]/C
                         clock pessimism             -0.128     9.579    
                         clock uncertainty           -0.215     9.365    
    SLICE_X160Y134       FDSE (Setup_fdse_C_S)       -0.429     8.936    datapath/video_inst/inst_dvid/shift_red_reg[1]
  -------------------------------------------------------------------
                         required time                          8.936    
                         arrival time                          -4.439    
  -------------------------------------------------------------------
                         slack                                  4.497    

Slack (MET) :             4.497ns  (required time - arrival time)
  Source:                 datapath/video_inst/inst_dvid/latched_red_reg[0]/C
                            (rising edge-triggered cell FDRE clocked by clk_out1_clk_wiz_0  {rise@0.000ns fall@20.000ns period=40.000ns})
  Destination:            datapath/video_inst/inst_dvid/shift_red_reg[3]/S
                            (rising edge-triggered cell FDSE clocked by clk_out2_clk_wiz_0  {rise@0.000ns fall@4.000ns period=8.000ns})
  Path Group:             clk_out2_clk_wiz_0
  Path Type:              Setup (Max at Slow Process Corner)
  Requirement:            8.000ns  (clk_out2_clk_wiz_0 rise@8.000ns - clk_out1_clk_wiz_0 rise@0.000ns)
  Data Path Delay:        2.616ns  (logic 0.642ns (24.537%)  route 1.974ns (75.463%))
  Logic Levels:           1  (LUT2=1)
  Clock Path Skew:        -0.243ns (DCD - SCD + CPR)
    Destination Clock Delay (DCD):    1.707ns = ( 9.707 - 8.000 ) 
    Source Clock Delay      (SCD):    1.822ns
    Clock Pessimism Removal (CPR):    -0.128ns
  Clock Uncertainty:      0.215ns  ((TSJ^2 + DJ^2)^1/2) / 2 + PE
    Total System Jitter     (TSJ):    0.071ns
    Discrete Jitter          (DJ):    0.175ns
    Phase Error              (PE):    0.120ns

    Location             Delay type                Incr(ns)  Path(ns)    Netlist Resource(s)
  -------------------------------------------------------------------    -------------------
                         (clock clk_out1_clk_wiz_0 rise edge)
                                                      0.000     0.000 r  
    BUFGCTRL_X0Y2        BUFG                         0.000     0.000 r  clk_IBUF_BUFG_inst/O
                         net (fo=302, routed)         2.106     2.106    datapath/video_inst/mmcm_adv_inst_display_clocks/inst/clk_in1
    MMCME2_ADV_X1Y0      MMCME2_ADV (Prop_mmcme2_adv_CLKIN1_CLKOUT0)
                                                     -4.900    -2.793 r  datapath/video_inst/mmcm_adv_inst_display_clocks/inst/mmcm_adv_inst/CLKOUT0
                         net (fo=1, routed)           2.697    -0.096    datapath/video_inst/mmcm_adv_inst_display_clocks/inst/clk_out1_clk_wiz_0
    BUFGCTRL_X0Y4        BUFG (Prop_bufg_I_O)         0.096    -0.000 r  datapath/video_inst/mmcm_adv_inst_display_clocks/inst/clkout1_buf/O
                         net (fo=65, routed)          1.822     1.822    datapath/video_inst/inst_dvid/CLK
    SLICE_X158Y133       FDRE                                         r  datapath/video_inst/inst_dvid/latched_red_reg[0]/C
  -------------------------------------------------------------------    -------------------
    SLICE_X158Y133       FDRE (Prop_fdre_C_Q)         0.518     2.340 r  datapath/video_inst/inst_dvid/latched_red_reg[0]/Q
                         net (fo=1, routed)           0.994     3.335    datapath/video_inst/inst_dvid/latched_red[0]
    SLICE_X160Y134       LUT2 (Prop_lut2_I0_O)        0.124     3.459 r  datapath/video_inst/inst_dvid/shift_red[7]_i_1/O
                         net (fo=5, routed)           0.980     4.439    datapath/video_inst/inst_dvid/shift_red[7]_i_1_n_0
    SLICE_X160Y134       FDSE                                         r  datapath/video_inst/inst_dvid/shift_red_reg[3]/S
  -------------------------------------------------------------------    -------------------

                         (clock clk_out2_clk_wiz_0 rise edge)
                                                      8.000     8.000 r  
    BUFGCTRL_X0Y2        BUFG                         0.000     8.000 r  clk_IBUF_BUFG_inst/O
                         net (fo=302, routed)         1.972     9.972    datapath/video_inst/mmcm_adv_inst_display_clocks/inst/clk_in1
    MMCME2_ADV_X1Y0      MMCME2_ADV (Prop_mmcme2_adv_CLKIN1_CLKOUT1)
                                                     -4.637     5.335 r  datapath/video_inst/mmcm_adv_inst_display_clocks/inst/mmcm_adv_inst/CLKOUT1
                         net (fo=1, routed)           2.574     7.909    datapath/video_inst/mmcm_adv_inst_display_clocks/inst/clk_out2_clk_wiz_0
    BUFGCTRL_X0Y0        BUFG (Prop_bufg_I_O)         0.091     8.000 r  datapath/video_inst/mmcm_adv_inst_display_clocks/inst/clkout2_buf/O
                         net (fo=44, routed)          1.707     9.707    datapath/video_inst/inst_dvid/clk_out2
    SLICE_X160Y134       FDSE                                         r  datapath/video_inst/inst_dvid/shift_red_reg[3]/C
                         clock pessimism             -0.128     9.579    
                         clock uncertainty           -0.215     9.365    
    SLICE_X160Y134       FDSE (Setup_fdse_C_S)       -0.429     8.936    datapath/video_inst/inst_dvid/shift_red_reg[3]
  -------------------------------------------------------------------
                         required time                          8.936    
                         arrival time                          -4.439    
  -------------------------------------------------------------------
                         slack                                  4.497    

Slack (MET) :             4.497ns  (required time - arrival time)
  Source:                 datapath/video_inst/inst_dvid/latched_red_reg[0]/C
                            (rising edge-triggered cell FDRE clocked by clk_out1_clk_wiz_0  {rise@0.000ns fall@20.000ns period=40.000ns})
  Destination:            datapath/video_inst/inst_dvid/shift_red_reg[5]/S
                            (rising edge-triggered cell FDSE clocked by clk_out2_clk_wiz_0  {rise@0.000ns fall@4.000ns period=8.000ns})
  Path Group:             clk_out2_clk_wiz_0
  Path Type:              Setup (Max at Slow Process Corner)
  Requirement:            8.000ns  (clk_out2_clk_wiz_0 rise@8.000ns - clk_out1_clk_wiz_0 rise@0.000ns)
  Data Path Delay:        2.616ns  (logic 0.642ns (24.537%)  route 1.974ns (75.463%))
  Logic Levels:           1  (LUT2=1)
  Clock Path Skew:        -0.243ns (DCD - SCD + CPR)
    Destination Clock Delay (DCD):    1.707ns = ( 9.707 - 8.000 ) 
    Source Clock Delay      (SCD):    1.822ns
    Clock Pessimism Removal (CPR):    -0.128ns
  Clock Uncertainty:      0.215ns  ((TSJ^2 + DJ^2)^1/2) / 2 + PE
    Total System Jitter     (TSJ):    0.071ns
    Discrete Jitter          (DJ):    0.175ns
    Phase Error              (PE):    0.120ns

    Location             Delay type                Incr(ns)  Path(ns)    Netlist Resource(s)
  -------------------------------------------------------------------    -------------------
                         (clock clk_out1_clk_wiz_0 rise edge)
                                                      0.000     0.000 r  
    BUFGCTRL_X0Y2        BUFG                         0.000     0.000 r  clk_IBUF_BUFG_inst/O
                         net (fo=302, routed)         2.106     2.106    datapath/video_inst/mmcm_adv_inst_display_clocks/inst/clk_in1
    MMCME2_ADV_X1Y0      MMCME2_ADV (Prop_mmcme2_adv_CLKIN1_CLKOUT0)
                                                     -4.900    -2.793 r  datapath/video_inst/mmcm_adv_inst_display_clocks/inst/mmcm_adv_inst/CLKOUT0
                         net (fo=1, routed)           2.697    -0.096    datapath/video_inst/mmcm_adv_inst_display_clocks/inst/clk_out1_clk_wiz_0
    BUFGCTRL_X0Y4        BUFG (Prop_bufg_I_O)         0.096    -0.000 r  datapath/video_inst/mmcm_adv_inst_display_clocks/inst/clkout1_buf/O
                         net (fo=65, routed)          1.822     1.822    datapath/video_inst/inst_dvid/CLK
    SLICE_X158Y133       FDRE                                         r  datapath/video_inst/inst_dvid/latched_red_reg[0]/C
  -------------------------------------------------------------------    -------------------
    SLICE_X158Y133       FDRE (Prop_fdre_C_Q)         0.518     2.340 r  datapath/video_inst/inst_dvid/latched_red_reg[0]/Q
                         net (fo=1, routed)           0.994     3.335    datapath/video_inst/inst_dvid/latched_red[0]
    SLICE_X160Y134       LUT2 (Prop_lut2_I0_O)        0.124     3.459 r  datapath/video_inst/inst_dvid/shift_red[7]_i_1/O
                         net (fo=5, routed)           0.980     4.439    datapath/video_inst/inst_dvid/shift_red[7]_i_1_n_0
    SLICE_X160Y134       FDSE                                         r  datapath/video_inst/inst_dvid/shift_red_reg[5]/S
  -------------------------------------------------------------------    -------------------

                         (clock clk_out2_clk_wiz_0 rise edge)
                                                      8.000     8.000 r  
    BUFGCTRL_X0Y2        BUFG                         0.000     8.000 r  clk_IBUF_BUFG_inst/O
                         net (fo=302, routed)         1.972     9.972    datapath/video_inst/mmcm_adv_inst_display_clocks/inst/clk_in1
    MMCME2_ADV_X1Y0      MMCME2_ADV (Prop_mmcme2_adv_CLKIN1_CLKOUT1)
                                                     -4.637     5.335 r  datapath/video_inst/mmcm_adv_inst_display_clocks/inst/mmcm_adv_inst/CLKOUT1
                         net (fo=1, routed)           2.574     7.909    datapath/video_inst/mmcm_adv_inst_display_clocks/inst/clk_out2_clk_wiz_0
    BUFGCTRL_X0Y0        BUFG (Prop_bufg_I_O)         0.091     8.000 r  datapath/video_inst/mmcm_adv_inst_display_clocks/inst/clkout2_buf/O
                         net (fo=44, routed)          1.707     9.707    datapath/video_inst/inst_dvid/clk_out2
    SLICE_X160Y134       FDSE                                         r  datapath/video_inst/inst_dvid/shift_red_reg[5]/C
                         clock pessimism             -0.128     9.579    
                         clock uncertainty           -0.215     9.365    
    SLICE_X160Y134       FDSE (Setup_fdse_C_S)       -0.429     8.936    datapath/video_inst/inst_dvid/shift_red_reg[5]
  -------------------------------------------------------------------
                         required time                          8.936    
                         arrival time                          -4.439    
  -------------------------------------------------------------------
                         slack                                  4.497    

Slack (MET) :             4.497ns  (required time - arrival time)
  Source:                 datapath/video_inst/inst_dvid/latched_red_reg[0]/C
                            (rising edge-triggered cell FDRE clocked by clk_out1_clk_wiz_0  {rise@0.000ns fall@20.000ns period=40.000ns})
  Destination:            datapath/video_inst/inst_dvid/shift_red_reg[7]/S
                            (rising edge-triggered cell FDSE clocked by clk_out2_clk_wiz_0  {rise@0.000ns fall@4.000ns period=8.000ns})
  Path Group:             clk_out2_clk_wiz_0
  Path Type:              Setup (Max at Slow Process Corner)
  Requirement:            8.000ns  (clk_out2_clk_wiz_0 rise@8.000ns - clk_out1_clk_wiz_0 rise@0.000ns)
  Data Path Delay:        2.616ns  (logic 0.642ns (24.537%)  route 1.974ns (75.463%))
  Logic Levels:           1  (LUT2=1)
  Clock Path Skew:        -0.243ns (DCD - SCD + CPR)
    Destination Clock Delay (DCD):    1.707ns = ( 9.707 - 8.000 ) 
    Source Clock Delay      (SCD):    1.822ns
    Clock Pessimism Removal (CPR):    -0.128ns
  Clock Uncertainty:      0.215ns  ((TSJ^2 + DJ^2)^1/2) / 2 + PE
    Total System Jitter     (TSJ):    0.071ns
    Discrete Jitter          (DJ):    0.175ns
    Phase Error              (PE):    0.120ns

    Location             Delay type                Incr(ns)  Path(ns)    Netlist Resource(s)
  -------------------------------------------------------------------    -------------------
                         (clock clk_out1_clk_wiz_0 rise edge)
                                                      0.000     0.000 r  
    BUFGCTRL_X0Y2        BUFG                         0.000     0.000 r  clk_IBUF_BUFG_inst/O
                         net (fo=302, routed)         2.106     2.106    datapath/video_inst/mmcm_adv_inst_display_clocks/inst/clk_in1
    MMCME2_ADV_X1Y0      MMCME2_ADV (Prop_mmcme2_adv_CLKIN1_CLKOUT0)
                                                     -4.900    -2.793 r  datapath/video_inst/mmcm_adv_inst_display_clocks/inst/mmcm_adv_inst/CLKOUT0
                         net (fo=1, routed)           2.697    -0.096    datapath/video_inst/mmcm_adv_inst_display_clocks/inst/clk_out1_clk_wiz_0
    BUFGCTRL_X0Y4        BUFG (Prop_bufg_I_O)         0.096    -0.000 r  datapath/video_inst/mmcm_adv_inst_display_clocks/inst/clkout1_buf/O
                         net (fo=65, routed)          1.822     1.822    datapath/video_inst/inst_dvid/CLK
    SLICE_X158Y133       FDRE                                         r  datapath/video_inst/inst_dvid/latched_red_reg[0]/C
  -------------------------------------------------------------------    -------------------
    SLICE_X158Y133       FDRE (Prop_fdre_C_Q)         0.518     2.340 r  datapath/video_inst/inst_dvid/latched_red_reg[0]/Q
                         net (fo=1, routed)           0.994     3.335    datapath/video_inst/inst_dvid/latched_red[0]
    SLICE_X160Y134       LUT2 (Prop_lut2_I0_O)        0.124     3.459 r  datapath/video_inst/inst_dvid/shift_red[7]_i_1/O
                         net (fo=5, routed)           0.980     4.439    datapath/video_inst/inst_dvid/shift_red[7]_i_1_n_0
    SLICE_X160Y134       FDSE                                         r  datapath/video_inst/inst_dvid/shift_red_reg[7]/S
  -------------------------------------------------------------------    -------------------

                         (clock clk_out2_clk_wiz_0 rise edge)
                                                      8.000     8.000 r  
    BUFGCTRL_X0Y2        BUFG                         0.000     8.000 r  clk_IBUF_BUFG_inst/O
                         net (fo=302, routed)         1.972     9.972    datapath/video_inst/mmcm_adv_inst_display_clocks/inst/clk_in1
    MMCME2_ADV_X1Y0      MMCME2_ADV (Prop_mmcme2_adv_CLKIN1_CLKOUT1)
                                                     -4.637     5.335 r  datapath/video_inst/mmcm_adv_inst_display_clocks/inst/mmcm_adv_inst/CLKOUT1
                         net (fo=1, routed)           2.574     7.909    datapath/video_inst/mmcm_adv_inst_display_clocks/inst/clk_out2_clk_wiz_0
    BUFGCTRL_X0Y0        BUFG (Prop_bufg_I_O)         0.091     8.000 r  datapath/video_inst/mmcm_adv_inst_display_clocks/inst/clkout2_buf/O
                         net (fo=44, routed)          1.707     9.707    datapath/video_inst/inst_dvid/clk_out2
    SLICE_X160Y134       FDSE                                         r  datapath/video_inst/inst_dvid/shift_red_reg[7]/C
                         clock pessimism             -0.128     9.579    
                         clock uncertainty           -0.215     9.365    
    SLICE_X160Y134       FDSE (Setup_fdse_C_S)       -0.429     8.936    datapath/video_inst/inst_dvid/shift_red_reg[7]
  -------------------------------------------------------------------
                         required time                          8.936    
                         arrival time                          -4.439    
  -------------------------------------------------------------------
                         slack                                  4.497    

Slack (MET) :             4.942ns  (required time - arrival time)
  Source:                 datapath/video_inst/inst_dvid/latched_green_reg[0]/C
                            (rising edge-triggered cell FDRE clocked by clk_out1_clk_wiz_0  {rise@0.000ns fall@20.000ns period=40.000ns})
  Destination:            datapath/video_inst/inst_dvid/shift_green_reg[7]/D
                            (rising edge-triggered cell FDRE clocked by clk_out2_clk_wiz_0  {rise@0.000ns fall@4.000ns period=8.000ns})
  Path Group:             clk_out2_clk_wiz_0
  Path Type:              Setup (Max at Slow Process Corner)
  Requirement:            8.000ns  (clk_out2_clk_wiz_0 rise@8.000ns - clk_out1_clk_wiz_0 rise@0.000ns)
  Data Path Delay:        2.714ns  (logic 0.613ns (22.583%)  route 2.101ns (77.417%))
  Logic Levels:           1  (LUT3=1)
  Clock Path Skew:        -0.247ns (DCD - SCD + CPR)
    Destination Clock Delay (DCD):    1.706ns = ( 9.706 - 8.000 ) 
    Source Clock Delay      (SCD):    1.825ns
    Clock Pessimism Removal (CPR):    -0.128ns
  Clock Uncertainty:      0.215ns  ((TSJ^2 + DJ^2)^1/2) / 2 + PE
    Total System Jitter     (TSJ):    0.071ns
    Discrete Jitter          (DJ):    0.175ns
    Phase Error              (PE):    0.120ns

    Location             Delay type                Incr(ns)  Path(ns)    Netlist Resource(s)
  -------------------------------------------------------------------    -------------------
                         (clock clk_out1_clk_wiz_0 rise edge)
                                                      0.000     0.000 r  
    BUFGCTRL_X0Y2        BUFG                         0.000     0.000 r  clk_IBUF_BUFG_inst/O
                         net (fo=302, routed)         2.106     2.106    datapath/video_inst/mmcm_adv_inst_display_clocks/inst/clk_in1
    MMCME2_ADV_X1Y0      MMCME2_ADV (Prop_mmcme2_adv_CLKIN1_CLKOUT0)
                                                     -4.900    -2.793 r  datapath/video_inst/mmcm_adv_inst_display_clocks/inst/mmcm_adv_inst/CLKOUT0
                         net (fo=1, routed)           2.697    -0.096    datapath/video_inst/mmcm_adv_inst_display_clocks/inst/clk_out1_clk_wiz_0
    BUFGCTRL_X0Y4        BUFG (Prop_bufg_I_O)         0.096    -0.000 r  datapath/video_inst/mmcm_adv_inst_display_clocks/inst/clkout1_buf/O
                         net (fo=65, routed)          1.825     1.825    datapath/video_inst/inst_dvid/CLK
    SLICE_X157Y135       FDRE                                         r  datapath/video_inst/inst_dvid/latched_green_reg[0]/C
  -------------------------------------------------------------------    -------------------
    SLICE_X157Y135       FDRE (Prop_fdre_C_Q)         0.456     2.281 r  datapath/video_inst/inst_dvid/latched_green_reg[0]/Q
                         net (fo=5, routed)           2.101     4.383    datapath/video_inst/inst_dvid/latched_green[0]
    SLICE_X158Y135       LUT3 (Prop_lut3_I2_O)        0.157     4.540 r  datapath/video_inst/inst_dvid/shift_green[7]_i_1/O
                         net (fo=1, routed)           0.000     4.540    datapath/video_inst/inst_dvid/shift_green[7]
    SLICE_X158Y135       FDRE                                         r  datapath/video_inst/inst_dvid/shift_green_reg[7]/D
  -------------------------------------------------------------------    -------------------

                         (clock clk_out2_clk_wiz_0 rise edge)
                                                      8.000     8.000 r  
    BUFGCTRL_X0Y2        BUFG                         0.000     8.000 r  clk_IBUF_BUFG_inst/O
                         net (fo=302, routed)         1.972     9.972    datapath/video_inst/mmcm_adv_inst_display_clocks/inst/clk_in1
    MMCME2_ADV_X1Y0      MMCME2_ADV (Prop_mmcme2_adv_CLKIN1_CLKOUT1)
                                                     -4.637     5.335 r  datapath/video_inst/mmcm_adv_inst_display_clocks/inst/mmcm_adv_inst/CLKOUT1
                         net (fo=1, routed)           2.574     7.909    datapath/video_inst/mmcm_adv_inst_display_clocks/inst/clk_out2_clk_wiz_0
    BUFGCTRL_X0Y0        BUFG (Prop_bufg_I_O)         0.091     8.000 r  datapath/video_inst/mmcm_adv_inst_display_clocks/inst/clkout2_buf/O
                         net (fo=44, routed)          1.706     9.706    datapath/video_inst/inst_dvid/clk_out2
    SLICE_X158Y135       FDRE                                         r  datapath/video_inst/inst_dvid/shift_green_reg[7]/C
                         clock pessimism             -0.128     9.578    
                         clock uncertainty           -0.215     9.364    
    SLICE_X158Y135       FDRE (Setup_fdre_C_D)        0.118     9.482    datapath/video_inst/inst_dvid/shift_green_reg[7]
  -------------------------------------------------------------------
                         required time                          9.482    
                         arrival time                          -4.540    
  -------------------------------------------------------------------
                         slack                                  4.942    

Slack (MET) :             5.160ns  (required time - arrival time)
  Source:                 datapath/video_inst/inst_dvid/latched_green_reg[2]/C
                            (rising edge-triggered cell FDRE clocked by clk_out1_clk_wiz_0  {rise@0.000ns fall@20.000ns period=40.000ns})
  Destination:            datapath/video_inst/inst_dvid/shift_green_reg[2]/D
                            (rising edge-triggered cell FDRE clocked by clk_out2_clk_wiz_0  {rise@0.000ns fall@4.000ns period=8.000ns})
  Path Group:             clk_out2_clk_wiz_0
  Path Type:              Setup (Max at Slow Process Corner)
  Requirement:            8.000ns  (clk_out2_clk_wiz_0 rise@8.000ns - clk_out1_clk_wiz_0 rise@0.000ns)
  Data Path Delay:        2.459ns  (logic 0.716ns (29.113%)  route 1.743ns (70.887%))
  Logic Levels:           1  (LUT3=1)
  Clock Path Skew:        -0.247ns (DCD - SCD + CPR)
    Destination Clock Delay (DCD):    1.706ns = ( 9.706 - 8.000 ) 
    Source Clock Delay      (SCD):    1.825ns
    Clock Pessimism Removal (CPR):    -0.128ns
  Clock Uncertainty:      0.215ns  ((TSJ^2 + DJ^2)^1/2) / 2 + PE
    Total System Jitter     (TSJ):    0.071ns
    Discrete Jitter          (DJ):    0.175ns
    Phase Error              (PE):    0.120ns

    Location             Delay type                Incr(ns)  Path(ns)    Netlist Resource(s)
  -------------------------------------------------------------------    -------------------
                         (clock clk_out1_clk_wiz_0 rise edge)
                                                      0.000     0.000 r  
    BUFGCTRL_X0Y2        BUFG                         0.000     0.000 r  clk_IBUF_BUFG_inst/O
                         net (fo=302, routed)         2.106     2.106    datapath/video_inst/mmcm_adv_inst_display_clocks/inst/clk_in1
    MMCME2_ADV_X1Y0      MMCME2_ADV (Prop_mmcme2_adv_CLKIN1_CLKOUT0)
                                                     -4.900    -2.793 r  datapath/video_inst/mmcm_adv_inst_display_clocks/inst/mmcm_adv_inst/CLKOUT0
                         net (fo=1, routed)           2.697    -0.096    datapath/video_inst/mmcm_adv_inst_display_clocks/inst/clk_out1_clk_wiz_0
    BUFGCTRL_X0Y4        BUFG (Prop_bufg_I_O)         0.096    -0.000 r  datapath/video_inst/mmcm_adv_inst_display_clocks/inst/clkout1_buf/O
                         net (fo=65, routed)          1.825     1.825    datapath/video_inst/inst_dvid/CLK
    SLICE_X157Y136       FDRE                                         r  datapath/video_inst/inst_dvid/latched_green_reg[2]/C
  -------------------------------------------------------------------    -------------------
    SLICE_X157Y136       FDRE (Prop_fdre_C_Q)         0.419     2.244 r  datapath/video_inst/inst_dvid/latched_green_reg[2]/Q
                         net (fo=3, routed)           1.743     3.988    datapath/video_inst/inst_dvid/latched_green[2]
    SLICE_X158Y135       LUT3 (Prop_lut3_I2_O)        0.297     4.285 r  datapath/video_inst/inst_dvid/shift_green[2]_i_1/O
                         net (fo=1, routed)           0.000     4.285    datapath/video_inst/inst_dvid/shift_green[2]
    SLICE_X158Y135       FDRE                                         r  datapath/video_inst/inst_dvid/shift_green_reg[2]/D
  -------------------------------------------------------------------    -------------------

                         (clock clk_out2_clk_wiz_0 rise edge)
                                                      8.000     8.000 r  
    BUFGCTRL_X0Y2        BUFG                         0.000     8.000 r  clk_IBUF_BUFG_inst/O
                         net (fo=302, routed)         1.972     9.972    datapath/video_inst/mmcm_adv_inst_display_clocks/inst/clk_in1
    MMCME2_ADV_X1Y0      MMCME2_ADV (Prop_mmcme2_adv_CLKIN1_CLKOUT1)
                                                     -4.637     5.335 r  datapath/video_inst/mmcm_adv_inst_display_clocks/inst/mmcm_adv_inst/CLKOUT1
                         net (fo=1, routed)           2.574     7.909    datapath/video_inst/mmcm_adv_inst_display_clocks/inst/clk_out2_clk_wiz_0
    BUFGCTRL_X0Y0        BUFG (Prop_bufg_I_O)         0.091     8.000 r  datapath/video_inst/mmcm_adv_inst_display_clocks/inst/clkout2_buf/O
                         net (fo=44, routed)          1.706     9.706    datapath/video_inst/inst_dvid/clk_out2
    SLICE_X158Y135       FDRE                                         r  datapath/video_inst/inst_dvid/shift_green_reg[2]/C
                         clock pessimism             -0.128     9.578    
                         clock uncertainty           -0.215     9.364    
    SLICE_X158Y135       FDRE (Setup_fdre_C_D)        0.081     9.445    datapath/video_inst/inst_dvid/shift_green_reg[2]
  -------------------------------------------------------------------
                         required time                          9.445    
                         arrival time                          -4.285    
  -------------------------------------------------------------------
                         slack                                  5.160    

Slack (MET) :             5.171ns  (required time - arrival time)
  Source:                 datapath/video_inst/inst_dvid/latched_green_reg[2]/C
                            (rising edge-triggered cell FDRE clocked by clk_out1_clk_wiz_0  {rise@0.000ns fall@20.000ns period=40.000ns})
  Destination:            datapath/video_inst/inst_dvid/shift_green_reg[4]/D
                            (rising edge-triggered cell FDRE clocked by clk_out2_clk_wiz_0  {rise@0.000ns fall@4.000ns period=8.000ns})
  Path Group:             clk_out2_clk_wiz_0
  Path Type:              Setup (Max at Slow Process Corner)
  Requirement:            8.000ns  (clk_out2_clk_wiz_0 rise@8.000ns - clk_out1_clk_wiz_0 rise@0.000ns)
  Data Path Delay:        2.485ns  (logic 0.742ns (29.854%)  route 1.743ns (70.146%))
  Logic Levels:           1  (LUT3=1)
  Clock Path Skew:        -0.247ns (DCD - SCD + CPR)
    Destination Clock Delay (DCD):    1.706ns = ( 9.706 - 8.000 ) 
    Source Clock Delay      (SCD):    1.825ns
    Clock Pessimism Removal (CPR):    -0.128ns
  Clock Uncertainty:      0.215ns  ((TSJ^2 + DJ^2)^1/2) / 2 + PE
    Total System Jitter     (TSJ):    0.071ns
    Discrete Jitter          (DJ):    0.175ns
    Phase Error              (PE):    0.120ns

    Location             Delay type                Incr(ns)  Path(ns)    Netlist Resource(s)
  -------------------------------------------------------------------    -------------------
                         (clock clk_out1_clk_wiz_0 rise edge)
                                                      0.000     0.000 r  
    BUFGCTRL_X0Y2        BUFG                         0.000     0.000 r  clk_IBUF_BUFG_inst/O
                         net (fo=302, routed)         2.106     2.106    datapath/video_inst/mmcm_adv_inst_display_clocks/inst/clk_in1
    MMCME2_ADV_X1Y0      MMCME2_ADV (Prop_mmcme2_adv_CLKIN1_CLKOUT0)
                                                     -4.900    -2.793 r  datapath/video_inst/mmcm_adv_inst_display_clocks/inst/mmcm_adv_inst/CLKOUT0
                         net (fo=1, routed)           2.697    -0.096    datapath/video_inst/mmcm_adv_inst_display_clocks/inst/clk_out1_clk_wiz_0
    BUFGCTRL_X0Y4        BUFG (Prop_bufg_I_O)         0.096    -0.000 r  datapath/video_inst/mmcm_adv_inst_display_clocks/inst/clkout1_buf/O
                         net (fo=65, routed)          1.825     1.825    datapath/video_inst/inst_dvid/CLK
    SLICE_X157Y136       FDRE                                         r  datapath/video_inst/inst_dvid/latched_green_reg[2]/C
  -------------------------------------------------------------------    -------------------
    SLICE_X157Y136       FDRE (Prop_fdre_C_Q)         0.419     2.244 r  datapath/video_inst/inst_dvid/latched_green_reg[2]/Q
                         net (fo=3, routed)           1.743     3.988    datapath/video_inst/inst_dvid/latched_green[2]
    SLICE_X158Y135       LUT3 (Prop_lut3_I2_O)        0.323     4.311 r  datapath/video_inst/inst_dvid/shift_green[4]_i_1/O
                         net (fo=1, routed)           0.000     4.311    datapath/video_inst/inst_dvid/shift_green[4]
    SLICE_X158Y135       FDRE                                         r  datapath/video_inst/inst_dvid/shift_green_reg[4]/D
  -------------------------------------------------------------------    -------------------

                         (clock clk_out2_clk_wiz_0 rise edge)
                                                      8.000     8.000 r  
    BUFGCTRL_X0Y2        BUFG                         0.000     8.000 r  clk_IBUF_BUFG_inst/O
                         net (fo=302, routed)         1.972     9.972    datapath/video_inst/mmcm_adv_inst_display_clocks/inst/clk_in1
    MMCME2_ADV_X1Y0      MMCME2_ADV (Prop_mmcme2_adv_CLKIN1_CLKOUT1)
                                                     -4.637     5.335 r  datapath/video_inst/mmcm_adv_inst_display_clocks/inst/mmcm_adv_inst/CLKOUT1
                         net (fo=1, routed)           2.574     7.909    datapath/video_inst/mmcm_adv_inst_display_clocks/inst/clk_out2_clk_wiz_0
    BUFGCTRL_X0Y0        BUFG (Prop_bufg_I_O)         0.091     8.000 r  datapath/video_inst/mmcm_adv_inst_display_clocks/inst/clkout2_buf/O
                         net (fo=44, routed)          1.706     9.706    datapath/video_inst/inst_dvid/clk_out2
    SLICE_X158Y135       FDRE                                         r  datapath/video_inst/inst_dvid/shift_green_reg[4]/C
                         clock pessimism             -0.128     9.578    
                         clock uncertainty           -0.215     9.364    
    SLICE_X158Y135       FDRE (Setup_fdre_C_D)        0.118     9.482    datapath/video_inst/inst_dvid/shift_green_reg[4]
  -------------------------------------------------------------------
                         required time                          9.482    
                         arrival time                          -4.311    
  -------------------------------------------------------------------
                         slack                                  5.171    

Slack (MET) :             5.244ns  (required time - arrival time)
  Source:                 datapath/video_inst/inst_dvid/latched_red_reg[9]/C
                            (rising edge-triggered cell FDRE clocked by clk_out1_clk_wiz_0  {rise@0.000ns fall@20.000ns period=40.000ns})
  Destination:            datapath/video_inst/inst_dvid/shift_red_reg[9]/D
                            (rising edge-triggered cell FDRE clocked by clk_out2_clk_wiz_0  {rise@0.000ns fall@4.000ns period=8.000ns})
  Path Group:             clk_out2_clk_wiz_0
  Path Type:              Setup (Max at Slow Process Corner)
  Requirement:            8.000ns  (clk_out2_clk_wiz_0 rise@8.000ns - clk_out1_clk_wiz_0 rise@0.000ns)
  Data Path Delay:        2.226ns  (logic 0.456ns (20.488%)  route 1.770ns (79.512%))
  Logic Levels:           0  
  Clock Path Skew:        -0.248ns (DCD - SCD + CPR)
    Destination Clock Delay (DCD):    1.709ns = ( 9.709 - 8.000 ) 
    Source Clock Delay      (SCD):    1.829ns
    Clock Pessimism Removal (CPR):    -0.128ns
  Clock Uncertainty:      0.215ns  ((TSJ^2 + DJ^2)^1/2) / 2 + PE
    Total System Jitter     (TSJ):    0.071ns
    Discrete Jitter          (DJ):    0.175ns
    Phase Error              (PE):    0.120ns

    Location             Delay type                Incr(ns)  Path(ns)    Netlist Resource(s)
  -------------------------------------------------------------------    -------------------
                         (clock clk_out1_clk_wiz_0 rise edge)
                                                      0.000     0.000 r  
    BUFGCTRL_X0Y2        BUFG                         0.000     0.000 r  clk_IBUF_BUFG_inst/O
                         net (fo=302, routed)         2.106     2.106    datapath/video_inst/mmcm_adv_inst_display_clocks/inst/clk_in1
    MMCME2_ADV_X1Y0      MMCME2_ADV (Prop_mmcme2_adv_CLKIN1_CLKOUT0)
                                                     -4.900    -2.793 r  datapath/video_inst/mmcm_adv_inst_display_clocks/inst/mmcm_adv_inst/CLKOUT0
                         net (fo=1, routed)           2.697    -0.096    datapath/video_inst/mmcm_adv_inst_display_clocks/inst/clk_out1_clk_wiz_0
    BUFGCTRL_X0Y4        BUFG (Prop_bufg_I_O)         0.096    -0.000 r  datapath/video_inst/mmcm_adv_inst_display_clocks/inst/clkout1_buf/O
                         net (fo=65, routed)          1.829     1.829    datapath/video_inst/inst_dvid/CLK
    SLICE_X160Y138       FDRE                                         r  datapath/video_inst/inst_dvid/latched_red_reg[9]/C
  -------------------------------------------------------------------    -------------------
    SLICE_X160Y138       FDRE (Prop_fdre_C_Q)         0.456     2.285 r  datapath/video_inst/inst_dvid/latched_red_reg[9]/Q
                         net (fo=1, routed)           1.770     4.055    datapath/video_inst/inst_dvid/latched_red[9]
    SLICE_X160Y137       FDRE                                         r  datapath/video_inst/inst_dvid/shift_red_reg[9]/D
  -------------------------------------------------------------------    -------------------

                         (clock clk_out2_clk_wiz_0 rise edge)
                                                      8.000     8.000 r  
    BUFGCTRL_X0Y2        BUFG                         0.000     8.000 r  clk_IBUF_BUFG_inst/O
                         net (fo=302, routed)         1.972     9.972    datapath/video_inst/mmcm_adv_inst_display_clocks/inst/clk_in1
    MMCME2_ADV_X1Y0      MMCME2_ADV (Prop_mmcme2_adv_CLKIN1_CLKOUT1)
                                                     -4.637     5.335 r  datapath/video_inst/mmcm_adv_inst_display_clocks/inst/mmcm_adv_inst/CLKOUT1
                         net (fo=1, routed)           2.574     7.909    datapath/video_inst/mmcm_adv_inst_display_clocks/inst/clk_out2_clk_wiz_0
    BUFGCTRL_X0Y0        BUFG (Prop_bufg_I_O)         0.091     8.000 r  datapath/video_inst/mmcm_adv_inst_display_clocks/inst/clkout2_buf/O
                         net (fo=44, routed)          1.709     9.709    datapath/video_inst/inst_dvid/clk_out2
    SLICE_X160Y137       FDRE                                         r  datapath/video_inst/inst_dvid/shift_red_reg[9]/C
                         clock pessimism             -0.128     9.581    
                         clock uncertainty           -0.215     9.367    
    SLICE_X160Y137       FDRE (Setup_fdre_C_D)       -0.067     9.300    datapath/video_inst/inst_dvid/shift_red_reg[9]
  -------------------------------------------------------------------
                         required time                          9.300    
                         arrival time                          -4.055    
  -------------------------------------------------------------------
                         slack                                  5.244    

Slack (MET) :             5.260ns  (required time - arrival time)
  Source:                 datapath/video_inst/inst_dvid/latched_blue_reg[1]/C
                            (rising edge-triggered cell FDRE clocked by clk_out1_clk_wiz_0  {rise@0.000ns fall@20.000ns period=40.000ns})
  Destination:            datapath/video_inst/inst_dvid/shift_blue_reg[5]/D
                            (rising edge-triggered cell FDRE clocked by clk_out2_clk_wiz_0  {rise@0.000ns fall@4.000ns period=8.000ns})
  Path Group:             clk_out2_clk_wiz_0
  Path Type:              Setup (Max at Slow Process Corner)
  Requirement:            8.000ns  (clk_out2_clk_wiz_0 rise@8.000ns - clk_out1_clk_wiz_0 rise@0.000ns)
  Data Path Delay:        2.309ns  (logic 0.580ns (25.120%)  route 1.729ns (74.880%))
  Logic Levels:           1  (LUT3=1)
  Clock Path Skew:        -0.247ns (DCD - SCD + CPR)
    Destination Clock Delay (DCD):    1.710ns = ( 9.710 - 8.000 ) 
    Source Clock Delay      (SCD):    1.829ns
    Clock Pessimism Removal (CPR):    -0.128ns
  Clock Uncertainty:      0.215ns  ((TSJ^2 + DJ^2)^1/2) / 2 + PE
    Total System Jitter     (TSJ):    0.071ns
    Discrete Jitter          (DJ):    0.175ns
    Phase Error              (PE):    0.120ns

    Location             Delay type                Incr(ns)  Path(ns)    Netlist Resource(s)
  -------------------------------------------------------------------    -------------------
                         (clock clk_out1_clk_wiz_0 rise edge)
                                                      0.000     0.000 r  
    BUFGCTRL_X0Y2        BUFG                         0.000     0.000 r  clk_IBUF_BUFG_inst/O
                         net (fo=302, routed)         2.106     2.106    datapath/video_inst/mmcm_adv_inst_display_clocks/inst/clk_in1
    MMCME2_ADV_X1Y0      MMCME2_ADV (Prop_mmcme2_adv_CLKIN1_CLKOUT0)
                                                     -4.900    -2.793 r  datapath/video_inst/mmcm_adv_inst_display_clocks/inst/mmcm_adv_inst/CLKOUT0
                         net (fo=1, routed)           2.697    -0.096    datapath/video_inst/mmcm_adv_inst_display_clocks/inst/clk_out1_clk_wiz_0
    BUFGCTRL_X0Y4        BUFG (Prop_bufg_I_O)         0.096    -0.000 r  datapath/video_inst/mmcm_adv_inst_display_clocks/inst/clkout1_buf/O
                         net (fo=65, routed)          1.829     1.829    datapath/video_inst/inst_dvid/CLK
    SLICE_X160Y138       FDRE                                         r  datapath/video_inst/inst_dvid/latched_blue_reg[1]/C
  -------------------------------------------------------------------    -------------------
    SLICE_X160Y138       FDRE (Prop_fdre_C_Q)         0.456     2.285 r  datapath/video_inst/inst_dvid/latched_blue_reg[1]/Q
                         net (fo=4, routed)           1.729     4.014    datapath/video_inst/inst_dvid/latched_blue[1]
    SLICE_X161Y138       LUT3 (Prop_lut3_I2_O)        0.124     4.138 r  datapath/video_inst/inst_dvid/shift_blue[5]_i_1/O
                         net (fo=1, routed)           0.000     4.138    datapath/video_inst/inst_dvid/shift_blue[5]
    SLICE_X161Y138       FDRE                                         r  datapath/video_inst/inst_dvid/shift_blue_reg[5]/D
  -------------------------------------------------------------------    -------------------

                         (clock clk_out2_clk_wiz_0 rise edge)
                                                      8.000     8.000 r  
    BUFGCTRL_X0Y2        BUFG                         0.000     8.000 r  clk_IBUF_BUFG_inst/O
                         net (fo=302, routed)         1.972     9.972    datapath/video_inst/mmcm_adv_inst_display_clocks/inst/clk_in1
    MMCME2_ADV_X1Y0      MMCME2_ADV (Prop_mmcme2_adv_CLKIN1_CLKOUT1)
                                                     -4.637     5.335 r  datapath/video_inst/mmcm_adv_inst_display_clocks/inst/mmcm_adv_inst/CLKOUT1
                         net (fo=1, routed)           2.574     7.909    datapath/video_inst/mmcm_adv_inst_display_clocks/inst/clk_out2_clk_wiz_0
    BUFGCTRL_X0Y0        BUFG (Prop_bufg_I_O)         0.091     8.000 r  datapath/video_inst/mmcm_adv_inst_display_clocks/inst/clkout2_buf/O
                         net (fo=44, routed)          1.710     9.710    datapath/video_inst/inst_dvid/clk_out2
    SLICE_X161Y138       FDRE                                         r  datapath/video_inst/inst_dvid/shift_blue_reg[5]/C
                         clock pessimism             -0.128     9.582    
                         clock uncertainty           -0.215     9.368    
    SLICE_X161Y138       FDRE (Setup_fdre_C_D)        0.031     9.399    datapath/video_inst/inst_dvid/shift_blue_reg[5]
  -------------------------------------------------------------------
                         required time                          9.399    
                         arrival time                          -4.138    
  -------------------------------------------------------------------
                         slack                                  5.260    





Min Delay Paths
--------------------------------------------------------------------------------------
Slack (MET) :             0.134ns  (arrival time - required time)
  Source:                 datapath/video_inst/inst_dvid/latched_green_reg[2]/C
                            (rising edge-triggered cell FDRE clocked by clk_out1_clk_wiz_0  {rise@0.000ns fall@20.000ns period=40.000ns})
  Destination:            datapath/video_inst/inst_dvid/shift_green_reg[6]/D
                            (rising edge-triggered cell FDRE clocked by clk_out2_clk_wiz_0  {rise@0.000ns fall@4.000ns period=8.000ns})
  Path Group:             clk_out2_clk_wiz_0
  Path Type:              Hold (Min at Fast Process Corner)
  Requirement:            0.000ns  (clk_out2_clk_wiz_0 rise@0.000ns - clk_out1_clk_wiz_0 rise@0.000ns)
  Data Path Delay:        0.822ns  (logic 0.226ns (27.485%)  route 0.596ns (72.515%))
  Logic Levels:           1  (LUT3=1)
  Clock Path Skew:        0.352ns (DCD - SCD - CPR)
    Destination Clock Delay (DCD):    0.915ns
    Source Clock Delay      (SCD):    0.643ns
    Clock Pessimism Removal (CPR):    -0.080ns
  Clock Uncertainty:      0.215ns  ((TSJ^2 + DJ^2)^1/2) / 2 + PE
    Total System Jitter     (TSJ):    0.071ns
    Discrete Jitter          (DJ):    0.175ns
    Phase Error              (PE):    0.120ns

    Location             Delay type                Incr(ns)  Path(ns)    Netlist Resource(s)
  -------------------------------------------------------------------    -------------------
                         (clock clk_out1_clk_wiz_0 rise edge)
                                                      0.000     0.000 r  
    BUFGCTRL_X0Y2        BUFG                         0.000     0.000 r  clk_IBUF_BUFG_inst/O
                         net (fo=302, routed)         0.745     0.745    datapath/video_inst/mmcm_adv_inst_display_clocks/inst/clk_in1
    MMCME2_ADV_X1Y0      MMCME2_ADV (Prop_mmcme2_adv_CLKIN1_CLKOUT0)
                                                     -1.683    -0.938 r  datapath/video_inst/mmcm_adv_inst_display_clocks/inst/mmcm_adv_inst/CLKOUT0
                         net (fo=1, routed)           0.912    -0.026    datapath/video_inst/mmcm_adv_inst_display_clocks/inst/clk_out1_clk_wiz_0
    BUFGCTRL_X0Y4        BUFG (Prop_bufg_I_O)         0.026    -0.000 r  datapath/video_inst/mmcm_adv_inst_display_clocks/inst/clkout1_buf/O
                         net (fo=65, routed)          0.643     0.643    datapath/video_inst/inst_dvid/CLK
    SLICE_X157Y136       FDRE                                         r  datapath/video_inst/inst_dvid/latched_green_reg[2]/C
  -------------------------------------------------------------------    -------------------
    SLICE_X157Y136       FDRE (Prop_fdre_C_Q)         0.128     0.771 r  datapath/video_inst/inst_dvid/latched_green_reg[2]/Q
                         net (fo=3, routed)           0.596     1.367    datapath/video_inst/inst_dvid/latched_green[2]
    SLICE_X158Y135       LUT3 (Prop_lut3_I2_O)        0.098     1.465 r  datapath/video_inst/inst_dvid/shift_green[6]_i_1/O
                         net (fo=1, routed)           0.000     1.465    datapath/video_inst/inst_dvid/shift_green[6]
    SLICE_X158Y135       FDRE                                         r  datapath/video_inst/inst_dvid/shift_green_reg[6]/D
  -------------------------------------------------------------------    -------------------

                         (clock clk_out2_clk_wiz_0 rise edge)
                                                      0.000     0.000 r  
    BUFGCTRL_X0Y2        BUFG                         0.000     0.000 r  clk_IBUF_BUFG_inst/O
                         net (fo=302, routed)         1.022     1.022    datapath/video_inst/mmcm_adv_inst_display_clocks/inst/clk_in1
    MMCME2_ADV_X1Y0      MMCME2_ADV (Prop_mmcme2_adv_CLKIN1_CLKOUT1)
                                                     -2.040    -1.018 r  datapath/video_inst/mmcm_adv_inst_display_clocks/inst/mmcm_adv_inst/CLKOUT1
                         net (fo=1, routed)           0.989    -0.029    datapath/video_inst/mmcm_adv_inst_display_clocks/inst/clk_out2_clk_wiz_0
    BUFGCTRL_X0Y0        BUFG (Prop_bufg_I_O)         0.029    -0.000 r  datapath/video_inst/mmcm_adv_inst_display_clocks/inst/clkout2_buf/O
                         net (fo=44, routed)          0.915     0.915    datapath/video_inst/inst_dvid/clk_out2
    SLICE_X158Y135       FDRE                                         r  datapath/video_inst/inst_dvid/shift_green_reg[6]/C
                         clock pessimism              0.080     0.995    
                         clock uncertainty            0.215     1.209    
    SLICE_X158Y135       FDRE (Hold_fdre_C_D)         0.121     1.330    datapath/video_inst/inst_dvid/shift_green_reg[6]
  -------------------------------------------------------------------
                         required time                         -1.330    
                         arrival time                           1.465    
  -------------------------------------------------------------------
                         slack                                  0.134    

Slack (MET) :             0.188ns  (arrival time - required time)
  Source:                 datapath/video_inst/inst_dvid/latched_red_reg[2]/C
                            (rising edge-triggered cell FDRE clocked by clk_out1_clk_wiz_0  {rise@0.000ns fall@20.000ns period=40.000ns})
  Destination:            datapath/video_inst/inst_dvid/shift_red_reg[4]/D
                            (rising edge-triggered cell FDRE clocked by clk_out2_clk_wiz_0  {rise@0.000ns fall@4.000ns period=8.000ns})
  Path Group:             clk_out2_clk_wiz_0
  Path Type:              Hold (Min at Fast Process Corner)
  Requirement:            0.000ns  (clk_out2_clk_wiz_0 rise@0.000ns - clk_out1_clk_wiz_0 rise@0.000ns)
  Data Path Delay:        0.885ns  (logic 0.224ns (25.313%)  route 0.661ns (74.687%))
  Logic Levels:           1  (LUT3=1)
  Clock Path Skew:        0.351ns (DCD - SCD - CPR)
    Destination Clock Delay (DCD):    0.915ns
    Source Clock Delay      (SCD):    0.644ns
    Clock Pessimism Removal (CPR):    -0.080ns
  Clock Uncertainty:      0.215ns  ((TSJ^2 + DJ^2)^1/2) / 2 + PE
    Total System Jitter     (TSJ):    0.071ns
    Discrete Jitter          (DJ):    0.175ns
    Phase Error              (PE):    0.120ns

    Location             Delay type                Incr(ns)  Path(ns)    Netlist Resource(s)
  -------------------------------------------------------------------    -------------------
                         (clock clk_out1_clk_wiz_0 rise edge)
                                                      0.000     0.000 r  
    BUFGCTRL_X0Y2        BUFG                         0.000     0.000 r  clk_IBUF_BUFG_inst/O
                         net (fo=302, routed)         0.745     0.745    datapath/video_inst/mmcm_adv_inst_display_clocks/inst/clk_in1
    MMCME2_ADV_X1Y0      MMCME2_ADV (Prop_mmcme2_adv_CLKIN1_CLKOUT0)
                                                     -1.683    -0.938 r  datapath/video_inst/mmcm_adv_inst_display_clocks/inst/mmcm_adv_inst/CLKOUT0
                         net (fo=1, routed)           0.912    -0.026    datapath/video_inst/mmcm_adv_inst_display_clocks/inst/clk_out1_clk_wiz_0
    BUFGCTRL_X0Y4        BUFG (Prop_bufg_I_O)         0.026    -0.000 r  datapath/video_inst/mmcm_adv_inst_display_clocks/inst/clkout1_buf/O
                         net (fo=65, routed)          0.644     0.644    datapath/video_inst/inst_dvid/CLK
    SLICE_X157Y137       FDRE                                         r  datapath/video_inst/inst_dvid/latched_red_reg[2]/C
  -------------------------------------------------------------------    -------------------
    SLICE_X157Y137       FDRE (Prop_fdre_C_Q)         0.128     0.772 r  datapath/video_inst/inst_dvid/latched_red_reg[2]/Q
                         net (fo=3, routed)           0.661     1.433    datapath/video_inst/inst_dvid/latched_red[2]
    SLICE_X158Y136       LUT3 (Prop_lut3_I2_O)        0.096     1.529 r  datapath/video_inst/inst_dvid/shift_red[4]_i_1/O
                         net (fo=1, routed)           0.000     1.529    datapath/video_inst/inst_dvid/shift_red[4]
    SLICE_X158Y136       FDRE                                         r  datapath/video_inst/inst_dvid/shift_red_reg[4]/D
  -------------------------------------------------------------------    -------------------

                         (clock clk_out2_clk_wiz_0 rise edge)
                                                      0.000     0.000 r  
    BUFGCTRL_X0Y2        BUFG                         0.000     0.000 r  clk_IBUF_BUFG_inst/O
                         net (fo=302, routed)         1.022     1.022    datapath/video_inst/mmcm_adv_inst_display_clocks/inst/clk_in1
    MMCME2_ADV_X1Y0      MMCME2_ADV (Prop_mmcme2_adv_CLKIN1_CLKOUT1)
                                                     -2.040    -1.018 r  datapath/video_inst/mmcm_adv_inst_display_clocks/inst/mmcm_adv_inst/CLKOUT1
                         net (fo=1, routed)           0.989    -0.029    datapath/video_inst/mmcm_adv_inst_display_clocks/inst/clk_out2_clk_wiz_0
    BUFGCTRL_X0Y0        BUFG (Prop_bufg_I_O)         0.029    -0.000 r  datapath/video_inst/mmcm_adv_inst_display_clocks/inst/clkout2_buf/O
                         net (fo=44, routed)          0.915     0.915    datapath/video_inst/inst_dvid/clk_out2
    SLICE_X158Y136       FDRE                                         r  datapath/video_inst/inst_dvid/shift_red_reg[4]/C
                         clock pessimism              0.080     0.995    
                         clock uncertainty            0.215     1.209    
    SLICE_X158Y136       FDRE (Hold_fdre_C_D)         0.131     1.340    datapath/video_inst/inst_dvid/shift_red_reg[4]
  -------------------------------------------------------------------
                         required time                         -1.340    
                         arrival time                           1.529    
  -------------------------------------------------------------------
                         slack                                  0.188    

Slack (MET) :             0.189ns  (arrival time - required time)
  Source:                 datapath/video_inst/inst_dvid/latched_red_reg[8]/C
                            (rising edge-triggered cell FDRE clocked by clk_out1_clk_wiz_0  {rise@0.000ns fall@20.000ns period=40.000ns})
  Destination:            datapath/video_inst/inst_dvid/shift_red_reg[8]/D
                            (rising edge-triggered cell FDRE clocked by clk_out2_clk_wiz_0  {rise@0.000ns fall@4.000ns period=8.000ns})
  Path Group:             clk_out2_clk_wiz_0
  Path Type:              Hold (Min at Fast Process Corner)
  Requirement:            0.000ns  (clk_out2_clk_wiz_0 rise@0.000ns - clk_out1_clk_wiz_0 rise@0.000ns)
  Data Path Delay:        0.818ns  (logic 0.141ns (17.237%)  route 0.677ns (82.763%))
  Logic Levels:           0  
  Clock Path Skew:        0.351ns (DCD - SCD - CPR)
    Destination Clock Delay (DCD):    0.916ns
    Source Clock Delay      (SCD):    0.645ns
    Clock Pessimism Removal (CPR):    -0.080ns
  Clock Uncertainty:      0.215ns  ((TSJ^2 + DJ^2)^1/2) / 2 + PE
    Total System Jitter     (TSJ):    0.071ns
    Discrete Jitter          (DJ):    0.175ns
    Phase Error              (PE):    0.120ns

    Location             Delay type                Incr(ns)  Path(ns)    Netlist Resource(s)
  -------------------------------------------------------------------    -------------------
                         (clock clk_out1_clk_wiz_0 rise edge)
                                                      0.000     0.000 r  
    BUFGCTRL_X0Y2        BUFG                         0.000     0.000 r  clk_IBUF_BUFG_inst/O
                         net (fo=302, routed)         0.745     0.745    datapath/video_inst/mmcm_adv_inst_display_clocks/inst/clk_in1
    MMCME2_ADV_X1Y0      MMCME2_ADV (Prop_mmcme2_adv_CLKIN1_CLKOUT0)
                                                     -1.683    -0.938 r  datapath/video_inst/mmcm_adv_inst_display_clocks/inst/mmcm_adv_inst/CLKOUT0
                         net (fo=1, routed)           0.912    -0.026    datapath/video_inst/mmcm_adv_inst_display_clocks/inst/clk_out1_clk_wiz_0
    BUFGCTRL_X0Y4        BUFG (Prop_bufg_I_O)         0.026    -0.000 r  datapath/video_inst/mmcm_adv_inst_display_clocks/inst/clkout1_buf/O
                         net (fo=65, routed)          0.645     0.645    datapath/video_inst/inst_dvid/CLK
    SLICE_X157Y138       FDRE                                         r  datapath/video_inst/inst_dvid/latched_red_reg[8]/C
  -------------------------------------------------------------------    -------------------
    SLICE_X157Y138       FDRE (Prop_fdre_C_Q)         0.141     0.786 r  datapath/video_inst/inst_dvid/latched_red_reg[8]/Q
                         net (fo=1, routed)           0.677     1.463    datapath/video_inst/inst_dvid/latched_red[8]
    SLICE_X158Y137       FDRE                                         r  datapath/video_inst/inst_dvid/shift_red_reg[8]/D
  -------------------------------------------------------------------    -------------------

                         (clock clk_out2_clk_wiz_0 rise edge)
                                                      0.000     0.000 r  
    BUFGCTRL_X0Y2        BUFG                         0.000     0.000 r  clk_IBUF_BUFG_inst/O
                         net (fo=302, routed)         1.022     1.022    datapath/video_inst/mmcm_adv_inst_display_clocks/inst/clk_in1
    MMCME2_ADV_X1Y0      MMCME2_ADV (Prop_mmcme2_adv_CLKIN1_CLKOUT1)
                                                     -2.040    -1.018 r  datapath/video_inst/mmcm_adv_inst_display_clocks/inst/mmcm_adv_inst/CLKOUT1
                         net (fo=1, routed)           0.989    -0.029    datapath/video_inst/mmcm_adv_inst_display_clocks/inst/clk_out2_clk_wiz_0
    BUFGCTRL_X0Y0        BUFG (Prop_bufg_I_O)         0.029    -0.000 r  datapath/video_inst/mmcm_adv_inst_display_clocks/inst/clkout2_buf/O
                         net (fo=44, routed)          0.916     0.916    datapath/video_inst/inst_dvid/clk_out2
    SLICE_X158Y137       FDRE                                         r  datapath/video_inst/inst_dvid/shift_red_reg[8]/C
                         clock pessimism              0.080     0.996    
                         clock uncertainty            0.215     1.210    
    SLICE_X158Y137       FDRE (Hold_fdre_C_D)         0.063     1.273    datapath/video_inst/inst_dvid/shift_red_reg[8]
  -------------------------------------------------------------------
                         required time                         -1.273    
                         arrival time                           1.463    
  -------------------------------------------------------------------
                         slack                                  0.189    

Slack (MET) :             0.200ns  (arrival time - required time)
  Source:                 datapath/video_inst/inst_dvid/latched_red_reg[2]/C
                            (rising edge-triggered cell FDRE clocked by clk_out1_clk_wiz_0  {rise@0.000ns fall@20.000ns period=40.000ns})
  Destination:            datapath/video_inst/inst_dvid/shift_red_reg[6]/D
                            (rising edge-triggered cell FDRE clocked by clk_out2_clk_wiz_0  {rise@0.000ns fall@4.000ns period=8.000ns})
  Path Group:             clk_out2_clk_wiz_0
  Path Type:              Hold (Min at Fast Process Corner)
  Requirement:            0.000ns  (clk_out2_clk_wiz_0 rise@0.000ns - clk_out1_clk_wiz_0 rise@0.000ns)
  Data Path Delay:        0.887ns  (logic 0.226ns (25.481%)  route 0.661ns (74.519%))
  Logic Levels:           1  (LUT3=1)
  Clock Path Skew:        0.351ns (DCD - SCD - CPR)
    Destination Clock Delay (DCD):    0.915ns
    Source Clock Delay      (SCD):    0.644ns
    Clock Pessimism Removal (CPR):    -0.080ns
  Clock Uncertainty:      0.215ns  ((TSJ^2 + DJ^2)^1/2) / 2 + PE
    Total System Jitter     (TSJ):    0.071ns
    Discrete Jitter          (DJ):    0.175ns
    Phase Error              (PE):    0.120ns

    Location             Delay type                Incr(ns)  Path(ns)    Netlist Resource(s)
  -------------------------------------------------------------------    -------------------
                         (clock clk_out1_clk_wiz_0 rise edge)
                                                      0.000     0.000 r  
    BUFGCTRL_X0Y2        BUFG                         0.000     0.000 r  clk_IBUF_BUFG_inst/O
                         net (fo=302, routed)         0.745     0.745    datapath/video_inst/mmcm_adv_inst_display_clocks/inst/clk_in1
    MMCME2_ADV_X1Y0      MMCME2_ADV (Prop_mmcme2_adv_CLKIN1_CLKOUT0)
                                                     -1.683    -0.938 r  datapath/video_inst/mmcm_adv_inst_display_clocks/inst/mmcm_adv_inst/CLKOUT0
                         net (fo=1, routed)           0.912    -0.026    datapath/video_inst/mmcm_adv_inst_display_clocks/inst/clk_out1_clk_wiz_0
    BUFGCTRL_X0Y4        BUFG (Prop_bufg_I_O)         0.026    -0.000 r  datapath/video_inst/mmcm_adv_inst_display_clocks/inst/clkout1_buf/O
                         net (fo=65, routed)          0.644     0.644    datapath/video_inst/inst_dvid/CLK
    SLICE_X157Y137       FDRE                                         r  datapath/video_inst/inst_dvid/latched_red_reg[2]/C
  -------------------------------------------------------------------    -------------------
    SLICE_X157Y137       FDRE (Prop_fdre_C_Q)         0.128     0.772 r  datapath/video_inst/inst_dvid/latched_red_reg[2]/Q
                         net (fo=3, routed)           0.661     1.433    datapath/video_inst/inst_dvid/latched_red[2]
    SLICE_X158Y136       LUT3 (Prop_lut3_I2_O)        0.098     1.531 r  datapath/video_inst/inst_dvid/shift_red[6]_i_1/O
                         net (fo=1, routed)           0.000     1.531    datapath/video_inst/inst_dvid/shift_red[6]
    SLICE_X158Y136       FDRE                                         r  datapath/video_inst/inst_dvid/shift_red_reg[6]/D
  -------------------------------------------------------------------    -------------------

                         (clock clk_out2_clk_wiz_0 rise edge)
                                                      0.000     0.000 r  
    BUFGCTRL_X0Y2        BUFG                         0.000     0.000 r  clk_IBUF_BUFG_inst/O
                         net (fo=302, routed)         1.022     1.022    datapath/video_inst/mmcm_adv_inst_display_clocks/inst/clk_in1
    MMCME2_ADV_X1Y0      MMCME2_ADV (Prop_mmcme2_adv_CLKIN1_CLKOUT1)
                                                     -2.040    -1.018 r  datapath/video_inst/mmcm_adv_inst_display_clocks/inst/mmcm_adv_inst/CLKOUT1
                         net (fo=1, routed)           0.989    -0.029    datapath/video_inst/mmcm_adv_inst_display_clocks/inst/clk_out2_clk_wiz_0
    BUFGCTRL_X0Y0        BUFG (Prop_bufg_I_O)         0.029    -0.000 r  datapath/video_inst/mmcm_adv_inst_display_clocks/inst/clkout2_buf/O
                         net (fo=44, routed)          0.915     0.915    datapath/video_inst/inst_dvid/clk_out2
    SLICE_X158Y136       FDRE                                         r  datapath/video_inst/inst_dvid/shift_red_reg[6]/C
                         clock pessimism              0.080     0.995    
                         clock uncertainty            0.215     1.209    
    SLICE_X158Y136       FDRE (Hold_fdre_C_D)         0.121     1.330    datapath/video_inst/inst_dvid/shift_red_reg[6]
  -------------------------------------------------------------------
                         required time                         -1.330    
                         arrival time                           1.531    
  -------------------------------------------------------------------
                         slack                                  0.200    

Slack (MET) :             0.201ns  (arrival time - required time)
  Source:                 datapath/video_inst/inst_dvid/latched_green_reg[0]/C
                            (rising edge-triggered cell FDRE clocked by clk_out1_clk_wiz_0  {rise@0.000ns fall@20.000ns period=40.000ns})
  Destination:            datapath/video_inst/inst_dvid/shift_green_reg[1]/D
                            (rising edge-triggered cell FDRE clocked by clk_out2_clk_wiz_0  {rise@0.000ns fall@4.000ns period=8.000ns})
  Path Group:             clk_out2_clk_wiz_0
  Path Type:              Hold (Min at Fast Process Corner)
  Requirement:            0.000ns  (clk_out2_clk_wiz_0 rise@0.000ns - clk_out1_clk_wiz_0 rise@0.000ns)
  Data Path Delay:        0.899ns  (logic 0.184ns (20.475%)  route 0.715ns (79.525%))
  Logic Levels:           1  (LUT3=1)
  Clock Path Skew:        0.352ns (DCD - SCD - CPR)
    Destination Clock Delay (DCD):    0.915ns
    Source Clock Delay      (SCD):    0.643ns
    Clock Pessimism Removal (CPR):    -0.080ns
  Clock Uncertainty:      0.215ns  ((TSJ^2 + DJ^2)^1/2) / 2 + PE
    Total System Jitter     (TSJ):    0.071ns
    Discrete Jitter          (DJ):    0.175ns
    Phase Error              (PE):    0.120ns

    Location             Delay type                Incr(ns)  Path(ns)    Netlist Resource(s)
  -------------------------------------------------------------------    -------------------
                         (clock clk_out1_clk_wiz_0 rise edge)
                                                      0.000     0.000 r  
    BUFGCTRL_X0Y2        BUFG                         0.000     0.000 r  clk_IBUF_BUFG_inst/O
                         net (fo=302, routed)         0.745     0.745    datapath/video_inst/mmcm_adv_inst_display_clocks/inst/clk_in1
    MMCME2_ADV_X1Y0      MMCME2_ADV (Prop_mmcme2_adv_CLKIN1_CLKOUT0)
                                                     -1.683    -0.938 r  datapath/video_inst/mmcm_adv_inst_display_clocks/inst/mmcm_adv_inst/CLKOUT0
                         net (fo=1, routed)           0.912    -0.026    datapath/video_inst/mmcm_adv_inst_display_clocks/inst/clk_out1_clk_wiz_0
    BUFGCTRL_X0Y4        BUFG (Prop_bufg_I_O)         0.026    -0.000 r  datapath/video_inst/mmcm_adv_inst_display_clocks/inst/clkout1_buf/O
                         net (fo=65, routed)          0.643     0.643    datapath/video_inst/inst_dvid/CLK
    SLICE_X157Y135       FDRE                                         r  datapath/video_inst/inst_dvid/latched_green_reg[0]/C
  -------------------------------------------------------------------    -------------------
    SLICE_X157Y135       FDRE (Prop_fdre_C_Q)         0.141     0.784 r  datapath/video_inst/inst_dvid/latched_green_reg[0]/Q
                         net (fo=5, routed)           0.715     1.498    datapath/video_inst/inst_dvid/latched_green[0]
    SLICE_X158Y135       LUT3 (Prop_lut3_I2_O)        0.043     1.541 r  datapath/video_inst/inst_dvid/shift_green[1]_i_1/O
                         net (fo=1, routed)           0.000     1.541    datapath/video_inst/inst_dvid/shift_green[1]
    SLICE_X158Y135       FDRE                                         r  datapath/video_inst/inst_dvid/shift_green_reg[1]/D
  -------------------------------------------------------------------    -------------------

                         (clock clk_out2_clk_wiz_0 rise edge)
                                                      0.000     0.000 r  
    BUFGCTRL_X0Y2        BUFG                         0.000     0.000 r  clk_IBUF_BUFG_inst/O
                         net (fo=302, routed)         1.022     1.022    datapath/video_inst/mmcm_adv_inst_display_clocks/inst/clk_in1
    MMCME2_ADV_X1Y0      MMCME2_ADV (Prop_mmcme2_adv_CLKIN1_CLKOUT1)
                                                     -2.040    -1.018 r  datapath/video_inst/mmcm_adv_inst_display_clocks/inst/mmcm_adv_inst/CLKOUT1
                         net (fo=1, routed)           0.989    -0.029    datapath/video_inst/mmcm_adv_inst_display_clocks/inst/clk_out2_clk_wiz_0
    BUFGCTRL_X0Y0        BUFG (Prop_bufg_I_O)         0.029    -0.000 r  datapath/video_inst/mmcm_adv_inst_display_clocks/inst/clkout2_buf/O
                         net (fo=44, routed)          0.915     0.915    datapath/video_inst/inst_dvid/clk_out2
    SLICE_X158Y135       FDRE                                         r  datapath/video_inst/inst_dvid/shift_green_reg[1]/C
                         clock pessimism              0.080     0.995    
                         clock uncertainty            0.215     1.209    
    SLICE_X158Y135       FDRE (Hold_fdre_C_D)         0.131     1.340    datapath/video_inst/inst_dvid/shift_green_reg[1]
  -------------------------------------------------------------------
                         required time                         -1.340    
                         arrival time                           1.541    
  -------------------------------------------------------------------
                         slack                                  0.201    

Slack (MET) :             0.201ns  (arrival time - required time)
  Source:                 datapath/video_inst/inst_dvid/latched_red_reg[2]/C
                            (rising edge-triggered cell FDRE clocked by clk_out1_clk_wiz_0  {rise@0.000ns fall@20.000ns period=40.000ns})
  Destination:            datapath/video_inst/inst_dvid/shift_red_reg[2]/D
                            (rising edge-triggered cell FDRE clocked by clk_out2_clk_wiz_0  {rise@0.000ns fall@4.000ns period=8.000ns})
  Path Group:             clk_out2_clk_wiz_0
  Path Type:              Hold (Min at Fast Process Corner)
  Requirement:            0.000ns  (clk_out2_clk_wiz_0 rise@0.000ns - clk_out1_clk_wiz_0 rise@0.000ns)
  Data Path Delay:        0.887ns  (logic 0.226ns (25.481%)  route 0.661ns (74.519%))
  Logic Levels:           1  (LUT3=1)
  Clock Path Skew:        0.351ns (DCD - SCD - CPR)
    Destination Clock Delay (DCD):    0.915ns
    Source Clock Delay      (SCD):    0.644ns
    Clock Pessimism Removal (CPR):    -0.080ns
  Clock Uncertainty:      0.215ns  ((TSJ^2 + DJ^2)^1/2) / 2 + PE
    Total System Jitter     (TSJ):    0.071ns
    Discrete Jitter          (DJ):    0.175ns
    Phase Error              (PE):    0.120ns

    Location             Delay type                Incr(ns)  Path(ns)    Netlist Resource(s)
  -------------------------------------------------------------------    -------------------
                         (clock clk_out1_clk_wiz_0 rise edge)
                                                      0.000     0.000 r  
    BUFGCTRL_X0Y2        BUFG                         0.000     0.000 r  clk_IBUF_BUFG_inst/O
                         net (fo=302, routed)         0.745     0.745    datapath/video_inst/mmcm_adv_inst_display_clocks/inst/clk_in1
    MMCME2_ADV_X1Y0      MMCME2_ADV (Prop_mmcme2_adv_CLKIN1_CLKOUT0)
                                                     -1.683    -0.938 r  datapath/video_inst/mmcm_adv_inst_display_clocks/inst/mmcm_adv_inst/CLKOUT0
                         net (fo=1, routed)           0.912    -0.026    datapath/video_inst/mmcm_adv_inst_display_clocks/inst/clk_out1_clk_wiz_0
    BUFGCTRL_X0Y4        BUFG (Prop_bufg_I_O)         0.026    -0.000 r  datapath/video_inst/mmcm_adv_inst_display_clocks/inst/clkout1_buf/O
                         net (fo=65, routed)          0.644     0.644    datapath/video_inst/inst_dvid/CLK
    SLICE_X157Y137       FDRE                                         r  datapath/video_inst/inst_dvid/latched_red_reg[2]/C
  -------------------------------------------------------------------    -------------------
    SLICE_X157Y137       FDRE (Prop_fdre_C_Q)         0.128     0.772 r  datapath/video_inst/inst_dvid/latched_red_reg[2]/Q
                         net (fo=3, routed)           0.661     1.433    datapath/video_inst/inst_dvid/latched_red[2]
    SLICE_X158Y136       LUT3 (Prop_lut3_I2_O)        0.098     1.531 r  datapath/video_inst/inst_dvid/shift_red[2]_i_1/O
                         net (fo=1, routed)           0.000     1.531    datapath/video_inst/inst_dvid/shift_red[2]
    SLICE_X158Y136       FDRE                                         r  datapath/video_inst/inst_dvid/shift_red_reg[2]/D
  -------------------------------------------------------------------    -------------------

                         (clock clk_out2_clk_wiz_0 rise edge)
                                                      0.000     0.000 r  
    BUFGCTRL_X0Y2        BUFG                         0.000     0.000 r  clk_IBUF_BUFG_inst/O
                         net (fo=302, routed)         1.022     1.022    datapath/video_inst/mmcm_adv_inst_display_clocks/inst/clk_in1
    MMCME2_ADV_X1Y0      MMCME2_ADV (Prop_mmcme2_adv_CLKIN1_CLKOUT1)
                                                     -2.040    -1.018 r  datapath/video_inst/mmcm_adv_inst_display_clocks/inst/mmcm_adv_inst/CLKOUT1
                         net (fo=1, routed)           0.989    -0.029    datapath/video_inst/mmcm_adv_inst_display_clocks/inst/clk_out2_clk_wiz_0
    BUFGCTRL_X0Y0        BUFG (Prop_bufg_I_O)         0.029    -0.000 r  datapath/video_inst/mmcm_adv_inst_display_clocks/inst/clkout2_buf/O
                         net (fo=44, routed)          0.915     0.915    datapath/video_inst/inst_dvid/clk_out2
    SLICE_X158Y136       FDRE                                         r  datapath/video_inst/inst_dvid/shift_red_reg[2]/C
                         clock pessimism              0.080     0.995    
                         clock uncertainty            0.215     1.209    
    SLICE_X158Y136       FDRE (Hold_fdre_C_D)         0.120     1.329    datapath/video_inst/inst_dvid/shift_red_reg[2]
  -------------------------------------------------------------------
                         required time                         -1.329    
                         arrival time                           1.531    
  -------------------------------------------------------------------
                         slack                                  0.201    

Slack (MET) :             0.203ns  (arrival time - required time)
  Source:                 datapath/video_inst/inst_dvid/latched_blue_reg[8]/C
                            (rising edge-triggered cell FDRE clocked by clk_out1_clk_wiz_0  {rise@0.000ns fall@20.000ns period=40.000ns})
  Destination:            datapath/video_inst/inst_dvid/shift_blue_reg[8]/D
                            (rising edge-triggered cell FDRE clocked by clk_out2_clk_wiz_0  {rise@0.000ns fall@4.000ns period=8.000ns})
  Path Group:             clk_out2_clk_wiz_0
  Path Type:              Hold (Min at Fast Process Corner)
  Requirement:            0.000ns  (clk_out2_clk_wiz_0 rise@0.000ns - clk_out1_clk_wiz_0 rise@0.000ns)
  Data Path Delay:        0.830ns  (logic 0.141ns (16.996%)  route 0.689ns (83.004%))
  Logic Levels:           0  
  Clock Path Skew:        0.353ns (DCD - SCD - CPR)
    Destination Clock Delay (DCD):    0.916ns
    Source Clock Delay      (SCD):    0.643ns
    Clock Pessimism Removal (CPR):    -0.080ns
  Clock Uncertainty:      0.215ns  ((TSJ^2 + DJ^2)^1/2) / 2 + PE
    Total System Jitter     (TSJ):    0.071ns
    Discrete Jitter          (DJ):    0.175ns
    Phase Error              (PE):    0.120ns

    Location             Delay type                Incr(ns)  Path(ns)    Netlist Resource(s)
  -------------------------------------------------------------------    -------------------
                         (clock clk_out1_clk_wiz_0 rise edge)
                                                      0.000     0.000 r  
    BUFGCTRL_X0Y2        BUFG                         0.000     0.000 r  clk_IBUF_BUFG_inst/O
                         net (fo=302, routed)         0.745     0.745    datapath/video_inst/mmcm_adv_inst_display_clocks/inst/clk_in1
    MMCME2_ADV_X1Y0      MMCME2_ADV (Prop_mmcme2_adv_CLKIN1_CLKOUT0)
                                                     -1.683    -0.938 r  datapath/video_inst/mmcm_adv_inst_display_clocks/inst/mmcm_adv_inst/CLKOUT0
                         net (fo=1, routed)           0.912    -0.026    datapath/video_inst/mmcm_adv_inst_display_clocks/inst/clk_out1_clk_wiz_0
    BUFGCTRL_X0Y4        BUFG (Prop_bufg_I_O)         0.026    -0.000 r  datapath/video_inst/mmcm_adv_inst_display_clocks/inst/clkout1_buf/O
                         net (fo=65, routed)          0.643     0.643    datapath/video_inst/inst_dvid/CLK
    SLICE_X157Y136       FDRE                                         r  datapath/video_inst/inst_dvid/latched_blue_reg[8]/C
  -------------------------------------------------------------------    -------------------
    SLICE_X157Y136       FDRE (Prop_fdre_C_Q)         0.141     0.784 r  datapath/video_inst/inst_dvid/latched_blue_reg[8]/Q
                         net (fo=1, routed)           0.689     1.472    datapath/video_inst/inst_dvid/latched_blue[8]
    SLICE_X158Y137       FDRE                                         r  datapath/video_inst/inst_dvid/shift_blue_reg[8]/D
  -------------------------------------------------------------------    -------------------

                         (clock clk_out2_clk_wiz_0 rise edge)
                                                      0.000     0.000 r  
    BUFGCTRL_X0Y2        BUFG                         0.000     0.000 r  clk_IBUF_BUFG_inst/O
                         net (fo=302, routed)         1.022     1.022    datapath/video_inst/mmcm_adv_inst_display_clocks/inst/clk_in1
    MMCME2_ADV_X1Y0      MMCME2_ADV (Prop_mmcme2_adv_CLKIN1_CLKOUT1)
                                                     -2.040    -1.018 r  datapath/video_inst/mmcm_adv_inst_display_clocks/inst/mmcm_adv_inst/CLKOUT1
                         net (fo=1, routed)           0.989    -0.029    datapath/video_inst/mmcm_adv_inst_display_clocks/inst/clk_out2_clk_wiz_0
    BUFGCTRL_X0Y0        BUFG (Prop_bufg_I_O)         0.029    -0.000 r  datapath/video_inst/mmcm_adv_inst_display_clocks/inst/clkout2_buf/O
                         net (fo=44, routed)          0.916     0.916    datapath/video_inst/inst_dvid/clk_out2
    SLICE_X158Y137       FDRE                                         r  datapath/video_inst/inst_dvid/shift_blue_reg[8]/C
                         clock pessimism              0.080     0.996    
                         clock uncertainty            0.215     1.210    
    SLICE_X158Y137       FDRE (Hold_fdre_C_D)         0.059     1.269    datapath/video_inst/inst_dvid/shift_blue_reg[8]
  -------------------------------------------------------------------
                         required time                         -1.269    
                         arrival time                           1.472    
  -------------------------------------------------------------------
                         slack                                  0.203    

Slack (MET) :             0.204ns  (arrival time - required time)
  Source:                 datapath/video_inst/inst_dvid/latched_blue_reg[2]/C
                            (rising edge-triggered cell FDRE clocked by clk_out1_clk_wiz_0  {rise@0.000ns fall@20.000ns period=40.000ns})
  Destination:            datapath/video_inst/inst_dvid/shift_blue_reg[2]/D
                            (rising edge-triggered cell FDRE clocked by clk_out2_clk_wiz_0  {rise@0.000ns fall@4.000ns period=8.000ns})
  Path Group:             clk_out2_clk_wiz_0
  Path Type:              Hold (Min at Fast Process Corner)
  Requirement:            0.000ns  (clk_out2_clk_wiz_0 rise@0.000ns - clk_out1_clk_wiz_0 rise@0.000ns)
  Data Path Delay:        0.864ns  (logic 0.186ns (21.538%)  route 0.678ns (78.462%))
  Logic Levels:           1  (LUT3=1)
  Clock Path Skew:        0.353ns (DCD - SCD - CPR)
    Destination Clock Delay (DCD):    0.919ns
    Source Clock Delay      (SCD):    0.646ns
    Clock Pessimism Removal (CPR):    -0.080ns
  Clock Uncertainty:      0.215ns  ((TSJ^2 + DJ^2)^1/2) / 2 + PE
    Total System Jitter     (TSJ):    0.071ns
    Discrete Jitter          (DJ):    0.175ns
    Phase Error              (PE):    0.120ns

    Location             Delay type                Incr(ns)  Path(ns)    Netlist Resource(s)
  -------------------------------------------------------------------    -------------------
                         (clock clk_out1_clk_wiz_0 rise edge)
                                                      0.000     0.000 r  
    BUFGCTRL_X0Y2        BUFG                         0.000     0.000 r  clk_IBUF_BUFG_inst/O
                         net (fo=302, routed)         0.745     0.745    datapath/video_inst/mmcm_adv_inst_display_clocks/inst/clk_in1
    MMCME2_ADV_X1Y0      MMCME2_ADV (Prop_mmcme2_adv_CLKIN1_CLKOUT0)
                                                     -1.683    -0.938 r  datapath/video_inst/mmcm_adv_inst_display_clocks/inst/mmcm_adv_inst/CLKOUT0
                         net (fo=1, routed)           0.912    -0.026    datapath/video_inst/mmcm_adv_inst_display_clocks/inst/clk_out1_clk_wiz_0
    BUFGCTRL_X0Y4        BUFG (Prop_bufg_I_O)         0.026    -0.000 r  datapath/video_inst/mmcm_adv_inst_display_clocks/inst/clkout1_buf/O
                         net (fo=65, routed)          0.646     0.646    datapath/video_inst/inst_dvid/CLK
    SLICE_X160Y138       FDRE                                         r  datapath/video_inst/inst_dvid/latched_blue_reg[2]/C
  -------------------------------------------------------------------    -------------------
    SLICE_X160Y138       FDRE (Prop_fdre_C_Q)         0.141     0.787 r  datapath/video_inst/inst_dvid/latched_blue_reg[2]/Q
                         net (fo=1, routed)           0.678     1.464    datapath/video_inst/inst_dvid/latched_blue[2]
    SLICE_X161Y138       LUT3 (Prop_lut3_I2_O)        0.045     1.509 r  datapath/video_inst/inst_dvid/shift_blue[2]_i_1/O
                         net (fo=1, routed)           0.000     1.509    datapath/video_inst/inst_dvid/shift_blue[2]
    SLICE_X161Y138       FDRE                                         r  datapath/video_inst/inst_dvid/shift_blue_reg[2]/D
  -------------------------------------------------------------------    -------------------

                         (clock clk_out2_clk_wiz_0 rise edge)
                                                      0.000     0.000 r  
    BUFGCTRL_X0Y2        BUFG                         0.000     0.000 r  clk_IBUF_BUFG_inst/O
                         net (fo=302, routed)         1.022     1.022    datapath/video_inst/mmcm_adv_inst_display_clocks/inst/clk_in1
    MMCME2_ADV_X1Y0      MMCME2_ADV (Prop_mmcme2_adv_CLKIN1_CLKOUT1)
                                                     -2.040    -1.018 r  datapath/video_inst/mmcm_adv_inst_display_clocks/inst/mmcm_adv_inst/CLKOUT1
                         net (fo=1, routed)           0.989    -0.029    datapath/video_inst/mmcm_adv_inst_display_clocks/inst/clk_out2_clk_wiz_0
    BUFGCTRL_X0Y0        BUFG (Prop_bufg_I_O)         0.029    -0.000 r  datapath/video_inst/mmcm_adv_inst_display_clocks/inst/clkout2_buf/O
                         net (fo=44, routed)          0.919     0.919    datapath/video_inst/inst_dvid/clk_out2
    SLICE_X161Y138       FDRE                                         r  datapath/video_inst/inst_dvid/shift_blue_reg[2]/C
                         clock pessimism              0.080     0.999    
                         clock uncertainty            0.215     1.213    
    SLICE_X161Y138       FDRE (Hold_fdre_C_D)         0.092     1.305    datapath/video_inst/inst_dvid/shift_blue_reg[2]
  -------------------------------------------------------------------
                         required time                         -1.305    
                         arrival time                           1.509    
  -------------------------------------------------------------------
                         slack                                  0.204    

Slack (MET) :             0.205ns  (arrival time - required time)
  Source:                 datapath/video_inst/inst_dvid/latched_blue_reg[0]/C
                            (rising edge-triggered cell FDRE clocked by clk_out1_clk_wiz_0  {rise@0.000ns fall@20.000ns period=40.000ns})
  Destination:            datapath/video_inst/inst_dvid/shift_blue_reg[0]/D
                            (rising edge-triggered cell FDRE clocked by clk_out2_clk_wiz_0  {rise@0.000ns fall@4.000ns period=8.000ns})
  Path Group:             clk_out2_clk_wiz_0
  Path Type:              Hold (Min at Fast Process Corner)
  Requirement:            0.000ns  (clk_out2_clk_wiz_0 rise@0.000ns - clk_out1_clk_wiz_0 rise@0.000ns)
  Data Path Delay:        0.864ns  (logic 0.186ns (21.538%)  route 0.678ns (78.462%))
  Logic Levels:           1  (LUT3=1)
  Clock Path Skew:        0.353ns (DCD - SCD - CPR)
    Destination Clock Delay (DCD):    0.919ns
    Source Clock Delay      (SCD):    0.646ns
    Clock Pessimism Removal (CPR):    -0.080ns
  Clock Uncertainty:      0.215ns  ((TSJ^2 + DJ^2)^1/2) / 2 + PE
    Total System Jitter     (TSJ):    0.071ns
    Discrete Jitter          (DJ):    0.175ns
    Phase Error              (PE):    0.120ns

    Location             Delay type                Incr(ns)  Path(ns)    Netlist Resource(s)
  -------------------------------------------------------------------    -------------------
                         (clock clk_out1_clk_wiz_0 rise edge)
                                                      0.000     0.000 r  
    BUFGCTRL_X0Y2        BUFG                         0.000     0.000 r  clk_IBUF_BUFG_inst/O
                         net (fo=302, routed)         0.745     0.745    datapath/video_inst/mmcm_adv_inst_display_clocks/inst/clk_in1
    MMCME2_ADV_X1Y0      MMCME2_ADV (Prop_mmcme2_adv_CLKIN1_CLKOUT0)
                                                     -1.683    -0.938 r  datapath/video_inst/mmcm_adv_inst_display_clocks/inst/mmcm_adv_inst/CLKOUT0
                         net (fo=1, routed)           0.912    -0.026    datapath/video_inst/mmcm_adv_inst_display_clocks/inst/clk_out1_clk_wiz_0
    BUFGCTRL_X0Y4        BUFG (Prop_bufg_I_O)         0.026    -0.000 r  datapath/video_inst/mmcm_adv_inst_display_clocks/inst/clkout1_buf/O
                         net (fo=65, routed)          0.646     0.646    datapath/video_inst/inst_dvid/CLK
    SLICE_X160Y138       FDRE                                         r  datapath/video_inst/inst_dvid/latched_blue_reg[0]/C
  -------------------------------------------------------------------    -------------------
    SLICE_X160Y138       FDRE (Prop_fdre_C_Q)         0.141     0.787 r  datapath/video_inst/inst_dvid/latched_blue_reg[0]/Q
                         net (fo=1, routed)           0.678     1.464    datapath/video_inst/inst_dvid/latched_blue[0]
    SLICE_X161Y138       LUT3 (Prop_lut3_I2_O)        0.045     1.509 r  datapath/video_inst/inst_dvid/shift_blue[0]_i_1/O
                         net (fo=1, routed)           0.000     1.509    datapath/video_inst/inst_dvid/shift_blue[0]
    SLICE_X161Y138       FDRE                                         r  datapath/video_inst/inst_dvid/shift_blue_reg[0]/D
  -------------------------------------------------------------------    -------------------

                         (clock clk_out2_clk_wiz_0 rise edge)
                                                      0.000     0.000 r  
    BUFGCTRL_X0Y2        BUFG                         0.000     0.000 r  clk_IBUF_BUFG_inst/O
                         net (fo=302, routed)         1.022     1.022    datapath/video_inst/mmcm_adv_inst_display_clocks/inst/clk_in1
    MMCME2_ADV_X1Y0      MMCME2_ADV (Prop_mmcme2_adv_CLKIN1_CLKOUT1)
                                                     -2.040    -1.018 r  datapath/video_inst/mmcm_adv_inst_display_clocks/inst/mmcm_adv_inst/CLKOUT1
                         net (fo=1, routed)           0.989    -0.029    datapath/video_inst/mmcm_adv_inst_display_clocks/inst/clk_out2_clk_wiz_0
    BUFGCTRL_X0Y0        BUFG (Prop_bufg_I_O)         0.029    -0.000 r  datapath/video_inst/mmcm_adv_inst_display_clocks/inst/clkout2_buf/O
                         net (fo=44, routed)          0.919     0.919    datapath/video_inst/inst_dvid/clk_out2
    SLICE_X161Y138       FDRE                                         r  datapath/video_inst/inst_dvid/shift_blue_reg[0]/C
                         clock pessimism              0.080     0.999    
                         clock uncertainty            0.215     1.213    
    SLICE_X161Y138       FDRE (Hold_fdre_C_D)         0.091     1.304    datapath/video_inst/inst_dvid/shift_blue_reg[0]
  -------------------------------------------------------------------
                         required time                         -1.304    
                         arrival time                           1.509    
  -------------------------------------------------------------------
                         slack                                  0.205    

Slack (MET) :             0.212ns  (arrival time - required time)
  Source:                 datapath/video_inst/inst_dvid/latched_green_reg[0]/C
                            (rising edge-triggered cell FDRE clocked by clk_out1_clk_wiz_0  {rise@0.000ns fall@20.000ns period=40.000ns})
  Destination:            datapath/video_inst/inst_dvid/shift_green_reg[5]/D
                            (rising edge-triggered cell FDRE clocked by clk_out2_clk_wiz_0  {rise@0.000ns fall@4.000ns period=8.000ns})
  Path Group:             clk_out2_clk_wiz_0
  Path Type:              Hold (Min at Fast Process Corner)
  Requirement:            0.000ns  (clk_out2_clk_wiz_0 rise@0.000ns - clk_out1_clk_wiz_0 rise@0.000ns)
  Data Path Delay:        0.910ns  (logic 0.184ns (20.220%)  route 0.726ns (79.780%))
  Logic Levels:           1  (LUT3=1)
  Clock Path Skew:        0.352ns (DCD - SCD - CPR)
    Destination Clock Delay (DCD):    0.915ns
    Source Clock Delay      (SCD):    0.643ns
    Clock Pessimism Removal (CPR):    -0.080ns
  Clock Uncertainty:      0.215ns  ((TSJ^2 + DJ^2)^1/2) / 2 + PE
    Total System Jitter     (TSJ):    0.071ns
    Discrete Jitter          (DJ):    0.175ns
    Phase Error              (PE):    0.120ns

    Location             Delay type                Incr(ns)  Path(ns)    Netlist Resource(s)
  -------------------------------------------------------------------    -------------------
                         (clock clk_out1_clk_wiz_0 rise edge)
                                                      0.000     0.000 r  
    BUFGCTRL_X0Y2        BUFG                         0.000     0.000 r  clk_IBUF_BUFG_inst/O
                         net (fo=302, routed)         0.745     0.745    datapath/video_inst/mmcm_adv_inst_display_clocks/inst/clk_in1
    MMCME2_ADV_X1Y0      MMCME2_ADV (Prop_mmcme2_adv_CLKIN1_CLKOUT0)
                                                     -1.683    -0.938 r  datapath/video_inst/mmcm_adv_inst_display_clocks/inst/mmcm_adv_inst/CLKOUT0
                         net (fo=1, routed)           0.912    -0.026    datapath/video_inst/mmcm_adv_inst_display_clocks/inst/clk_out1_clk_wiz_0
    BUFGCTRL_X0Y4        BUFG (Prop_bufg_I_O)         0.026    -0.000 r  datapath/video_inst/mmcm_adv_inst_display_clocks/inst/clkout1_buf/O
                         net (fo=65, routed)          0.643     0.643    datapath/video_inst/inst_dvid/CLK
    SLICE_X157Y135       FDRE                                         r  datapath/video_inst/inst_dvid/latched_green_reg[0]/C
  -------------------------------------------------------------------    -------------------
    SLICE_X157Y135       FDRE (Prop_fdre_C_Q)         0.141     0.784 r  datapath/video_inst/inst_dvid/latched_green_reg[0]/Q
                         net (fo=5, routed)           0.726     1.510    datapath/video_inst/inst_dvid/latched_green[0]
    SLICE_X158Y135       LUT3 (Prop_lut3_I2_O)        0.043     1.553 r  datapath/video_inst/inst_dvid/shift_green[5]_i_1/O
                         net (fo=1, routed)           0.000     1.553    datapath/video_inst/inst_dvid/shift_green[5]
    SLICE_X158Y135       FDRE                                         r  datapath/video_inst/inst_dvid/shift_green_reg[5]/D
  -------------------------------------------------------------------    -------------------

                         (clock clk_out2_clk_wiz_0 rise edge)
                                                      0.000     0.000 r  
    BUFGCTRL_X0Y2        BUFG                         0.000     0.000 r  clk_IBUF_BUFG_inst/O
                         net (fo=302, routed)         1.022     1.022    datapath/video_inst/mmcm_adv_inst_display_clocks/inst/clk_in1
    MMCME2_ADV_X1Y0      MMCME2_ADV (Prop_mmcme2_adv_CLKIN1_CLKOUT1)
                                                     -2.040    -1.018 r  datapath/video_inst/mmcm_adv_inst_display_clocks/inst/mmcm_adv_inst/CLKOUT1
                         net (fo=1, routed)           0.989    -0.029    datapath/video_inst/mmcm_adv_inst_display_clocks/inst/clk_out2_clk_wiz_0
    BUFGCTRL_X0Y0        BUFG (Prop_bufg_I_O)         0.029    -0.000 r  datapath/video_inst/mmcm_adv_inst_display_clocks/inst/clkout2_buf/O
                         net (fo=44, routed)          0.915     0.915    datapath/video_inst/inst_dvid/clk_out2
    SLICE_X158Y135       FDRE                                         r  datapath/video_inst/inst_dvid/shift_green_reg[5]/C
                         clock pessimism              0.080     0.995    
                         clock uncertainty            0.215     1.209    
    SLICE_X158Y135       FDRE (Hold_fdre_C_D)         0.131     1.340    datapath/video_inst/inst_dvid/shift_green_reg[5]
  -------------------------------------------------------------------
                         required time                         -1.340    
                         arrival time                           1.553    
  -------------------------------------------------------------------
                         slack                                  0.212    





--------------------------------------------------------------------------------------
Path Group:  (none)
From Clock:  
  To Clock:  

Max Delay           858 Endpoints
Min Delay           858 Endpoints
--------------------------------------------------------------------------------------


Max Delay Paths
--------------------------------------------------------------------------------------
Slack:                    inf
  Source:                 switch[3]
                            (input port)
  Destination:            datapath/leftChannelMemory/bram/sdp_bl.ramb18_dp_bl.ram18_bl/ADDRBWRADDR[8]
  Path Group:             (none)
  Path Type:              Max at Slow Process Corner
  Data Path Delay:        10.699ns  (logic 1.193ns (11.147%)  route 9.506ns (88.853%))
  Logic Levels:           2  (IBUF=1 LUT2=1)

    Location             Delay type                Incr(ns)  Path(ns)    Netlist Resource(s)
  -------------------------------------------------------------------    -------------------
    G22                                               0.000     0.000 f  switch[3] (IN)
                         net (fo=0)                   0.000     0.000    switch[3]
    G22                  IBUF (Prop_ibuf_I_O)         1.069     1.069 f  switch_IBUF[3]_inst/O
                         net (fo=43, routed)          8.266     9.334    datapath/address_counter/switch_IBUF[0]
    SLICE_X151Y126       LUT2 (Prop_lut2_I1_O)        0.124     9.458 r  datapath/address_counter/sdp_bl.ramb18_dp_bl.ram18_bl_i_7__0/O
                         net (fo=2, routed)           1.241    10.699    datapath/leftChannelMemory/bram/ADDRBWRADDR[4]
    RAMB18_X8Y52         RAMB18E1                                     r  datapath/leftChannelMemory/bram/sdp_bl.ramb18_dp_bl.ram18_bl/ADDRBWRADDR[8]
  -------------------------------------------------------------------    -------------------

Slack:                    inf
  Source:                 switch[3]
                            (input port)
  Destination:            datapath/leftChannelMemory/bram/sdp_bl.ramb18_dp_bl.ram18_bl/ADDRBWRADDR[11]
  Path Group:             (none)
  Path Type:              Max at Slow Process Corner
  Data Path Delay:        10.686ns  (logic 1.222ns (11.432%)  route 9.465ns (88.568%))
  Logic Levels:           2  (IBUF=1 LUT2=1)

    Location             Delay type                Incr(ns)  Path(ns)    Netlist Resource(s)
  -------------------------------------------------------------------    -------------------
    G22                                               0.000     0.000 f  switch[3] (IN)
                         net (fo=0)                   0.000     0.000    switch[3]
    G22                  IBUF (Prop_ibuf_I_O)         1.069     1.069 f  switch_IBUF[3]_inst/O
                         net (fo=43, routed)          8.327     9.396    datapath/address_counter/switch_IBUF[0]
    SLICE_X150Y126       LUT2 (Prop_lut2_I1_O)        0.153     9.549 r  datapath/address_counter/sdp_bl.ramb18_dp_bl.ram18_bl_i_4__0/O
                         net (fo=2, routed)           1.137    10.686    datapath/leftChannelMemory/bram/ADDRBWRADDR[7]
    RAMB18_X8Y52         RAMB18E1                                     r  datapath/leftChannelMemory/bram/sdp_bl.ramb18_dp_bl.ram18_bl/ADDRBWRADDR[11]
  -------------------------------------------------------------------    -------------------

Slack:                    inf
  Source:                 btn[0]
                            (input port)
  Destination:            datapath/debouncer_UP/FSM_sequential_state_reg[2]/D
  Path Group:             (none)
  Path Type:              Max at Slow Process Corner
  Data Path Delay:        10.641ns  (logic 1.193ns (11.215%)  route 9.448ns (88.785%))
  Logic Levels:           2  (IBUF=1 LUT6=1)

    Location             Delay type                Incr(ns)  Path(ns)    Netlist Resource(s)
  -------------------------------------------------------------------    -------------------
    F15                                               0.000     0.000 f  btn[0] (IN)
                         net (fo=0)                   0.000     0.000    btn[0]
    F15                  IBUF (Prop_ibuf_I_O)         1.069     1.069 f  btn_IBUF[0]_inst/O
                         net (fo=3, routed)           9.448    10.517    datapath/debouncer_UP/delay_counter/btn_IBUF[0]
    SLICE_X144Y127       LUT6 (Prop_lut6_I3_O)        0.124    10.641 r  datapath/debouncer_UP/delay_counter/FSM_sequential_state[2]_i_2__2/O
                         net (fo=1, routed)           0.000    10.641    datapath/debouncer_UP/delay_counter_n_2
    SLICE_X144Y127       FDRE                                         r  datapath/debouncer_UP/FSM_sequential_state_reg[2]/D
  -------------------------------------------------------------------    -------------------

Slack:                    inf
  Source:                 switch[3]
                            (input port)
  Destination:            datapath/leftChannelMemory/bram/sdp_bl.ramb18_dp_bl.ram18_bl/ADDRBWRADDR[9]
  Path Group:             (none)
  Path Type:              Max at Slow Process Corner
  Data Path Delay:        10.616ns  (logic 1.193ns (11.234%)  route 9.423ns (88.766%))
  Logic Levels:           2  (IBUF=1 LUT2=1)

    Location             Delay type                Incr(ns)  Path(ns)    Netlist Resource(s)
  -------------------------------------------------------------------    -------------------
    G22                                               0.000     0.000 f  switch[3] (IN)
                         net (fo=0)                   0.000     0.000    switch[3]
    G22                  IBUF (Prop_ibuf_I_O)         1.069     1.069 f  switch_IBUF[3]_inst/O
                         net (fo=43, routed)          8.336     9.405    datapath/address_counter/switch_IBUF[0]
    SLICE_X150Y126       LUT2 (Prop_lut2_I1_O)        0.124     9.529 r  datapath/address_counter/sdp_bl.ramb18_dp_bl.ram18_bl_i_6__0/O
                         net (fo=2, routed)           1.087    10.616    datapath/leftChannelMemory/bram/ADDRBWRADDR[5]
    RAMB18_X8Y52         RAMB18E1                                     r  datapath/leftChannelMemory/bram/sdp_bl.ramb18_dp_bl.ram18_bl/ADDRBWRADDR[9]
  -------------------------------------------------------------------    -------------------

Slack:                    inf
  Source:                 switch[3]
                            (input port)
  Destination:            datapath/leftChannelMemory/bram/sdp_bl.ramb18_dp_bl.ram18_bl/ADDRBWRADDR[10]
  Path Group:             (none)
  Path Type:              Max at Slow Process Corner
  Data Path Delay:        10.578ns  (logic 1.223ns (11.558%)  route 9.356ns (88.442%))
  Logic Levels:           2  (IBUF=1 LUT2=1)

    Location             Delay type                Incr(ns)  Path(ns)    Netlist Resource(s)
  -------------------------------------------------------------------    -------------------
    G22                                               0.000     0.000 f  switch[3] (IN)
                         net (fo=0)                   0.000     0.000    switch[3]
    G22                  IBUF (Prop_ibuf_I_O)         1.069     1.069 f  switch_IBUF[3]_inst/O
                         net (fo=43, routed)          8.266     9.334    datapath/address_counter/switch_IBUF[0]
    SLICE_X151Y126       LUT2 (Prop_lut2_I1_O)        0.154     9.488 r  datapath/address_counter/sdp_bl.ramb18_dp_bl.ram18_bl_i_5__0/O
                         net (fo=2, routed)           1.090    10.578    datapath/leftChannelMemory/bram/ADDRBWRADDR[6]
    RAMB18_X8Y52         RAMB18E1                                     r  datapath/leftChannelMemory/bram/sdp_bl.ramb18_dp_bl.ram18_bl/ADDRBWRADDR[10]
  -------------------------------------------------------------------    -------------------

Slack:                    inf
  Source:                 switch[3]
                            (input port)
  Destination:            datapath/leftChannelMemory/bram/sdp_bl.ramb18_dp_bl.ram18_bl/ADDRBWRADDR[7]
  Path Group:             (none)
  Path Type:              Max at Slow Process Corner
  Data Path Delay:        10.462ns  (logic 1.193ns (11.400%)  route 9.269ns (88.600%))
  Logic Levels:           2  (IBUF=1 LUT2=1)

    Location             Delay type                Incr(ns)  Path(ns)    Netlist Resource(s)
  -------------------------------------------------------------------    -------------------
    G22                                               0.000     0.000 f  switch[3] (IN)
                         net (fo=0)                   0.000     0.000    switch[3]
    G22                  IBUF (Prop_ibuf_I_O)         1.069     1.069 f  switch_IBUF[3]_inst/O
                         net (fo=43, routed)          8.327     9.396    datapath/address_counter/switch_IBUF[0]
    SLICE_X150Y126       LUT2 (Prop_lut2_I1_O)        0.124     9.520 r  datapath/address_counter/sdp_bl.ramb18_dp_bl.ram18_bl_i_8__0/O
                         net (fo=2, routed)           0.942    10.462    datapath/leftChannelMemory/bram/ADDRBWRADDR[3]
    RAMB18_X8Y52         RAMB18E1                                     r  datapath/leftChannelMemory/bram/sdp_bl.ramb18_dp_bl.ram18_bl/ADDRBWRADDR[7]
  -------------------------------------------------------------------    -------------------

Slack:                    inf
  Source:                 switch[3]
                            (input port)
  Destination:            datapath/rightChannelMemory/bram/sdp_bl.ramb18_dp_bl.ram18_bl/ADDRBWRADDR[8]
  Path Group:             (none)
  Path Type:              Max at Slow Process Corner
  Data Path Delay:        10.361ns  (logic 1.193ns (11.511%)  route 9.168ns (88.489%))
  Logic Levels:           2  (IBUF=1 LUT2=1)

    Location             Delay type                Incr(ns)  Path(ns)    Netlist Resource(s)
  -------------------------------------------------------------------    -------------------
    G22                                               0.000     0.000 f  switch[3] (IN)
                         net (fo=0)                   0.000     0.000    switch[3]
    G22                  IBUF (Prop_ibuf_I_O)         1.069     1.069 f  switch_IBUF[3]_inst/O
                         net (fo=43, routed)          8.266     9.334    datapath/address_counter/switch_IBUF[0]
    SLICE_X151Y126       LUT2 (Prop_lut2_I1_O)        0.124     9.458 r  datapath/address_counter/sdp_bl.ramb18_dp_bl.ram18_bl_i_7__0/O
                         net (fo=2, routed)           0.903    10.361    datapath/rightChannelMemory/bram/ADDRBWRADDR[4]
    RAMB18_X8Y51         RAMB18E1                                     r  datapath/rightChannelMemory/bram/sdp_bl.ramb18_dp_bl.ram18_bl/ADDRBWRADDR[8]
  -------------------------------------------------------------------    -------------------

Slack:                    inf
  Source:                 switch[3]
                            (input port)
  Destination:            datapath/rightChannelMemory/bram/sdp_bl.ramb18_dp_bl.ram18_bl/ADDRBWRADDR[11]
  Path Group:             (none)
  Path Type:              Max at Slow Process Corner
  Data Path Delay:        10.348ns  (logic 1.222ns (11.805%)  route 9.127ns (88.195%))
  Logic Levels:           2  (IBUF=1 LUT2=1)

    Location             Delay type                Incr(ns)  Path(ns)    Netlist Resource(s)
  -------------------------------------------------------------------    -------------------
    G22                                               0.000     0.000 f  switch[3] (IN)
                         net (fo=0)                   0.000     0.000    switch[3]
    G22                  IBUF (Prop_ibuf_I_O)         1.069     1.069 f  switch_IBUF[3]_inst/O
                         net (fo=43, routed)          8.327     9.396    datapath/address_counter/switch_IBUF[0]
    SLICE_X150Y126       LUT2 (Prop_lut2_I1_O)        0.153     9.549 r  datapath/address_counter/sdp_bl.ramb18_dp_bl.ram18_bl_i_4__0/O
                         net (fo=2, routed)           0.799    10.348    datapath/rightChannelMemory/bram/ADDRBWRADDR[7]
    RAMB18_X8Y51         RAMB18E1                                     r  datapath/rightChannelMemory/bram/sdp_bl.ramb18_dp_bl.ram18_bl/ADDRBWRADDR[11]
  -------------------------------------------------------------------    -------------------

Slack:                    inf
  Source:                 switch[3]
                            (input port)
  Destination:            datapath/leftChannelMemory/bram/sdp_bl.ramb18_dp_bl.ram18_bl/DIBDI[11]
  Path Group:             (none)
  Path Type:              Max at Slow Process Corner
  Data Path Delay:        10.322ns  (logic 1.222ns (11.835%)  route 9.100ns (88.165%))
  Logic Levels:           2  (IBUF=1 LUT2=1)

    Location             Delay type                Incr(ns)  Path(ns)    Netlist Resource(s)
  -------------------------------------------------------------------    -------------------
    G22                                               0.000     0.000 f  switch[3] (IN)
                         net (fo=0)                   0.000     0.000    switch[3]
    G22                  IBUF (Prop_ibuf_I_O)         1.069     1.069 f  switch_IBUF[3]_inst/O
                         net (fo=43, routed)          8.612     9.680    datapath/leftChannelMemory/bram/switch_IBUF[0]
    SLICE_X154Y131       LUT2 (Prop_lut2_I1_O)        0.153     9.833 r  datapath/leftChannelMemory/bram/sdp_bl.ramb18_dp_bl.ram18_bl_i_16/O
                         net (fo=1, routed)           0.489    10.322    datapath/leftChannelMemory/bram/sdp_bl.ramb18_dp_bl.ram18_bl_i_16_n_0
    RAMB18_X8Y52         RAMB18E1                                     r  datapath/leftChannelMemory/bram/sdp_bl.ramb18_dp_bl.ram18_bl/DIBDI[11]
  -------------------------------------------------------------------    -------------------

Slack:                    inf
  Source:                 switch[3]
                            (input port)
  Destination:            datapath/leftChannelMemory/bram/sdp_bl.ramb18_dp_bl.ram18_bl/DIBDI[7]
  Path Group:             (none)
  Path Type:              Max at Slow Process Corner
  Data Path Delay:        10.298ns  (logic 1.225ns (11.892%)  route 9.073ns (88.108%))
  Logic Levels:           2  (IBUF=1 LUT2=1)

    Location             Delay type                Incr(ns)  Path(ns)    Netlist Resource(s)
  -------------------------------------------------------------------    -------------------
    G22                                               0.000     0.000 f  switch[3] (IN)
                         net (fo=0)                   0.000     0.000    switch[3]
    G22                  IBUF (Prop_ibuf_I_O)         1.069     1.069 f  switch_IBUF[3]_inst/O
                         net (fo=43, routed)          8.631     9.699    datapath/leftChannelMemory/bram/switch_IBUF[0]
    SLICE_X154Y131       LUT2 (Prop_lut2_I1_O)        0.156     9.855 r  datapath/leftChannelMemory/bram/sdp_bl.ramb18_dp_bl.ram18_bl_i_20/O
                         net (fo=1, routed)           0.442    10.298    datapath/leftChannelMemory/bram/sdp_bl.ramb18_dp_bl.ram18_bl_i_20_n_0
    RAMB18_X8Y52         RAMB18E1                                     r  datapath/leftChannelMemory/bram/sdp_bl.ramb18_dp_bl.ram18_bl/DIBDI[7]
  -------------------------------------------------------------------    -------------------





Min Delay Paths
--------------------------------------------------------------------------------------
Slack:                    inf
  Source:                 datapath/Audio_Codec/audio_inout/Data_In_int_reg[9]/C
                            (rising edge-triggered cell FDRE)
  Destination:            datapath/Audio_Codec/audio_inout/Data_In_int_reg[10]/D
  Path Group:             (none)
  Path Type:              Min at Fast Process Corner
  Data Path Delay:        0.182ns  (logic 0.128ns (70.172%)  route 0.054ns (29.828%))
  Logic Levels:           1  (FDRE=1)

    Location             Delay type                Incr(ns)  Path(ns)    Netlist Resource(s)
  -------------------------------------------------------------------    -------------------
    SLICE_X145Y132       FDRE                         0.000     0.000 r  datapath/Audio_Codec/audio_inout/Data_In_int_reg[9]/C
    SLICE_X145Y132       FDRE (Prop_fdre_C_Q)         0.128     0.128 r  datapath/Audio_Codec/audio_inout/Data_In_int_reg[9]/Q
                         net (fo=1, routed)           0.054     0.182    datapath/Audio_Codec/audio_inout/Data_In_int[9]
    SLICE_X145Y132       FDRE                                         r  datapath/Audio_Codec/audio_inout/Data_In_int_reg[10]/D
  -------------------------------------------------------------------    -------------------

Slack:                    inf
  Source:                 datapath/Audio_Codec/audio_inout/Data_In_int_reg[5]/C
                            (rising edge-triggered cell FDRE)
  Destination:            datapath/Audio_Codec/audio_inout/Data_In_int_reg[6]/D
  Path Group:             (none)
  Path Type:              Min at Fast Process Corner
  Data Path Delay:        0.268ns  (logic 0.148ns (55.273%)  route 0.120ns (44.727%))
  Logic Levels:           1  (FDRE=1)

    Location             Delay type                Incr(ns)  Path(ns)    Netlist Resource(s)
  -------------------------------------------------------------------    -------------------
    SLICE_X144Y132       FDRE                         0.000     0.000 r  datapath/Audio_Codec/audio_inout/Data_In_int_reg[5]/C
    SLICE_X144Y132       FDRE (Prop_fdre_C_Q)         0.148     0.148 r  datapath/Audio_Codec/audio_inout/Data_In_int_reg[5]/Q
                         net (fo=1, routed)           0.120     0.268    datapath/Audio_Codec/audio_inout/Data_In_int[5]
    SLICE_X145Y132       FDRE                                         r  datapath/Audio_Codec/audio_inout/Data_In_int_reg[6]/D
  -------------------------------------------------------------------    -------------------

Slack:                    inf
  Source:                 datapath/debouncer_UP/delay_counter/processQ_reg[0]/C
                            (rising edge-triggered cell FDRE)
  Destination:            datapath/debouncer_UP/delay_counter/processQ_reg[4]/D
  Path Group:             (none)
  Path Type:              Min at Fast Process Corner
  Data Path Delay:        0.273ns  (logic 0.186ns (68.080%)  route 0.087ns (31.920%))
  Logic Levels:           2  (FDRE=1 LUT6=1)

    Location             Delay type                Incr(ns)  Path(ns)    Netlist Resource(s)
  -------------------------------------------------------------------    -------------------
    SLICE_X145Y124       FDRE                         0.000     0.000 r  datapath/debouncer_UP/delay_counter/processQ_reg[0]/C
    SLICE_X145Y124       FDRE (Prop_fdre_C_Q)         0.141     0.141 r  datapath/debouncer_UP/delay_counter/processQ_reg[0]/Q
                         net (fo=8, routed)           0.087     0.228    datapath/debouncer_UP/delay_counter/processQ_reg_n_0_[0]
    SLICE_X144Y124       LUT6 (Prop_lut6_I3_O)        0.045     0.273 r  datapath/debouncer_UP/delay_counter/processQ[4]_i_1/O
                         net (fo=1, routed)           0.000     0.273    datapath/debouncer_UP/delay_counter/processQ[4]
    SLICE_X144Y124       FDRE                                         r  datapath/debouncer_UP/delay_counter/processQ_reg[4]/D
  -------------------------------------------------------------------    -------------------

Slack:                    inf
  Source:                 datapath/Audio_Codec/audio_inout/Data_In_int_reg[3]/C
                            (rising edge-triggered cell FDRE)
  Destination:            datapath/Audio_Codec/audio_inout/Data_In_int_reg[4]/D
  Path Group:             (none)
  Path Type:              Min at Fast Process Corner
  Data Path Delay:        0.276ns  (logic 0.164ns (59.419%)  route 0.112ns (40.581%))
  Logic Levels:           1  (FDRE=1)

    Location             Delay type                Incr(ns)  Path(ns)    Netlist Resource(s)
  -------------------------------------------------------------------    -------------------
    SLICE_X144Y132       FDRE                         0.000     0.000 r  datapath/Audio_Codec/audio_inout/Data_In_int_reg[3]/C
    SLICE_X144Y132       FDRE (Prop_fdre_C_Q)         0.164     0.164 r  datapath/Audio_Codec/audio_inout/Data_In_int_reg[3]/Q
                         net (fo=1, routed)           0.112     0.276    datapath/Audio_Codec/audio_inout/Data_In_int[3]
    SLICE_X144Y132       FDRE                                         r  datapath/Audio_Codec/audio_inout/Data_In_int_reg[4]/D
  -------------------------------------------------------------------    -------------------

Slack:                    inf
  Source:                 datapath/Audio_Codec/audio_inout/Data_In_int_reg[26]/C
                            (rising edge-triggered cell FDRE)
  Destination:            datapath/Audio_Codec/audio_inout/Data_In_int_reg[27]/D
  Path Group:             (none)
  Path Type:              Min at Fast Process Corner
  Data Path Delay:        0.277ns  (logic 0.148ns (53.424%)  route 0.129ns (46.576%))
  Logic Levels:           1  (FDRE=1)

    Location             Delay type                Incr(ns)  Path(ns)    Netlist Resource(s)
  -------------------------------------------------------------------    -------------------
    SLICE_X146Y126       FDRE                         0.000     0.000 r  datapath/Audio_Codec/audio_inout/Data_In_int_reg[26]/C
    SLICE_X146Y126       FDRE (Prop_fdre_C_Q)         0.148     0.148 r  datapath/Audio_Codec/audio_inout/Data_In_int_reg[26]/Q
                         net (fo=3, routed)           0.129     0.277    datapath/Audio_Codec/audio_inout/Data_In_int[26]
    SLICE_X146Y126       FDRE                                         r  datapath/Audio_Codec/audio_inout/Data_In_int_reg[27]/D
  -------------------------------------------------------------------    -------------------

Slack:                    inf
  Source:                 datapath/Audio_Codec/audio_inout/Data_In_int_reg[15]/C
                            (rising edge-triggered cell FDRE)
  Destination:            datapath/Audio_Codec/audio_inout/D_R_O_int_reg[7]/D
  Path Group:             (none)
  Path Type:              Min at Fast Process Corner
  Data Path Delay:        0.283ns  (logic 0.148ns (52.307%)  route 0.135ns (47.693%))
  Logic Levels:           1  (FDRE=1)

    Location             Delay type                Incr(ns)  Path(ns)    Netlist Resource(s)
  -------------------------------------------------------------------    -------------------
    SLICE_X144Y129       FDRE                         0.000     0.000 r  datapath/Audio_Codec/audio_inout/Data_In_int_reg[15]/C
    SLICE_X144Y129       FDRE (Prop_fdre_C_Q)         0.148     0.148 r  datapath/Audio_Codec/audio_inout/Data_In_int_reg[15]/Q
                         net (fo=3, routed)           0.135     0.283    datapath/Audio_Codec/audio_inout/Data_In_int[15]
    SLICE_X147Y130       FDRE                                         r  datapath/Audio_Codec/audio_inout/D_R_O_int_reg[7]/D
  -------------------------------------------------------------------    -------------------

Slack:                    inf
  Source:                 datapath/Audio_Codec/audio_inout/Data_In_int_reg[30]/C
                            (rising edge-triggered cell FDRE)
  Destination:            datapath/Audio_Codec/audio_inout/Data_In_int_reg[31]/D
  Path Group:             (none)
  Path Type:              Min at Fast Process Corner
  Data Path Delay:        0.287ns  (logic 0.148ns (51.576%)  route 0.139ns (48.424%))
  Logic Levels:           1  (FDRE=1)

    Location             Delay type                Incr(ns)  Path(ns)    Netlist Resource(s)
  -------------------------------------------------------------------    -------------------
    SLICE_X144Y128       FDRE                         0.000     0.000 r  datapath/Audio_Codec/audio_inout/Data_In_int_reg[30]/C
    SLICE_X144Y128       FDRE (Prop_fdre_C_Q)         0.148     0.148 r  datapath/Audio_Codec/audio_inout/Data_In_int_reg[30]/Q
                         net (fo=3, routed)           0.139     0.287    datapath/Audio_Codec/audio_inout/Data_In_int[30]
    SLICE_X144Y128       FDRE                                         r  datapath/Audio_Codec/audio_inout/Data_In_int_reg[31]/D
  -------------------------------------------------------------------    -------------------

Slack:                    inf
  Source:                 datapath/Audio_Codec/audio_inout/Data_In_int_reg[16]/C
                            (rising edge-triggered cell FDRE)
  Destination:            datapath/Audio_Codec/audio_inout/D_L_O_int_reg[8]/D
  Path Group:             (none)
  Path Type:              Min at Fast Process Corner
  Data Path Delay:        0.287ns  (logic 0.164ns (57.117%)  route 0.123ns (42.883%))
  Logic Levels:           1  (FDRE=1)

    Location             Delay type                Incr(ns)  Path(ns)    Netlist Resource(s)
  -------------------------------------------------------------------    -------------------
    SLICE_X144Y128       FDRE                         0.000     0.000 r  datapath/Audio_Codec/audio_inout/Data_In_int_reg[16]/C
    SLICE_X144Y128       FDRE (Prop_fdre_C_Q)         0.164     0.164 r  datapath/Audio_Codec/audio_inout/Data_In_int_reg[16]/Q
                         net (fo=3, routed)           0.123     0.287    datapath/Audio_Codec/audio_inout/Data_In_int[16]
    SLICE_X146Y127       FDRE                                         r  datapath/Audio_Codec/audio_inout/D_L_O_int_reg[8]/D
  -------------------------------------------------------------------    -------------------

Slack:                    inf
  Source:                 datapath/Audio_Codec/audio_inout/Data_In_int_reg[21]/C
                            (rising edge-triggered cell FDRE)
  Destination:            datapath/Audio_Codec/audio_inout/Data_In_int_reg[22]/D
  Path Group:             (none)
  Path Type:              Min at Fast Process Corner
  Data Path Delay:        0.289ns  (logic 0.164ns (56.843%)  route 0.125ns (43.157%))
  Logic Levels:           1  (FDRE=1)

    Location             Delay type                Incr(ns)  Path(ns)    Netlist Resource(s)
  -------------------------------------------------------------------    -------------------
    SLICE_X144Y128       FDRE                         0.000     0.000 r  datapath/Audio_Codec/audio_inout/Data_In_int_reg[21]/C
    SLICE_X144Y128       FDRE (Prop_fdre_C_Q)         0.164     0.164 r  datapath/Audio_Codec/audio_inout/Data_In_int_reg[21]/Q
                         net (fo=3, routed)           0.125     0.289    datapath/Audio_Codec/audio_inout/Data_In_int[21]
    SLICE_X144Y128       FDRE                                         r  datapath/Audio_Codec/audio_inout/Data_In_int_reg[22]/D
  -------------------------------------------------------------------    -------------------

Slack:                    inf
  Source:                 datapath/Audio_Codec/audio_inout/Data_In_int_reg[23]/C
                            (rising edge-triggered cell FDRE)
  Destination:            datapath/Audio_Codec/audio_inout/D_R_O_int_reg[15]/D
  Path Group:             (none)
  Path Type:              Min at Fast Process Corner
  Data Path Delay:        0.289ns  (logic 0.164ns (56.718%)  route 0.125ns (43.282%))
  Logic Levels:           1  (FDRE=1)

    Location             Delay type                Incr(ns)  Path(ns)    Netlist Resource(s)
  -------------------------------------------------------------------    -------------------
    SLICE_X146Y126       FDRE                         0.000     0.000 r  datapath/Audio_Codec/audio_inout/Data_In_int_reg[23]/C
    SLICE_X146Y126       FDRE (Prop_fdre_C_Q)         0.164     0.164 r  datapath/Audio_Codec/audio_inout/Data_In_int_reg[23]/Q
                         net (fo=3, routed)           0.125     0.289    datapath/Audio_Codec/audio_inout/Data_In_int[23]
    SLICE_X149Y126       FDRE                                         r  datapath/Audio_Codec/audio_inout/D_R_O_int_reg[15]/D
  -------------------------------------------------------------------    -------------------





--------------------------------------------------------------------------------------
Path Group:  (none)
From Clock:  clk_out1_clk_wiz_0
  To Clock:  

Max Delay            22 Endpoints
Min Delay            22 Endpoints
--------------------------------------------------------------------------------------


Max Delay Paths
--------------------------------------------------------------------------------------
Slack:                    inf
  Source:                 datapath/video_inst/Inst_vga/vga_sig_gen/v_counter/w_processQ_reg[6]/C
                            (rising edge-triggered cell FDRE clocked by clk_out1_clk_wiz_0  {rise@0.000ns fall@20.000ns period=40.000ns})
  Destination:            datapath/ch2_reg[active]/D
  Path Group:             (none)
  Path Type:              Max at Slow Process Corner
  Data Path Delay:        4.075ns  (logic 1.164ns (28.565%)  route 2.911ns (71.435%))
  Logic Levels:           3  (CARRY4=1 LUT6=2)
  Clock Uncertainty:      0.190ns  ((TSJ^2 + DJ^2)^1/2) / 2 + PE
    Total System Jitter     (TSJ):    0.050ns
    Discrete Jitter          (DJ):    0.175ns
    Phase Error              (PE):    0.099ns

    Location             Delay type                Incr(ns)  Path(ns)    Netlist Resource(s)
  -------------------------------------------------------------------    -------------------
                         (clock clk_out1_clk_wiz_0 rise edge)
                                                      0.000     0.000 r  
    BUFGCTRL_X0Y2        BUFG                         0.000     0.000 r  clk_IBUF_BUFG_inst/O
                         net (fo=302, routed)         2.106     2.106    datapath/video_inst/mmcm_adv_inst_display_clocks/inst/clk_in1
    MMCME2_ADV_X1Y0      MMCME2_ADV (Prop_mmcme2_adv_CLKIN1_CLKOUT0)
                                                     -4.900    -2.793 r  datapath/video_inst/mmcm_adv_inst_display_clocks/inst/mmcm_adv_inst/CLKOUT0
                         net (fo=1, routed)           2.697    -0.096    datapath/video_inst/mmcm_adv_inst_display_clocks/inst/clk_out1_clk_wiz_0
    BUFGCTRL_X0Y4        BUFG (Prop_bufg_I_O)         0.096    -0.000 r  datapath/video_inst/mmcm_adv_inst_display_clocks/inst/clkout1_buf/O
                         net (fo=65, routed)          1.745     1.745    datapath/video_inst/Inst_vga/vga_sig_gen/v_counter/CLK
    SLICE_X150Y131       FDRE                                         r  datapath/video_inst/Inst_vga/vga_sig_gen/v_counter/w_processQ_reg[6]/C
  -------------------------------------------------------------------    -------------------
    SLICE_X150Y131       FDRE (Prop_fdre_C_Q)         0.518     2.263 r  datapath/video_inst/Inst_vga/vga_sig_gen/v_counter/w_processQ_reg[6]/Q
                         net (fo=40, routed)          2.056     4.319    datapath/rightChannelMemory/bram/position[row][3]
    SLICE_X154Y128       LUT6 (Prop_lut6_I5_O)        0.124     4.443 r  datapath/rightChannelMemory/bram/ch2_reg[active]_i_7/O
                         net (fo=1, routed)           0.855     5.298    datapath/rightChannelMemory/bram/ch2_reg[active]_i_7_n_0
    SLICE_X155Y128       LUT6 (Prop_lut6_I0_O)        0.124     5.422 r  datapath/rightChannelMemory/bram/ch2_reg[active]_i_3/O
                         net (fo=1, routed)           0.000     5.422    datapath/rightChannelMemory/bram/ch2_reg[active]_i_3_n_0
    SLICE_X155Y128       CARRY4 (Prop_carry4_S[2]_CO[3])
                                                      0.398     5.820 r  datapath/rightChannelMemory/bram/ch2_reg[active]_i_1/CO[3]
                         net (fo=2, routed)           0.000     5.820    datapath/ch2_reg[active]0
    SLICE_X155Y128       LDCE                                         r  datapath/ch2_reg[active]/D
  -------------------------------------------------------------------    -------------------

Slack:                    inf
  Source:                 datapath/video_inst/Inst_vga/vga_sig_gen/v_counter/w_processQ_reg[4]/C
                            (rising edge-triggered cell FDRE clocked by clk_out1_clk_wiz_0  {rise@0.000ns fall@20.000ns period=40.000ns})
  Destination:            datapath/ch1_reg[active]/D
  Path Group:             (none)
  Path Type:              Max at Slow Process Corner
  Data Path Delay:        3.874ns  (logic 1.316ns (33.974%)  route 2.558ns (66.026%))
  Logic Levels:           3  (CARRY4=1 LUT4=1 LUT6=1)
  Clock Uncertainty:      0.190ns  ((TSJ^2 + DJ^2)^1/2) / 2 + PE
    Total System Jitter     (TSJ):    0.050ns
    Discrete Jitter          (DJ):    0.175ns
    Phase Error              (PE):    0.099ns

    Location             Delay type                Incr(ns)  Path(ns)    Netlist Resource(s)
  -------------------------------------------------------------------    -------------------
                         (clock clk_out1_clk_wiz_0 rise edge)
                                                      0.000     0.000 r  
    BUFGCTRL_X0Y2        BUFG                         0.000     0.000 r  clk_IBUF_BUFG_inst/O
                         net (fo=302, routed)         2.106     2.106    datapath/video_inst/mmcm_adv_inst_display_clocks/inst/clk_in1
    MMCME2_ADV_X1Y0      MMCME2_ADV (Prop_mmcme2_adv_CLKIN1_CLKOUT0)
                                                     -4.900    -2.793 r  datapath/video_inst/mmcm_adv_inst_display_clocks/inst/mmcm_adv_inst/CLKOUT0
                         net (fo=1, routed)           2.697    -0.096    datapath/video_inst/mmcm_adv_inst_display_clocks/inst/clk_out1_clk_wiz_0
    BUFGCTRL_X0Y4        BUFG (Prop_bufg_I_O)         0.096    -0.000 r  datapath/video_inst/mmcm_adv_inst_display_clocks/inst/clkout1_buf/O
                         net (fo=65, routed)          1.744     1.744    datapath/video_inst/Inst_vga/vga_sig_gen/v_counter/CLK
    SLICE_X152Y130       FDRE                                         r  datapath/video_inst/Inst_vga/vga_sig_gen/v_counter/w_processQ_reg[4]/C
  -------------------------------------------------------------------    -------------------
    SLICE_X152Y130       FDRE (Prop_fdre_C_Q)         0.518     2.262 r  datapath/video_inst/Inst_vga/vga_sig_gen/v_counter/w_processQ_reg[4]/Q
                         net (fo=40, routed)          1.758     4.020    datapath/leftChannelMemory/bram/position[row][1]
    SLICE_X158Y131       LUT6 (Prop_lut6_I0_O)        0.124     4.144 r  datapath/leftChannelMemory/bram/ch1_reg[active]_i_9/O
                         net (fo=1, routed)           0.800     4.944    datapath/leftChannelMemory/bram/ch1_reg[active]_i_9_n_0
    SLICE_X156Y131       LUT4 (Prop_lut4_I3_O)        0.124     5.068 r  datapath/leftChannelMemory/bram/ch1_reg[active]_i_4/O
                         net (fo=1, routed)           0.000     5.068    datapath/leftChannelMemory/bram/ch1_reg[active]_i_4_n_0
    SLICE_X156Y131       CARRY4 (Prop_carry4_S[1]_CO[3])
                                                      0.550     5.618 r  datapath/leftChannelMemory/bram/ch1_reg[active]_i_1/CO[3]
                         net (fo=2, routed)           0.000     5.618    datapath/ch1_reg[active]0
    SLICE_X156Y131       LDCE                                         r  datapath/ch1_reg[active]/D
  -------------------------------------------------------------------    -------------------

Slack:                    inf
  Source:                 datapath/video_inst/Inst_vga/vga_sig_gen/h_counter/w_processQ_reg[2]/C
                            (rising edge-triggered cell FDRE clocked by clk_out1_clk_wiz_0  {rise@0.000ns fall@20.000ns period=40.000ns})
  Destination:            datapath/rightChannelMemory/bram/sdp_bl.ramb18_dp_bl.ram18_bl/ADDRARDADDR[6]
  Path Group:             (none)
  Path Type:              Max at Slow Process Corner
  Data Path Delay:        2.930ns  (logic 0.419ns (14.301%)  route 2.511ns (85.699%))
  Logic Levels:           0  
  Clock Uncertainty:      0.190ns  ((TSJ^2 + DJ^2)^1/2) / 2 + PE
    Total System Jitter     (TSJ):    0.050ns
    Discrete Jitter          (DJ):    0.175ns
    Phase Error              (PE):    0.099ns

    Location             Delay type                Incr(ns)  Path(ns)    Netlist Resource(s)
  -------------------------------------------------------------------    -------------------
                         (clock clk_out1_clk_wiz_0 rise edge)
                                                      0.000     0.000 r  
    BUFGCTRL_X0Y2        BUFG                         0.000     0.000 r  clk_IBUF_BUFG_inst/O
                         net (fo=302, routed)         2.106     2.106    datapath/video_inst/mmcm_adv_inst_display_clocks/inst/clk_in1
    MMCME2_ADV_X1Y0      MMCME2_ADV (Prop_mmcme2_adv_CLKIN1_CLKOUT0)
                                                     -4.900    -2.793 r  datapath/video_inst/mmcm_adv_inst_display_clocks/inst/mmcm_adv_inst/CLKOUT0
                         net (fo=1, routed)           2.697    -0.096    datapath/video_inst/mmcm_adv_inst_display_clocks/inst/clk_out1_clk_wiz_0
    BUFGCTRL_X0Y4        BUFG (Prop_bufg_I_O)         0.096    -0.000 r  datapath/video_inst/mmcm_adv_inst_display_clocks/inst/clkout1_buf/O
                         net (fo=65, routed)          1.745     1.745    datapath/video_inst/Inst_vga/vga_sig_gen/h_counter/CLK
    SLICE_X149Y131       FDRE                                         r  datapath/video_inst/Inst_vga/vga_sig_gen/h_counter/w_processQ_reg[2]/C
  -------------------------------------------------------------------    -------------------
    SLICE_X149Y131       FDRE (Prop_fdre_C_Q)         0.419     2.164 r  datapath/video_inst/Inst_vga/vga_sig_gen/h_counter/w_processQ_reg[2]/Q
                         net (fo=49, routed)          2.511     4.675    datapath/rightChannelMemory/bram/position[col][2]
    RAMB18_X8Y51         RAMB18E1                                     r  datapath/rightChannelMemory/bram/sdp_bl.ramb18_dp_bl.ram18_bl/ADDRARDADDR[6]
  -------------------------------------------------------------------    -------------------

Slack:                    inf
  Source:                 datapath/video_inst/Inst_vga/vga_sig_gen/h_counter/w_processQ_reg[3]/C
                            (rising edge-triggered cell FDRE clocked by clk_out1_clk_wiz_0  {rise@0.000ns fall@20.000ns period=40.000ns})
  Destination:            datapath/rightChannelMemory/bram/sdp_bl.ramb18_dp_bl.ram18_bl/ADDRARDADDR[7]
  Path Group:             (none)
  Path Type:              Max at Slow Process Corner
  Data Path Delay:        2.759ns  (logic 0.456ns (16.525%)  route 2.303ns (83.475%))
  Logic Levels:           0  
  Clock Uncertainty:      0.190ns  ((TSJ^2 + DJ^2)^1/2) / 2 + PE
    Total System Jitter     (TSJ):    0.050ns
    Discrete Jitter          (DJ):    0.175ns
    Phase Error              (PE):    0.099ns

    Location             Delay type                Incr(ns)  Path(ns)    Netlist Resource(s)
  -------------------------------------------------------------------    -------------------
                         (clock clk_out1_clk_wiz_0 rise edge)
                                                      0.000     0.000 r  
    BUFGCTRL_X0Y2        BUFG                         0.000     0.000 r  clk_IBUF_BUFG_inst/O
                         net (fo=302, routed)         2.106     2.106    datapath/video_inst/mmcm_adv_inst_display_clocks/inst/clk_in1
    MMCME2_ADV_X1Y0      MMCME2_ADV (Prop_mmcme2_adv_CLKIN1_CLKOUT0)
                                                     -4.900    -2.793 r  datapath/video_inst/mmcm_adv_inst_display_clocks/inst/mmcm_adv_inst/CLKOUT0
                         net (fo=1, routed)           2.697    -0.096    datapath/video_inst/mmcm_adv_inst_display_clocks/inst/clk_out1_clk_wiz_0
    BUFGCTRL_X0Y4        BUFG (Prop_bufg_I_O)         0.096    -0.000 r  datapath/video_inst/mmcm_adv_inst_display_clocks/inst/clkout1_buf/O
                         net (fo=65, routed)          1.745     1.745    datapath/video_inst/Inst_vga/vga_sig_gen/h_counter/CLK
    SLICE_X149Y131       FDRE                                         r  datapath/video_inst/Inst_vga/vga_sig_gen/h_counter/w_processQ_reg[3]/C
  -------------------------------------------------------------------    -------------------
    SLICE_X149Y131       FDRE (Prop_fdre_C_Q)         0.456     2.201 r  datapath/video_inst/Inst_vga/vga_sig_gen/h_counter/w_processQ_reg[3]/Q
                         net (fo=44, routed)          2.303     4.505    datapath/rightChannelMemory/bram/position[col][3]
    RAMB18_X8Y51         RAMB18E1                                     r  datapath/rightChannelMemory/bram/sdp_bl.ramb18_dp_bl.ram18_bl/ADDRARDADDR[7]
  -------------------------------------------------------------------    -------------------

Slack:                    inf
  Source:                 datapath/video_inst/Inst_vga/vga_sig_gen/h_counter/w_processQ_reg[2]/C
                            (rising edge-triggered cell FDRE clocked by clk_out1_clk_wiz_0  {rise@0.000ns fall@20.000ns period=40.000ns})
  Destination:            datapath/leftChannelMemory/bram/sdp_bl.ramb18_dp_bl.ram18_bl/ADDRARDADDR[6]
  Path Group:             (none)
  Path Type:              Max at Slow Process Corner
  Data Path Delay:        2.592ns  (logic 0.419ns (16.166%)  route 2.173ns (83.834%))
  Logic Levels:           0  
  Clock Uncertainty:      0.190ns  ((TSJ^2 + DJ^2)^1/2) / 2 + PE
    Total System Jitter     (TSJ):    0.050ns
    Discrete Jitter          (DJ):    0.175ns
    Phase Error              (PE):    0.099ns

    Location             Delay type                Incr(ns)  Path(ns)    Netlist Resource(s)
  -------------------------------------------------------------------    -------------------
                         (clock clk_out1_clk_wiz_0 rise edge)
                                                      0.000     0.000 r  
    BUFGCTRL_X0Y2        BUFG                         0.000     0.000 r  clk_IBUF_BUFG_inst/O
                         net (fo=302, routed)         2.106     2.106    datapath/video_inst/mmcm_adv_inst_display_clocks/inst/clk_in1
    MMCME2_ADV_X1Y0      MMCME2_ADV (Prop_mmcme2_adv_CLKIN1_CLKOUT0)
                                                     -4.900    -2.793 r  datapath/video_inst/mmcm_adv_inst_display_clocks/inst/mmcm_adv_inst/CLKOUT0
                         net (fo=1, routed)           2.697    -0.096    datapath/video_inst/mmcm_adv_inst_display_clocks/inst/clk_out1_clk_wiz_0
    BUFGCTRL_X0Y4        BUFG (Prop_bufg_I_O)         0.096    -0.000 r  datapath/video_inst/mmcm_adv_inst_display_clocks/inst/clkout1_buf/O
                         net (fo=65, routed)          1.745     1.745    datapath/video_inst/Inst_vga/vga_sig_gen/h_counter/CLK
    SLICE_X149Y131       FDRE                                         r  datapath/video_inst/Inst_vga/vga_sig_gen/h_counter/w_processQ_reg[2]/C
  -------------------------------------------------------------------    -------------------
    SLICE_X149Y131       FDRE (Prop_fdre_C_Q)         0.419     2.164 r  datapath/video_inst/Inst_vga/vga_sig_gen/h_counter/w_processQ_reg[2]/Q
                         net (fo=49, routed)          2.173     4.337    datapath/leftChannelMemory/bram/position[col][2]
    RAMB18_X8Y52         RAMB18E1                                     r  datapath/leftChannelMemory/bram/sdp_bl.ramb18_dp_bl.ram18_bl/ADDRARDADDR[6]
  -------------------------------------------------------------------    -------------------

Slack:                    inf
  Source:                 datapath/video_inst/Inst_vga/vga_sig_gen/h_counter/w_processQ_reg[3]/C
                            (rising edge-triggered cell FDRE clocked by clk_out1_clk_wiz_0  {rise@0.000ns fall@20.000ns period=40.000ns})
  Destination:            datapath/leftChannelMemory/bram/sdp_bl.ramb18_dp_bl.ram18_bl/ADDRARDADDR[7]
  Path Group:             (none)
  Path Type:              Max at Slow Process Corner
  Data Path Delay:        2.421ns  (logic 0.456ns (18.831%)  route 1.965ns (81.169%))
  Logic Levels:           0  
  Clock Uncertainty:      0.190ns  ((TSJ^2 + DJ^2)^1/2) / 2 + PE
    Total System Jitter     (TSJ):    0.050ns
    Discrete Jitter          (DJ):    0.175ns
    Phase Error              (PE):    0.099ns

    Location             Delay type                Incr(ns)  Path(ns)    Netlist Resource(s)
  -------------------------------------------------------------------    -------------------
                         (clock clk_out1_clk_wiz_0 rise edge)
                                                      0.000     0.000 r  
    BUFGCTRL_X0Y2        BUFG                         0.000     0.000 r  clk_IBUF_BUFG_inst/O
                         net (fo=302, routed)         2.106     2.106    datapath/video_inst/mmcm_adv_inst_display_clocks/inst/clk_in1
    MMCME2_ADV_X1Y0      MMCME2_ADV (Prop_mmcme2_adv_CLKIN1_CLKOUT0)
                                                     -4.900    -2.793 r  datapath/video_inst/mmcm_adv_inst_display_clocks/inst/mmcm_adv_inst/CLKOUT0
                         net (fo=1, routed)           2.697    -0.096    datapath/video_inst/mmcm_adv_inst_display_clocks/inst/clk_out1_clk_wiz_0
    BUFGCTRL_X0Y4        BUFG (Prop_bufg_I_O)         0.096    -0.000 r  datapath/video_inst/mmcm_adv_inst_display_clocks/inst/clkout1_buf/O
                         net (fo=65, routed)          1.745     1.745    datapath/video_inst/Inst_vga/vga_sig_gen/h_counter/CLK
    SLICE_X149Y131       FDRE                                         r  datapath/video_inst/Inst_vga/vga_sig_gen/h_counter/w_processQ_reg[3]/C
  -------------------------------------------------------------------    -------------------
    SLICE_X149Y131       FDRE (Prop_fdre_C_Q)         0.456     2.201 r  datapath/video_inst/Inst_vga/vga_sig_gen/h_counter/w_processQ_reg[3]/Q
                         net (fo=44, routed)          1.965     4.167    datapath/leftChannelMemory/bram/position[col][3]
    RAMB18_X8Y52         RAMB18E1                                     r  datapath/leftChannelMemory/bram/sdp_bl.ramb18_dp_bl.ram18_bl/ADDRARDADDR[7]
  -------------------------------------------------------------------    -------------------

Slack:                    inf
  Source:                 datapath/video_inst/Inst_vga/vga_sig_gen/h_counter/w_processQ_reg[1]/C
                            (rising edge-triggered cell FDRE clocked by clk_out1_clk_wiz_0  {rise@0.000ns fall@20.000ns period=40.000ns})
  Destination:            datapath/rightChannelMemory/bram/sdp_bl.ramb18_dp_bl.ram18_bl/ADDRARDADDR[5]
  Path Group:             (none)
  Path Type:              Max at Slow Process Corner
  Data Path Delay:        2.415ns  (logic 0.456ns (18.881%)  route 1.959ns (81.119%))
  Logic Levels:           0  
  Clock Uncertainty:      0.190ns  ((TSJ^2 + DJ^2)^1/2) / 2 + PE
    Total System Jitter     (TSJ):    0.050ns
    Discrete Jitter          (DJ):    0.175ns
    Phase Error              (PE):    0.099ns

    Location             Delay type                Incr(ns)  Path(ns)    Netlist Resource(s)
  -------------------------------------------------------------------    -------------------
                         (clock clk_out1_clk_wiz_0 rise edge)
                                                      0.000     0.000 r  
    BUFGCTRL_X0Y2        BUFG                         0.000     0.000 r  clk_IBUF_BUFG_inst/O
                         net (fo=302, routed)         2.106     2.106    datapath/video_inst/mmcm_adv_inst_display_clocks/inst/clk_in1
    MMCME2_ADV_X1Y0      MMCME2_ADV (Prop_mmcme2_adv_CLKIN1_CLKOUT0)
                                                     -4.900    -2.793 r  datapath/video_inst/mmcm_adv_inst_display_clocks/inst/mmcm_adv_inst/CLKOUT0
                         net (fo=1, routed)           2.697    -0.096    datapath/video_inst/mmcm_adv_inst_display_clocks/inst/clk_out1_clk_wiz_0
    BUFGCTRL_X0Y4        BUFG (Prop_bufg_I_O)         0.096    -0.000 r  datapath/video_inst/mmcm_adv_inst_display_clocks/inst/clkout1_buf/O
                         net (fo=65, routed)          1.745     1.745    datapath/video_inst/Inst_vga/vga_sig_gen/h_counter/CLK
    SLICE_X149Y131       FDRE                                         r  datapath/video_inst/Inst_vga/vga_sig_gen/h_counter/w_processQ_reg[1]/C
  -------------------------------------------------------------------    -------------------
    SLICE_X149Y131       FDRE (Prop_fdre_C_Q)         0.456     2.201 r  datapath/video_inst/Inst_vga/vga_sig_gen/h_counter/w_processQ_reg[1]/Q
                         net (fo=42, routed)          1.959     4.161    datapath/rightChannelMemory/bram/position[col][1]
    RAMB18_X8Y51         RAMB18E1                                     r  datapath/rightChannelMemory/bram/sdp_bl.ramb18_dp_bl.ram18_bl/ADDRARDADDR[5]
  -------------------------------------------------------------------    -------------------

Slack:                    inf
  Source:                 datapath/video_inst/Inst_vga/vga_sig_gen/h_counter/w_processQ_reg[9]/C
                            (rising edge-triggered cell FDRE clocked by clk_out1_clk_wiz_0  {rise@0.000ns fall@20.000ns period=40.000ns})
  Destination:            datapath/rightChannelMemory/bram/sdp_bl.ramb18_dp_bl.ram18_bl/ADDRARDADDR[13]
  Path Group:             (none)
  Path Type:              Max at Slow Process Corner
  Data Path Delay:        2.328ns  (logic 0.456ns (19.589%)  route 1.872ns (80.411%))
  Logic Levels:           0  
  Clock Uncertainty:      0.190ns  ((TSJ^2 + DJ^2)^1/2) / 2 + PE
    Total System Jitter     (TSJ):    0.050ns
    Discrete Jitter          (DJ):    0.175ns
    Phase Error              (PE):    0.099ns

    Location             Delay type                Incr(ns)  Path(ns)    Netlist Resource(s)
  -------------------------------------------------------------------    -------------------
                         (clock clk_out1_clk_wiz_0 rise edge)
                                                      0.000     0.000 r  
    BUFGCTRL_X0Y2        BUFG                         0.000     0.000 r  clk_IBUF_BUFG_inst/O
                         net (fo=302, routed)         2.106     2.106    datapath/video_inst/mmcm_adv_inst_display_clocks/inst/clk_in1
    MMCME2_ADV_X1Y0      MMCME2_ADV (Prop_mmcme2_adv_CLKIN1_CLKOUT0)
                                                     -4.900    -2.793 r  datapath/video_inst/mmcm_adv_inst_display_clocks/inst/mmcm_adv_inst/CLKOUT0
                         net (fo=1, routed)           2.697    -0.096    datapath/video_inst/mmcm_adv_inst_display_clocks/inst/clk_out1_clk_wiz_0
    BUFGCTRL_X0Y4        BUFG (Prop_bufg_I_O)         0.096    -0.000 r  datapath/video_inst/mmcm_adv_inst_display_clocks/inst/clkout1_buf/O
                         net (fo=65, routed)          1.747     1.747    datapath/video_inst/Inst_vga/vga_sig_gen/h_counter/CLK
    SLICE_X149Y132       FDRE                                         r  datapath/video_inst/Inst_vga/vga_sig_gen/h_counter/w_processQ_reg[9]/C
  -------------------------------------------------------------------    -------------------
    SLICE_X149Y132       FDRE (Prop_fdre_C_Q)         0.456     2.203 r  datapath/video_inst/Inst_vga/vga_sig_gen/h_counter/w_processQ_reg[9]/Q
                         net (fo=31, routed)          1.872     4.075    datapath/rightChannelMemory/bram/position[col][9]
    RAMB18_X8Y51         RAMB18E1                                     r  datapath/rightChannelMemory/bram/sdp_bl.ramb18_dp_bl.ram18_bl/ADDRARDADDR[13]
  -------------------------------------------------------------------    -------------------

Slack:                    inf
  Source:                 datapath/video_inst/Inst_vga/vga_sig_gen/h_counter/w_processQ_reg[7]/C
                            (rising edge-triggered cell FDRE clocked by clk_out1_clk_wiz_0  {rise@0.000ns fall@20.000ns period=40.000ns})
  Destination:            datapath/rightChannelMemory/bram/sdp_bl.ramb18_dp_bl.ram18_bl/ADDRARDADDR[11]
  Path Group:             (none)
  Path Type:              Max at Slow Process Corner
  Data Path Delay:        2.220ns  (logic 0.518ns (23.334%)  route 1.702ns (76.666%))
  Logic Levels:           0  
  Clock Uncertainty:      0.190ns  ((TSJ^2 + DJ^2)^1/2) / 2 + PE
    Total System Jitter     (TSJ):    0.050ns
    Discrete Jitter          (DJ):    0.175ns
    Phase Error              (PE):    0.099ns

    Location             Delay type                Incr(ns)  Path(ns)    Netlist Resource(s)
  -------------------------------------------------------------------    -------------------
                         (clock clk_out1_clk_wiz_0 rise edge)
                                                      0.000     0.000 r  
    BUFGCTRL_X0Y2        BUFG                         0.000     0.000 r  clk_IBUF_BUFG_inst/O
                         net (fo=302, routed)         2.106     2.106    datapath/video_inst/mmcm_adv_inst_display_clocks/inst/clk_in1
    MMCME2_ADV_X1Y0      MMCME2_ADV (Prop_mmcme2_adv_CLKIN1_CLKOUT0)
                                                     -4.900    -2.793 r  datapath/video_inst/mmcm_adv_inst_display_clocks/inst/mmcm_adv_inst/CLKOUT0
                         net (fo=1, routed)           2.697    -0.096    datapath/video_inst/mmcm_adv_inst_display_clocks/inst/clk_out1_clk_wiz_0
    BUFGCTRL_X0Y4        BUFG (Prop_bufg_I_O)         0.096    -0.000 r  datapath/video_inst/mmcm_adv_inst_display_clocks/inst/clkout1_buf/O
                         net (fo=65, routed)          1.748     1.748    datapath/video_inst/Inst_vga/vga_sig_gen/h_counter/CLK
    SLICE_X148Y133       FDRE                                         r  datapath/video_inst/Inst_vga/vga_sig_gen/h_counter/w_processQ_reg[7]/C
  -------------------------------------------------------------------    -------------------
    SLICE_X148Y133       FDRE (Prop_fdre_C_Q)         0.518     2.266 r  datapath/video_inst/Inst_vga/vga_sig_gen/h_counter/w_processQ_reg[7]/Q
                         net (fo=40, routed)          1.702     3.968    datapath/rightChannelMemory/bram/position[col][7]
    RAMB18_X8Y51         RAMB18E1                                     r  datapath/rightChannelMemory/bram/sdp_bl.ramb18_dp_bl.ram18_bl/ADDRARDADDR[11]
  -------------------------------------------------------------------    -------------------

Slack:                    inf
  Source:                 datapath/video_inst/Inst_vga/vga_sig_gen/h_counter/w_processQ_reg[1]/C
                            (rising edge-triggered cell FDRE clocked by clk_out1_clk_wiz_0  {rise@0.000ns fall@20.000ns period=40.000ns})
  Destination:            datapath/leftChannelMemory/bram/sdp_bl.ramb18_dp_bl.ram18_bl/ADDRARDADDR[5]
  Path Group:             (none)
  Path Type:              Max at Slow Process Corner
  Data Path Delay:        2.077ns  (logic 0.456ns (21.953%)  route 1.621ns (78.047%))
  Logic Levels:           0  
  Clock Uncertainty:      0.190ns  ((TSJ^2 + DJ^2)^1/2) / 2 + PE
    Total System Jitter     (TSJ):    0.050ns
    Discrete Jitter          (DJ):    0.175ns
    Phase Error              (PE):    0.099ns

    Location             Delay type                Incr(ns)  Path(ns)    Netlist Resource(s)
  -------------------------------------------------------------------    -------------------
                         (clock clk_out1_clk_wiz_0 rise edge)
                                                      0.000     0.000 r  
    BUFGCTRL_X0Y2        BUFG                         0.000     0.000 r  clk_IBUF_BUFG_inst/O
                         net (fo=302, routed)         2.106     2.106    datapath/video_inst/mmcm_adv_inst_display_clocks/inst/clk_in1
    MMCME2_ADV_X1Y0      MMCME2_ADV (Prop_mmcme2_adv_CLKIN1_CLKOUT0)
                                                     -4.900    -2.793 r  datapath/video_inst/mmcm_adv_inst_display_clocks/inst/mmcm_adv_inst/CLKOUT0
                         net (fo=1, routed)           2.697    -0.096    datapath/video_inst/mmcm_adv_inst_display_clocks/inst/clk_out1_clk_wiz_0
    BUFGCTRL_X0Y4        BUFG (Prop_bufg_I_O)         0.096    -0.000 r  datapath/video_inst/mmcm_adv_inst_display_clocks/inst/clkout1_buf/O
                         net (fo=65, routed)          1.745     1.745    datapath/video_inst/Inst_vga/vga_sig_gen/h_counter/CLK
    SLICE_X149Y131       FDRE                                         r  datapath/video_inst/Inst_vga/vga_sig_gen/h_counter/w_processQ_reg[1]/C
  -------------------------------------------------------------------    -------------------
    SLICE_X149Y131       FDRE (Prop_fdre_C_Q)         0.456     2.201 r  datapath/video_inst/Inst_vga/vga_sig_gen/h_counter/w_processQ_reg[1]/Q
                         net (fo=42, routed)          1.621     3.823    datapath/leftChannelMemory/bram/position[col][1]
    RAMB18_X8Y52         RAMB18E1                                     r  datapath/leftChannelMemory/bram/sdp_bl.ramb18_dp_bl.ram18_bl/ADDRARDADDR[5]
  -------------------------------------------------------------------    -------------------





Min Delay Paths
--------------------------------------------------------------------------------------
Slack:                    inf
  Source:                 datapath/video_inst/Inst_vga/vga_sig_gen/h_counter/w_processQ_reg[5]/C
                            (rising edge-triggered cell FDRE clocked by clk_out1_clk_wiz_0  {rise@0.000ns fall@20.000ns period=40.000ns})
  Destination:            datapath/leftChannelMemory/bram/sdp_bl.ramb18_dp_bl.ram18_bl/ADDRARDADDR[9]
  Path Group:             (none)
  Path Type:              Min at Fast Process Corner
  Data Path Delay:        0.487ns  (logic 0.164ns (33.701%)  route 0.323ns (66.299%))
  Logic Levels:           0  
  Clock Uncertainty:      0.190ns  ((TSJ^2 + DJ^2)^1/2) / 2 + PE
    Total System Jitter     (TSJ):    0.050ns
    Discrete Jitter          (DJ):    0.175ns
    Phase Error              (PE):    0.099ns

    Location             Delay type                Incr(ns)  Path(ns)    Netlist Resource(s)
  -------------------------------------------------------------------    -------------------
                         (clock clk_out1_clk_wiz_0 rise edge)
                                                      0.000     0.000 r  
    BUFGCTRL_X0Y2        BUFG                         0.000     0.000 r  clk_IBUF_BUFG_inst/O
                         net (fo=302, routed)         0.745     0.745    datapath/video_inst/mmcm_adv_inst_display_clocks/inst/clk_in1
    MMCME2_ADV_X1Y0      MMCME2_ADV (Prop_mmcme2_adv_CLKIN1_CLKOUT0)
                                                     -1.683    -0.938 r  datapath/video_inst/mmcm_adv_inst_display_clocks/inst/mmcm_adv_inst/CLKOUT0
                         net (fo=1, routed)           0.912    -0.026    datapath/video_inst/mmcm_adv_inst_display_clocks/inst/clk_out1_clk_wiz_0
    BUFGCTRL_X0Y4        BUFG (Prop_bufg_I_O)         0.026    -0.000 r  datapath/video_inst/mmcm_adv_inst_display_clocks/inst/clkout1_buf/O
                         net (fo=65, routed)          0.614     0.614    datapath/video_inst/Inst_vga/vga_sig_gen/h_counter/CLK
    SLICE_X148Y132       FDRE                                         r  datapath/video_inst/Inst_vga/vga_sig_gen/h_counter/w_processQ_reg[5]/C
  -------------------------------------------------------------------    -------------------
    SLICE_X148Y132       FDRE (Prop_fdre_C_Q)         0.164     0.778 r  datapath/video_inst/Inst_vga/vga_sig_gen/h_counter/w_processQ_reg[5]/Q
                         net (fo=49, routed)          0.323     1.100    datapath/leftChannelMemory/bram/position[col][5]
    RAMB18_X8Y52         RAMB18E1                                     r  datapath/leftChannelMemory/bram/sdp_bl.ramb18_dp_bl.ram18_bl/ADDRARDADDR[9]
  -------------------------------------------------------------------    -------------------

Slack:                    inf
  Source:                 datapath/video_inst/Inst_vga/vga_sig_gen/h_counter/w_processQ_reg[5]/C
                            (rising edge-triggered cell FDRE clocked by clk_out1_clk_wiz_0  {rise@0.000ns fall@20.000ns period=40.000ns})
  Destination:            datapath/rightChannelMemory/bram/sdp_bl.ramb18_dp_bl.ram18_bl/ADDRARDADDR[9]
  Path Group:             (none)
  Path Type:              Min at Fast Process Corner
  Data Path Delay:        0.593ns  (logic 0.164ns (27.673%)  route 0.429ns (72.327%))
  Logic Levels:           0  
  Clock Uncertainty:      0.190ns  ((TSJ^2 + DJ^2)^1/2) / 2 + PE
    Total System Jitter     (TSJ):    0.050ns
    Discrete Jitter          (DJ):    0.175ns
    Phase Error              (PE):    0.099ns

    Location             Delay type                Incr(ns)  Path(ns)    Netlist Resource(s)
  -------------------------------------------------------------------    -------------------
                         (clock clk_out1_clk_wiz_0 rise edge)
                                                      0.000     0.000 r  
    BUFGCTRL_X0Y2        BUFG                         0.000     0.000 r  clk_IBUF_BUFG_inst/O
                         net (fo=302, routed)         0.745     0.745    datapath/video_inst/mmcm_adv_inst_display_clocks/inst/clk_in1
    MMCME2_ADV_X1Y0      MMCME2_ADV (Prop_mmcme2_adv_CLKIN1_CLKOUT0)
                                                     -1.683    -0.938 r  datapath/video_inst/mmcm_adv_inst_display_clocks/inst/mmcm_adv_inst/CLKOUT0
                         net (fo=1, routed)           0.912    -0.026    datapath/video_inst/mmcm_adv_inst_display_clocks/inst/clk_out1_clk_wiz_0
    BUFGCTRL_X0Y4        BUFG (Prop_bufg_I_O)         0.026    -0.000 r  datapath/video_inst/mmcm_adv_inst_display_clocks/inst/clkout1_buf/O
                         net (fo=65, routed)          0.614     0.614    datapath/video_inst/Inst_vga/vga_sig_gen/h_counter/CLK
    SLICE_X148Y132       FDRE                                         r  datapath/video_inst/Inst_vga/vga_sig_gen/h_counter/w_processQ_reg[5]/C
  -------------------------------------------------------------------    -------------------
    SLICE_X148Y132       FDRE (Prop_fdre_C_Q)         0.164     0.778 r  datapath/video_inst/Inst_vga/vga_sig_gen/h_counter/w_processQ_reg[5]/Q
                         net (fo=49, routed)          0.429     1.206    datapath/rightChannelMemory/bram/position[col][5]
    RAMB18_X8Y51         RAMB18E1                                     r  datapath/rightChannelMemory/bram/sdp_bl.ramb18_dp_bl.ram18_bl/ADDRARDADDR[9]
  -------------------------------------------------------------------    -------------------

Slack:                    inf
  Source:                 datapath/video_inst/Inst_vga/vga_sig_gen/v_counter/w_processQ_reg[2]/C
                            (rising edge-triggered cell FDRE clocked by clk_out1_clk_wiz_0  {rise@0.000ns fall@20.000ns period=40.000ns})
  Destination:            datapath/ch2_reg[active]/D
  Path Group:             (none)
  Path Type:              Min at Fast Process Corner
  Data Path Delay:        0.638ns  (logic 0.338ns (52.948%)  route 0.300ns (47.052%))
  Logic Levels:           2  (CARRY4=1 LUT6=1)
  Clock Uncertainty:      0.190ns  ((TSJ^2 + DJ^2)^1/2) / 2 + PE
    Total System Jitter     (TSJ):    0.050ns
    Discrete Jitter          (DJ):    0.175ns
    Phase Error              (PE):    0.099ns

    Location             Delay type                Incr(ns)  Path(ns)    Netlist Resource(s)
  -------------------------------------------------------------------    -------------------
                         (clock clk_out1_clk_wiz_0 rise edge)
                                                      0.000     0.000 r  
    BUFGCTRL_X0Y2        BUFG                         0.000     0.000 r  clk_IBUF_BUFG_inst/O
                         net (fo=302, routed)         0.745     0.745    datapath/video_inst/mmcm_adv_inst_display_clocks/inst/clk_in1
    MMCME2_ADV_X1Y0      MMCME2_ADV (Prop_mmcme2_adv_CLKIN1_CLKOUT0)
                                                     -1.683    -0.938 r  datapath/video_inst/mmcm_adv_inst_display_clocks/inst/mmcm_adv_inst/CLKOUT0
                         net (fo=1, routed)           0.912    -0.026    datapath/video_inst/mmcm_adv_inst_display_clocks/inst/clk_out1_clk_wiz_0
    BUFGCTRL_X0Y4        BUFG (Prop_bufg_I_O)         0.026    -0.000 r  datapath/video_inst/mmcm_adv_inst_display_clocks/inst/clkout1_buf/O
                         net (fo=65, routed)          0.613     0.613    datapath/video_inst/Inst_vga/vga_sig_gen/v_counter/CLK
    SLICE_X151Y131       FDRE                                         r  datapath/video_inst/Inst_vga/vga_sig_gen/v_counter/w_processQ_reg[2]/C
  -------------------------------------------------------------------    -------------------
    SLICE_X151Y131       FDRE (Prop_fdre_C_Q)         0.141     0.754 r  datapath/video_inst/Inst_vga/vga_sig_gen/v_counter/w_processQ_reg[2]/Q
                         net (fo=48, routed)          0.300     1.054    datapath/video_inst/Inst_vga/vga_sig_gen/v_counter/w_processQ_reg[2]_0
    SLICE_X155Y128       LUT6 (Prop_lut6_I3_O)        0.045     1.099 r  datapath/video_inst/Inst_vga/vga_sig_gen/v_counter/ch2_reg[active]_i_5/O
                         net (fo=1, routed)           0.000     1.099    datapath/rightChannelMemory/bram/S[0]
    SLICE_X155Y128       CARRY4 (Prop_carry4_S[0]_CO[3])
                                                      0.152     1.251 r  datapath/rightChannelMemory/bram/ch2_reg[active]_i_1/CO[3]
                         net (fo=2, routed)           0.000     1.251    datapath/ch2_reg[active]0
    SLICE_X155Y128       LDCE                                         r  datapath/ch2_reg[active]/D
  -------------------------------------------------------------------    -------------------

Slack:                    inf
  Source:                 datapath/video_inst/Inst_vga/vga_sig_gen/h_counter/w_processQ_reg[8]/C
                            (rising edge-triggered cell FDRE clocked by clk_out1_clk_wiz_0  {rise@0.000ns fall@20.000ns period=40.000ns})
  Destination:            datapath/leftChannelMemory/bram/sdp_bl.ramb18_dp_bl.ram18_bl/ADDRARDADDR[12]
  Path Group:             (none)
  Path Type:              Min at Fast Process Corner
  Data Path Delay:        0.645ns  (logic 0.141ns (21.873%)  route 0.504ns (78.127%))
  Logic Levels:           0  
  Clock Uncertainty:      0.190ns  ((TSJ^2 + DJ^2)^1/2) / 2 + PE
    Total System Jitter     (TSJ):    0.050ns
    Discrete Jitter          (DJ):    0.175ns
    Phase Error              (PE):    0.099ns

    Location             Delay type                Incr(ns)  Path(ns)    Netlist Resource(s)
  -------------------------------------------------------------------    -------------------
                         (clock clk_out1_clk_wiz_0 rise edge)
                                                      0.000     0.000 r  
    BUFGCTRL_X0Y2        BUFG                         0.000     0.000 r  clk_IBUF_BUFG_inst/O
                         net (fo=302, routed)         0.745     0.745    datapath/video_inst/mmcm_adv_inst_display_clocks/inst/clk_in1
    MMCME2_ADV_X1Y0      MMCME2_ADV (Prop_mmcme2_adv_CLKIN1_CLKOUT0)
                                                     -1.683    -0.938 r  datapath/video_inst/mmcm_adv_inst_display_clocks/inst/mmcm_adv_inst/CLKOUT0
                         net (fo=1, routed)           0.912    -0.026    datapath/video_inst/mmcm_adv_inst_display_clocks/inst/clk_out1_clk_wiz_0
    BUFGCTRL_X0Y4        BUFG (Prop_bufg_I_O)         0.026    -0.000 r  datapath/video_inst/mmcm_adv_inst_display_clocks/inst/clkout1_buf/O
                         net (fo=65, routed)          0.614     0.614    datapath/video_inst/Inst_vga/vga_sig_gen/h_counter/CLK
    SLICE_X149Y132       FDRE                                         r  datapath/video_inst/Inst_vga/vga_sig_gen/h_counter/w_processQ_reg[8]/C
  -------------------------------------------------------------------    -------------------
    SLICE_X149Y132       FDRE (Prop_fdre_C_Q)         0.141     0.755 r  datapath/video_inst/Inst_vga/vga_sig_gen/h_counter/w_processQ_reg[8]/Q
                         net (fo=36, routed)          0.504     1.258    datapath/leftChannelMemory/bram/position[col][8]
    RAMB18_X8Y52         RAMB18E1                                     r  datapath/leftChannelMemory/bram/sdp_bl.ramb18_dp_bl.ram18_bl/ADDRARDADDR[12]
  -------------------------------------------------------------------    -------------------

Slack:                    inf
  Source:                 datapath/video_inst/Inst_vga/vga_sig_gen/h_counter/w_processQ_reg[0]/C
                            (rising edge-triggered cell FDRE clocked by clk_out1_clk_wiz_0  {rise@0.000ns fall@20.000ns period=40.000ns})
  Destination:            datapath/leftChannelMemory/bram/sdp_bl.ramb18_dp_bl.ram18_bl/ADDRARDADDR[4]
  Path Group:             (none)
  Path Type:              Min at Fast Process Corner
  Data Path Delay:        0.664ns  (logic 0.141ns (21.227%)  route 0.523ns (78.773%))
  Logic Levels:           0  
  Clock Uncertainty:      0.190ns  ((TSJ^2 + DJ^2)^1/2) / 2 + PE
    Total System Jitter     (TSJ):    0.050ns
    Discrete Jitter          (DJ):    0.175ns
    Phase Error              (PE):    0.099ns

    Location             Delay type                Incr(ns)  Path(ns)    Netlist Resource(s)
  -------------------------------------------------------------------    -------------------
                         (clock clk_out1_clk_wiz_0 rise edge)
                                                      0.000     0.000 r  
    BUFGCTRL_X0Y2        BUFG                         0.000     0.000 r  clk_IBUF_BUFG_inst/O
                         net (fo=302, routed)         0.745     0.745    datapath/video_inst/mmcm_adv_inst_display_clocks/inst/clk_in1
    MMCME2_ADV_X1Y0      MMCME2_ADV (Prop_mmcme2_adv_CLKIN1_CLKOUT0)
                                                     -1.683    -0.938 r  datapath/video_inst/mmcm_adv_inst_display_clocks/inst/mmcm_adv_inst/CLKOUT0
                         net (fo=1, routed)           0.912    -0.026    datapath/video_inst/mmcm_adv_inst_display_clocks/inst/clk_out1_clk_wiz_0
    BUFGCTRL_X0Y4        BUFG (Prop_bufg_I_O)         0.026    -0.000 r  datapath/video_inst/mmcm_adv_inst_display_clocks/inst/clkout1_buf/O
                         net (fo=65, routed)          0.614     0.614    datapath/video_inst/Inst_vga/vga_sig_gen/h_counter/CLK
    SLICE_X149Y132       FDRE                                         r  datapath/video_inst/Inst_vga/vga_sig_gen/h_counter/w_processQ_reg[0]/C
  -------------------------------------------------------------------    -------------------
    SLICE_X149Y132       FDRE (Prop_fdre_C_Q)         0.141     0.755 r  datapath/video_inst/Inst_vga/vga_sig_gen/h_counter/w_processQ_reg[0]/Q
                         net (fo=30, routed)          0.523     1.278    datapath/leftChannelMemory/bram/position[col][0]
    RAMB18_X8Y52         RAMB18E1                                     r  datapath/leftChannelMemory/bram/sdp_bl.ramb18_dp_bl.ram18_bl/ADDRARDADDR[4]
  -------------------------------------------------------------------    -------------------

Slack:                    inf
  Source:                 datapath/video_inst/Inst_vga/vga_sig_gen/v_counter/w_processQ_reg[2]/C
                            (rising edge-triggered cell FDRE clocked by clk_out1_clk_wiz_0  {rise@0.000ns fall@20.000ns period=40.000ns})
  Destination:            datapath/ch1_reg[active]/D
  Path Group:             (none)
  Path Type:              Min at Fast Process Corner
  Data Path Delay:        0.674ns  (logic 0.338ns (50.161%)  route 0.336ns (49.839%))
  Logic Levels:           2  (CARRY4=1 LUT6=1)
  Clock Uncertainty:      0.190ns  ((TSJ^2 + DJ^2)^1/2) / 2 + PE
    Total System Jitter     (TSJ):    0.050ns
    Discrete Jitter          (DJ):    0.175ns
    Phase Error              (PE):    0.099ns

    Location             Delay type                Incr(ns)  Path(ns)    Netlist Resource(s)
  -------------------------------------------------------------------    -------------------
                         (clock clk_out1_clk_wiz_0 rise edge)
                                                      0.000     0.000 r  
    BUFGCTRL_X0Y2        BUFG                         0.000     0.000 r  clk_IBUF_BUFG_inst/O
                         net (fo=302, routed)         0.745     0.745    datapath/video_inst/mmcm_adv_inst_display_clocks/inst/clk_in1
    MMCME2_ADV_X1Y0      MMCME2_ADV (Prop_mmcme2_adv_CLKIN1_CLKOUT0)
                                                     -1.683    -0.938 r  datapath/video_inst/mmcm_adv_inst_display_clocks/inst/mmcm_adv_inst/CLKOUT0
                         net (fo=1, routed)           0.912    -0.026    datapath/video_inst/mmcm_adv_inst_display_clocks/inst/clk_out1_clk_wiz_0
    BUFGCTRL_X0Y4        BUFG (Prop_bufg_I_O)         0.026    -0.000 r  datapath/video_inst/mmcm_adv_inst_display_clocks/inst/clkout1_buf/O
                         net (fo=65, routed)          0.613     0.613    datapath/video_inst/Inst_vga/vga_sig_gen/v_counter/CLK
    SLICE_X151Y131       FDRE                                         r  datapath/video_inst/Inst_vga/vga_sig_gen/v_counter/w_processQ_reg[2]/C
  -------------------------------------------------------------------    -------------------
    SLICE_X151Y131       FDRE (Prop_fdre_C_Q)         0.141     0.754 r  datapath/video_inst/Inst_vga/vga_sig_gen/v_counter/w_processQ_reg[2]/Q
                         net (fo=48, routed)          0.336     1.089    datapath/video_inst/Inst_vga/vga_sig_gen/v_counter/w_processQ_reg[2]_0
    SLICE_X156Y131       LUT6 (Prop_lut6_I3_O)        0.045     1.134 r  datapath/video_inst/Inst_vga/vga_sig_gen/v_counter/ch1_reg[active]_i_5/O
                         net (fo=1, routed)           0.000     1.134    datapath/leftChannelMemory/bram/S[0]
    SLICE_X156Y131       CARRY4 (Prop_carry4_S[0]_CO[3])
                                                      0.152     1.286 r  datapath/leftChannelMemory/bram/ch1_reg[active]_i_1/CO[3]
                         net (fo=2, routed)           0.000     1.286    datapath/ch1_reg[active]0
    SLICE_X156Y131       LDCE                                         r  datapath/ch1_reg[active]/D
  -------------------------------------------------------------------    -------------------

Slack:                    inf
  Source:                 datapath/video_inst/Inst_vga/vga_sig_gen/h_counter/w_processQ_reg[4]/C
                            (rising edge-triggered cell FDRE clocked by clk_out1_clk_wiz_0  {rise@0.000ns fall@20.000ns period=40.000ns})
  Destination:            datapath/leftChannelMemory/bram/sdp_bl.ramb18_dp_bl.ram18_bl/ADDRARDADDR[8]
  Path Group:             (none)
  Path Type:              Min at Fast Process Corner
  Data Path Delay:        0.673ns  (logic 0.128ns (19.016%)  route 0.545ns (80.984%))
  Logic Levels:           0  
  Clock Uncertainty:      0.190ns  ((TSJ^2 + DJ^2)^1/2) / 2 + PE
    Total System Jitter     (TSJ):    0.050ns
    Discrete Jitter          (DJ):    0.175ns
    Phase Error              (PE):    0.099ns

    Location             Delay type                Incr(ns)  Path(ns)    Netlist Resource(s)
  -------------------------------------------------------------------    -------------------
                         (clock clk_out1_clk_wiz_0 rise edge)
                                                      0.000     0.000 r  
    BUFGCTRL_X0Y2        BUFG                         0.000     0.000 r  clk_IBUF_BUFG_inst/O
                         net (fo=302, routed)         0.745     0.745    datapath/video_inst/mmcm_adv_inst_display_clocks/inst/clk_in1
    MMCME2_ADV_X1Y0      MMCME2_ADV (Prop_mmcme2_adv_CLKIN1_CLKOUT0)
                                                     -1.683    -0.938 r  datapath/video_inst/mmcm_adv_inst_display_clocks/inst/mmcm_adv_inst/CLKOUT0
                         net (fo=1, routed)           0.912    -0.026    datapath/video_inst/mmcm_adv_inst_display_clocks/inst/clk_out1_clk_wiz_0
    BUFGCTRL_X0Y4        BUFG (Prop_bufg_I_O)         0.026    -0.000 r  datapath/video_inst/mmcm_adv_inst_display_clocks/inst/clkout1_buf/O
                         net (fo=65, routed)          0.614     0.614    datapath/video_inst/Inst_vga/vga_sig_gen/h_counter/CLK
    SLICE_X149Y132       FDRE                                         r  datapath/video_inst/Inst_vga/vga_sig_gen/h_counter/w_processQ_reg[4]/C
  -------------------------------------------------------------------    -------------------
    SLICE_X149Y132       FDRE (Prop_fdre_C_Q)         0.128     0.742 r  datapath/video_inst/Inst_vga/vga_sig_gen/h_counter/w_processQ_reg[4]/Q
                         net (fo=42, routed)          0.545     1.287    datapath/leftChannelMemory/bram/position[col][4]
    RAMB18_X8Y52         RAMB18E1                                     r  datapath/leftChannelMemory/bram/sdp_bl.ramb18_dp_bl.ram18_bl/ADDRARDADDR[8]
  -------------------------------------------------------------------    -------------------

Slack:                    inf
  Source:                 datapath/video_inst/Inst_vga/vga_sig_gen/h_counter/w_processQ_reg[6]/C
                            (rising edge-triggered cell FDRE clocked by clk_out1_clk_wiz_0  {rise@0.000ns fall@20.000ns period=40.000ns})
  Destination:            datapath/rightChannelMemory/bram/sdp_bl.ramb18_dp_bl.ram18_bl/ADDRARDADDR[10]
  Path Group:             (none)
  Path Type:              Min at Fast Process Corner
  Data Path Delay:        0.710ns  (logic 0.164ns (23.093%)  route 0.546ns (76.907%))
  Logic Levels:           0  
  Clock Uncertainty:      0.190ns  ((TSJ^2 + DJ^2)^1/2) / 2 + PE
    Total System Jitter     (TSJ):    0.050ns
    Discrete Jitter          (DJ):    0.175ns
    Phase Error              (PE):    0.099ns

    Location             Delay type                Incr(ns)  Path(ns)    Netlist Resource(s)
  -------------------------------------------------------------------    -------------------
                         (clock clk_out1_clk_wiz_0 rise edge)
                                                      0.000     0.000 r  
    BUFGCTRL_X0Y2        BUFG                         0.000     0.000 r  clk_IBUF_BUFG_inst/O
                         net (fo=302, routed)         0.745     0.745    datapath/video_inst/mmcm_adv_inst_display_clocks/inst/clk_in1
    MMCME2_ADV_X1Y0      MMCME2_ADV (Prop_mmcme2_adv_CLKIN1_CLKOUT0)
                                                     -1.683    -0.938 r  datapath/video_inst/mmcm_adv_inst_display_clocks/inst/mmcm_adv_inst/CLKOUT0
                         net (fo=1, routed)           0.912    -0.026    datapath/video_inst/mmcm_adv_inst_display_clocks/inst/clk_out1_clk_wiz_0
    BUFGCTRL_X0Y4        BUFG (Prop_bufg_I_O)         0.026    -0.000 r  datapath/video_inst/mmcm_adv_inst_display_clocks/inst/clkout1_buf/O
                         net (fo=65, routed)          0.615     0.615    datapath/video_inst/Inst_vga/vga_sig_gen/h_counter/CLK
    SLICE_X148Y133       FDRE                                         r  datapath/video_inst/Inst_vga/vga_sig_gen/h_counter/w_processQ_reg[6]/C
  -------------------------------------------------------------------    -------------------
    SLICE_X148Y133       FDRE (Prop_fdre_C_Q)         0.164     0.779 r  datapath/video_inst/Inst_vga/vga_sig_gen/h_counter/w_processQ_reg[6]/Q
                         net (fo=38, routed)          0.546     1.325    datapath/rightChannelMemory/bram/position[col][6]
    RAMB18_X8Y51         RAMB18E1                                     r  datapath/rightChannelMemory/bram/sdp_bl.ramb18_dp_bl.ram18_bl/ADDRARDADDR[10]
  -------------------------------------------------------------------    -------------------

Slack:                    inf
  Source:                 datapath/video_inst/Inst_vga/vga_sig_gen/h_counter/w_processQ_reg[8]/C
                            (rising edge-triggered cell FDRE clocked by clk_out1_clk_wiz_0  {rise@0.000ns fall@20.000ns period=40.000ns})
  Destination:            datapath/rightChannelMemory/bram/sdp_bl.ramb18_dp_bl.ram18_bl/ADDRARDADDR[12]
  Path Group:             (none)
  Path Type:              Min at Fast Process Corner
  Data Path Delay:        0.751ns  (logic 0.141ns (18.784%)  route 0.610ns (81.216%))
  Logic Levels:           0  
  Clock Uncertainty:      0.190ns  ((TSJ^2 + DJ^2)^1/2) / 2 + PE
    Total System Jitter     (TSJ):    0.050ns
    Discrete Jitter          (DJ):    0.175ns
    Phase Error              (PE):    0.099ns

    Location             Delay type                Incr(ns)  Path(ns)    Netlist Resource(s)
  -------------------------------------------------------------------    -------------------
                         (clock clk_out1_clk_wiz_0 rise edge)
                                                      0.000     0.000 r  
    BUFGCTRL_X0Y2        BUFG                         0.000     0.000 r  clk_IBUF_BUFG_inst/O
                         net (fo=302, routed)         0.745     0.745    datapath/video_inst/mmcm_adv_inst_display_clocks/inst/clk_in1
    MMCME2_ADV_X1Y0      MMCME2_ADV (Prop_mmcme2_adv_CLKIN1_CLKOUT0)
                                                     -1.683    -0.938 r  datapath/video_inst/mmcm_adv_inst_display_clocks/inst/mmcm_adv_inst/CLKOUT0
                         net (fo=1, routed)           0.912    -0.026    datapath/video_inst/mmcm_adv_inst_display_clocks/inst/clk_out1_clk_wiz_0
    BUFGCTRL_X0Y4        BUFG (Prop_bufg_I_O)         0.026    -0.000 r  datapath/video_inst/mmcm_adv_inst_display_clocks/inst/clkout1_buf/O
                         net (fo=65, routed)          0.614     0.614    datapath/video_inst/Inst_vga/vga_sig_gen/h_counter/CLK
    SLICE_X149Y132       FDRE                                         r  datapath/video_inst/Inst_vga/vga_sig_gen/h_counter/w_processQ_reg[8]/C
  -------------------------------------------------------------------    -------------------
    SLICE_X149Y132       FDRE (Prop_fdre_C_Q)         0.141     0.755 r  datapath/video_inst/Inst_vga/vga_sig_gen/h_counter/w_processQ_reg[8]/Q
                         net (fo=36, routed)          0.610     1.364    datapath/rightChannelMemory/bram/position[col][8]
    RAMB18_X8Y51         RAMB18E1                                     r  datapath/rightChannelMemory/bram/sdp_bl.ramb18_dp_bl.ram18_bl/ADDRARDADDR[12]
  -------------------------------------------------------------------    -------------------

Slack:                    inf
  Source:                 datapath/video_inst/Inst_vga/vga_sig_gen/h_counter/w_processQ_reg[0]/C
                            (rising edge-triggered cell FDRE clocked by clk_out1_clk_wiz_0  {rise@0.000ns fall@20.000ns period=40.000ns})
  Destination:            datapath/rightChannelMemory/bram/sdp_bl.ramb18_dp_bl.ram18_bl/ADDRARDADDR[4]
  Path Group:             (none)
  Path Type:              Min at Fast Process Corner
  Data Path Delay:        0.770ns  (logic 0.141ns (18.305%)  route 0.629ns (81.695%))
  Logic Levels:           0  
  Clock Uncertainty:      0.190ns  ((TSJ^2 + DJ^2)^1/2) / 2 + PE
    Total System Jitter     (TSJ):    0.050ns
    Discrete Jitter          (DJ):    0.175ns
    Phase Error              (PE):    0.099ns

    Location             Delay type                Incr(ns)  Path(ns)    Netlist Resource(s)
  -------------------------------------------------------------------    -------------------
                         (clock clk_out1_clk_wiz_0 rise edge)
                                                      0.000     0.000 r  
    BUFGCTRL_X0Y2        BUFG                         0.000     0.000 r  clk_IBUF_BUFG_inst/O
                         net (fo=302, routed)         0.745     0.745    datapath/video_inst/mmcm_adv_inst_display_clocks/inst/clk_in1
    MMCME2_ADV_X1Y0      MMCME2_ADV (Prop_mmcme2_adv_CLKIN1_CLKOUT0)
                                                     -1.683    -0.938 r  datapath/video_inst/mmcm_adv_inst_display_clocks/inst/mmcm_adv_inst/CLKOUT0
                         net (fo=1, routed)           0.912    -0.026    datapath/video_inst/mmcm_adv_inst_display_clocks/inst/clk_out1_clk_wiz_0
    BUFGCTRL_X0Y4        BUFG (Prop_bufg_I_O)         0.026    -0.000 r  datapath/video_inst/mmcm_adv_inst_display_clocks/inst/clkout1_buf/O
                         net (fo=65, routed)          0.614     0.614    datapath/video_inst/Inst_vga/vga_sig_gen/h_counter/CLK
    SLICE_X149Y132       FDRE                                         r  datapath/video_inst/Inst_vga/vga_sig_gen/h_counter/w_processQ_reg[0]/C
  -------------------------------------------------------------------    -------------------
    SLICE_X149Y132       FDRE (Prop_fdre_C_Q)         0.141     0.755 r  datapath/video_inst/Inst_vga/vga_sig_gen/h_counter/w_processQ_reg[0]/Q
                         net (fo=30, routed)          0.629     1.384    datapath/rightChannelMemory/bram/position[col][0]
    RAMB18_X8Y51         RAMB18E1                                     r  datapath/rightChannelMemory/bram/sdp_bl.ramb18_dp_bl.ram18_bl/ADDRARDADDR[4]
  -------------------------------------------------------------------    -------------------





--------------------------------------------------------------------------------------
Path Group:  (none)
From Clock:  clk_out1_clk_wiz_1
  To Clock:  

Max Delay             1 Endpoint
Min Delay             1 Endpoint
--------------------------------------------------------------------------------------


Max Delay Paths
--------------------------------------------------------------------------------------
Slack:                    inf
  Source:                 datapath/Audio_Codec/audiocodec_master_clock/inst/mmcm_adv_inst/CLKOUT0
                            (clock source 'clk_out1_clk_wiz_1'  {rise@0.000ns fall@40.688ns period=81.375ns})
  Destination:            ac_mclk
                            (output port)
  Path Group:             (none)
  Path Type:              Max at Slow Process Corner
  Data Path Delay:        8.601ns  (logic 3.632ns (42.233%)  route 4.969ns (57.767%))
  Logic Levels:           2  (BUFG=1 OBUF=1)
  Clock Uncertainty:      0.202ns  ((TSJ^2 + DJ^2)^1/2) / 2 + PE
    Total System Jitter     (TSJ):    0.050ns
    Discrete Jitter          (DJ):    0.201ns
    Phase Error              (PE):    0.099ns

    Location             Delay type                Incr(ns)  Path(ns)    Netlist Resource(s)
  -------------------------------------------------------------------    -------------------
                         (clock clk_out1_clk_wiz_1 fall edge)
                                                     40.688    40.688 f  
    BUFGCTRL_X0Y2        BUFG                         0.000    40.688 f  clk_IBUF_BUFG_inst/O
                         net (fo=302, routed)         1.761    42.449    datapath/Audio_Codec/audiocodec_master_clock/inst/clk_in1
  -------------------------------------------------------------------    -------------------
    MMCME2_ADV_X0Y2      MMCME2_ADV (Prop_mmcme2_adv_CLKIN1_CLKOUT0)
                                                     -3.701    38.748 f  datapath/Audio_Codec/audiocodec_master_clock/inst/mmcm_adv_inst/CLKOUT0
                         net (fo=1, routed)           1.843    40.591    datapath/Audio_Codec/audiocodec_master_clock/inst/clk_out1_clk_wiz_1
    BUFGCTRL_X0Y1        BUFG (Prop_bufg_I_O)         0.096    40.687 f  datapath/Audio_Codec/audiocodec_master_clock/inst/clkout1_buf/O
                         net (fo=1, routed)           3.125    43.813    ac_mclk_OBUF
    U6                   OBUF (Prop_obuf_I_O)         3.536    47.349 f  ac_mclk_OBUF_inst/O
                         net (fo=0)                   0.000    47.349    ac_mclk
    U6                                                                f  ac_mclk (OUT)
  -------------------------------------------------------------------    -------------------





Min Delay Paths
--------------------------------------------------------------------------------------
Slack:                    inf
  Source:                 datapath/Audio_Codec/audiocodec_master_clock/inst/mmcm_adv_inst/CLKOUT0
                            (clock source 'clk_out1_clk_wiz_1'  {rise@0.000ns fall@40.688ns period=81.375ns})
  Destination:            ac_mclk
                            (output port)
  Path Group:             (none)
  Path Type:              Min at Fast Process Corner
  Data Path Delay:        2.605ns  (logic 1.263ns (48.503%)  route 1.341ns (51.497%))
  Logic Levels:           2  (BUFG=1 OBUF=1)
  Clock Uncertainty:      0.202ns  ((TSJ^2 + DJ^2)^1/2) / 2 + PE
    Total System Jitter     (TSJ):    0.050ns
    Discrete Jitter          (DJ):    0.201ns
    Phase Error              (PE):    0.099ns

    Location             Delay type                Incr(ns)  Path(ns)    Netlist Resource(s)
  -------------------------------------------------------------------    -------------------
                         (clock clk_out1_clk_wiz_1 rise edge)
                                                      0.000     0.000 r  
    BUFGCTRL_X0Y2        BUFG                         0.000     0.000 r  clk_IBUF_BUFG_inst/O
                         net (fo=302, routed)         0.610     0.610    datapath/Audio_Codec/audiocodec_master_clock/inst/clk_in1
  -------------------------------------------------------------------    -------------------
    MMCME2_ADV_X0Y2      MMCME2_ADV (Prop_mmcme2_adv_CLKIN1_CLKOUT0)
                                                     -1.180    -0.571 r  datapath/Audio_Codec/audiocodec_master_clock/inst/mmcm_adv_inst/CLKOUT0
                         net (fo=1, routed)           0.545    -0.026    datapath/Audio_Codec/audiocodec_master_clock/inst/clk_out1_clk_wiz_1
    BUFGCTRL_X0Y1        BUFG (Prop_bufg_I_O)         0.026     0.000 r  datapath/Audio_Codec/audiocodec_master_clock/inst/clkout1_buf/O
                         net (fo=1, routed)           0.796     0.796    ac_mclk_OBUF
    U6                   OBUF (Prop_obuf_I_O)         1.237     2.034 r  ac_mclk_OBUF_inst/O
                         net (fo=0)                   0.000     2.034    ac_mclk
    U6                                                                r  ac_mclk (OUT)
  -------------------------------------------------------------------    -------------------





--------------------------------------------------------------------------------------
Path Group:  (none)
From Clock:  clk_out2_clk_wiz_0
  To Clock:  

Max Delay             8 Endpoints
Min Delay             8 Endpoints
--------------------------------------------------------------------------------------


Max Delay Paths
--------------------------------------------------------------------------------------
Slack:                    inf
  Source:                 datapath/video_inst/inst_dvid/ODDR2_red/C
                            (falling edge-triggered cell ODDR clocked by clk_out2_clk_wiz_0  {rise@0.000ns fall@4.000ns period=8.000ns})
  Destination:            tmdsb[2]
                            (output port)
  Path Group:             (none)
  Path Type:              Max at Slow Process Corner
  Data Path Delay:        2.370ns  (logic 2.369ns (99.958%)  route 0.001ns (0.042%))
  Logic Levels:           1  (OBUFDS=1)
  Clock Uncertainty:      0.166ns  ((TSJ^2 + DJ^2)^1/2) / 2 + PE
    Total System Jitter     (TSJ):    0.050ns
    Discrete Jitter          (DJ):    0.125ns
    Phase Error              (PE):    0.099ns

    Location             Delay type                Incr(ns)  Path(ns)    Netlist Resource(s)
  -------------------------------------------------------------------    -------------------
                         (clock clk_out2_clk_wiz_0 fall edge)
                                                      4.000     4.000 f  
    BUFGCTRL_X0Y2        BUFG                         0.000     4.000 f  clk_IBUF_BUFG_inst/O
                         net (fo=302, routed)         2.106     6.106    datapath/video_inst/mmcm_adv_inst_display_clocks/inst/clk_in1
    MMCME2_ADV_X1Y0      MMCME2_ADV (Prop_mmcme2_adv_CLKIN1_CLKOUT1)
                                                     -4.900     1.207 f  datapath/video_inst/mmcm_adv_inst_display_clocks/inst/mmcm_adv_inst/CLKOUT1
                         net (fo=1, routed)           2.697     3.904    datapath/video_inst/mmcm_adv_inst_display_clocks/inst/clk_out2_clk_wiz_0
    BUFGCTRL_X0Y0        BUFG (Prop_bufg_I_O)         0.096     4.000 f  datapath/video_inst/mmcm_adv_inst_display_clocks/inst/clkout2_buf/O
                         net (fo=44, routed)          1.831     5.831    datapath/video_inst/inst_dvid/clk_out2
    OLOGIC_X1Y134        ODDR                                         f  datapath/video_inst/inst_dvid/ODDR2_red/C
  -------------------------------------------------------------------    -------------------
    OLOGIC_X1Y134        ODDR (Prop_oddr_C_Q)         0.472     6.303 r  datapath/video_inst/inst_dvid/ODDR2_red/Q
                         net (fo=1, routed)           0.001     6.304    datapath/video_inst/red_s
    AB3                  OBUFDS (Prop_obufds_I_OB)    1.897     8.201 r  datapath/video_inst/OBUFDS_green/OB
                         net (fo=0)                   0.000     8.201    tmdsb[2]
    AB2                                                               r  tmdsb[2] (OUT)
  -------------------------------------------------------------------    -------------------

Slack:                    inf
  Source:                 datapath/video_inst/inst_dvid/ODDR2_green/C
                            (falling edge-triggered cell ODDR clocked by clk_out2_clk_wiz_0  {rise@0.000ns fall@4.000ns period=8.000ns})
  Destination:            tmdsb[1]
                            (output port)
  Path Group:             (none)
  Path Type:              Max at Slow Process Corner
  Data Path Delay:        2.369ns  (logic 2.368ns (99.958%)  route 0.001ns (0.042%))
  Logic Levels:           1  (OBUFDS=1)
  Clock Uncertainty:      0.166ns  ((TSJ^2 + DJ^2)^1/2) / 2 + PE
    Total System Jitter     (TSJ):    0.050ns
    Discrete Jitter          (DJ):    0.125ns
    Phase Error              (PE):    0.099ns

    Location             Delay type                Incr(ns)  Path(ns)    Netlist Resource(s)
  -------------------------------------------------------------------    -------------------
                         (clock clk_out2_clk_wiz_0 fall edge)
                                                      4.000     4.000 f  
    BUFGCTRL_X0Y2        BUFG                         0.000     4.000 f  clk_IBUF_BUFG_inst/O
                         net (fo=302, routed)         2.106     6.106    datapath/video_inst/mmcm_adv_inst_display_clocks/inst/clk_in1
    MMCME2_ADV_X1Y0      MMCME2_ADV (Prop_mmcme2_adv_CLKIN1_CLKOUT1)
                                                     -4.900     1.207 f  datapath/video_inst/mmcm_adv_inst_display_clocks/inst/mmcm_adv_inst/CLKOUT1
                         net (fo=1, routed)           2.697     3.904    datapath/video_inst/mmcm_adv_inst_display_clocks/inst/clk_out2_clk_wiz_0
    BUFGCTRL_X0Y0        BUFG (Prop_bufg_I_O)         0.096     4.000 f  datapath/video_inst/mmcm_adv_inst_display_clocks/inst/clkout2_buf/O
                         net (fo=44, routed)          1.832     5.832    datapath/video_inst/inst_dvid/clk_out2
    OLOGIC_X1Y136        ODDR                                         f  datapath/video_inst/inst_dvid/ODDR2_green/C
  -------------------------------------------------------------------    -------------------
    OLOGIC_X1Y136        ODDR (Prop_oddr_C_Q)         0.472     6.304 r  datapath/video_inst/inst_dvid/ODDR2_green/Q
                         net (fo=1, routed)           0.001     6.305    datapath/video_inst/green_s
    AA1                  OBUFDS (Prop_obufds_I_OB)    1.896     8.201 r  datapath/video_inst/OBUFDS_red/OB
                         net (fo=0)                   0.000     8.201    tmdsb[1]
    AB1                                                               r  tmdsb[1] (OUT)
  -------------------------------------------------------------------    -------------------

Slack:                    inf
  Source:                 datapath/video_inst/inst_dvid/ODDR2_red/C
                            (falling edge-triggered cell ODDR clocked by clk_out2_clk_wiz_0  {rise@0.000ns fall@4.000ns period=8.000ns})
  Destination:            tmds[2]
                            (output port)
  Path Group:             (none)
  Path Type:              Max at Slow Process Corner
  Data Path Delay:        2.369ns  (logic 2.368ns (99.958%)  route 0.001ns (0.042%))
  Logic Levels:           1  (OBUFDS=1)
  Clock Uncertainty:      0.166ns  ((TSJ^2 + DJ^2)^1/2) / 2 + PE
    Total System Jitter     (TSJ):    0.050ns
    Discrete Jitter          (DJ):    0.125ns
    Phase Error              (PE):    0.099ns

    Location             Delay type                Incr(ns)  Path(ns)    Netlist Resource(s)
  -------------------------------------------------------------------    -------------------
                         (clock clk_out2_clk_wiz_0 fall edge)
                                                      4.000     4.000 f  
    BUFGCTRL_X0Y2        BUFG                         0.000     4.000 f  clk_IBUF_BUFG_inst/O
                         net (fo=302, routed)         2.106     6.106    datapath/video_inst/mmcm_adv_inst_display_clocks/inst/clk_in1
    MMCME2_ADV_X1Y0      MMCME2_ADV (Prop_mmcme2_adv_CLKIN1_CLKOUT1)
                                                     -4.900     1.207 f  datapath/video_inst/mmcm_adv_inst_display_clocks/inst/mmcm_adv_inst/CLKOUT1
                         net (fo=1, routed)           2.697     3.904    datapath/video_inst/mmcm_adv_inst_display_clocks/inst/clk_out2_clk_wiz_0
    BUFGCTRL_X0Y0        BUFG (Prop_bufg_I_O)         0.096     4.000 f  datapath/video_inst/mmcm_adv_inst_display_clocks/inst/clkout2_buf/O
                         net (fo=44, routed)          1.831     5.831    datapath/video_inst/inst_dvid/clk_out2
    OLOGIC_X1Y134        ODDR                                         f  datapath/video_inst/inst_dvid/ODDR2_red/C
  -------------------------------------------------------------------    -------------------
    OLOGIC_X1Y134        ODDR (Prop_oddr_C_Q)         0.472     6.303 r  datapath/video_inst/inst_dvid/ODDR2_red/Q
                         net (fo=1, routed)           0.001     6.304    datapath/video_inst/red_s
    AB3                  OBUFDS (Prop_obufds_I_O)     1.896     8.200 r  datapath/video_inst/OBUFDS_green/O
                         net (fo=0)                   0.000     8.200    tmds[2]
    AB3                                                               r  tmds[2] (OUT)
  -------------------------------------------------------------------    -------------------

Slack:                    inf
  Source:                 datapath/video_inst/inst_dvid/ODDR2_green/C
                            (falling edge-triggered cell ODDR clocked by clk_out2_clk_wiz_0  {rise@0.000ns fall@4.000ns period=8.000ns})
  Destination:            tmds[1]
                            (output port)
  Path Group:             (none)
  Path Type:              Max at Slow Process Corner
  Data Path Delay:        2.368ns  (logic 2.367ns (99.958%)  route 0.001ns (0.042%))
  Logic Levels:           1  (OBUFDS=1)
  Clock Uncertainty:      0.166ns  ((TSJ^2 + DJ^2)^1/2) / 2 + PE
    Total System Jitter     (TSJ):    0.050ns
    Discrete Jitter          (DJ):    0.125ns
    Phase Error              (PE):    0.099ns

    Location             Delay type                Incr(ns)  Path(ns)    Netlist Resource(s)
  -------------------------------------------------------------------    -------------------
                         (clock clk_out2_clk_wiz_0 fall edge)
                                                      4.000     4.000 f  
    BUFGCTRL_X0Y2        BUFG                         0.000     4.000 f  clk_IBUF_BUFG_inst/O
                         net (fo=302, routed)         2.106     6.106    datapath/video_inst/mmcm_adv_inst_display_clocks/inst/clk_in1
    MMCME2_ADV_X1Y0      MMCME2_ADV (Prop_mmcme2_adv_CLKIN1_CLKOUT1)
                                                     -4.900     1.207 f  datapath/video_inst/mmcm_adv_inst_display_clocks/inst/mmcm_adv_inst/CLKOUT1
                         net (fo=1, routed)           2.697     3.904    datapath/video_inst/mmcm_adv_inst_display_clocks/inst/clk_out2_clk_wiz_0
    BUFGCTRL_X0Y0        BUFG (Prop_bufg_I_O)         0.096     4.000 f  datapath/video_inst/mmcm_adv_inst_display_clocks/inst/clkout2_buf/O
                         net (fo=44, routed)          1.832     5.832    datapath/video_inst/inst_dvid/clk_out2
    OLOGIC_X1Y136        ODDR                                         f  datapath/video_inst/inst_dvid/ODDR2_green/C
  -------------------------------------------------------------------    -------------------
    OLOGIC_X1Y136        ODDR (Prop_oddr_C_Q)         0.472     6.304 r  datapath/video_inst/inst_dvid/ODDR2_green/Q
                         net (fo=1, routed)           0.001     6.305    datapath/video_inst/green_s
    AA1                  OBUFDS (Prop_obufds_I_O)     1.895     8.200 r  datapath/video_inst/OBUFDS_red/O
                         net (fo=0)                   0.000     8.200    tmds[1]
    AA1                                                               r  tmds[1] (OUT)
  -------------------------------------------------------------------    -------------------

Slack:                    inf
  Source:                 datapath/video_inst/inst_dvid/ODDR2_blue/C
                            (falling edge-triggered cell ODDR clocked by clk_out2_clk_wiz_0  {rise@0.000ns fall@4.000ns period=8.000ns})
  Destination:            tmdsb[0]
                            (output port)
  Path Group:             (none)
  Path Type:              Max at Slow Process Corner
  Data Path Delay:        2.358ns  (logic 2.357ns (99.958%)  route 0.001ns (0.042%))
  Logic Levels:           1  (OBUFDS=1)
  Clock Uncertainty:      0.166ns  ((TSJ^2 + DJ^2)^1/2) / 2 + PE
    Total System Jitter     (TSJ):    0.050ns
    Discrete Jitter          (DJ):    0.125ns
    Phase Error              (PE):    0.099ns

    Location             Delay type                Incr(ns)  Path(ns)    Netlist Resource(s)
  -------------------------------------------------------------------    -------------------
                         (clock clk_out2_clk_wiz_0 fall edge)
                                                      4.000     4.000 f  
    BUFGCTRL_X0Y2        BUFG                         0.000     4.000 f  clk_IBUF_BUFG_inst/O
                         net (fo=302, routed)         2.106     6.106    datapath/video_inst/mmcm_adv_inst_display_clocks/inst/clk_in1
    MMCME2_ADV_X1Y0      MMCME2_ADV (Prop_mmcme2_adv_CLKIN1_CLKOUT1)
                                                     -4.900     1.207 f  datapath/video_inst/mmcm_adv_inst_display_clocks/inst/mmcm_adv_inst/CLKOUT1
                         net (fo=1, routed)           2.697     3.904    datapath/video_inst/mmcm_adv_inst_display_clocks/inst/clk_out2_clk_wiz_0
    BUFGCTRL_X0Y0        BUFG (Prop_bufg_I_O)         0.096     4.000 f  datapath/video_inst/mmcm_adv_inst_display_clocks/inst/clkout2_buf/O
                         net (fo=44, routed)          1.835     5.835    datapath/video_inst/inst_dvid/clk_out2
    OLOGIC_X1Y140        ODDR                                         f  datapath/video_inst/inst_dvid/ODDR2_blue/C
  -------------------------------------------------------------------    -------------------
    OLOGIC_X1Y140        ODDR (Prop_oddr_C_Q)         0.472     6.307 r  datapath/video_inst/inst_dvid/ODDR2_blue/Q
                         net (fo=1, routed)           0.001     6.308    datapath/video_inst/blue_s
    W1                   OBUFDS (Prop_obufds_I_OB)    1.885     8.193 r  datapath/video_inst/OBUFDS_blue/OB
                         net (fo=0)                   0.000     8.193    tmdsb[0]
    Y1                                                                r  tmdsb[0] (OUT)
  -------------------------------------------------------------------    -------------------

Slack:                    inf
  Source:                 datapath/video_inst/inst_dvid/ODDR2_blue/C
                            (falling edge-triggered cell ODDR clocked by clk_out2_clk_wiz_0  {rise@0.000ns fall@4.000ns period=8.000ns})
  Destination:            tmds[0]
                            (output port)
  Path Group:             (none)
  Path Type:              Max at Slow Process Corner
  Data Path Delay:        2.357ns  (logic 2.356ns (99.958%)  route 0.001ns (0.042%))
  Logic Levels:           1  (OBUFDS=1)
  Clock Uncertainty:      0.166ns  ((TSJ^2 + DJ^2)^1/2) / 2 + PE
    Total System Jitter     (TSJ):    0.050ns
    Discrete Jitter          (DJ):    0.125ns
    Phase Error              (PE):    0.099ns

    Location             Delay type                Incr(ns)  Path(ns)    Netlist Resource(s)
  -------------------------------------------------------------------    -------------------
                         (clock clk_out2_clk_wiz_0 fall edge)
                                                      4.000     4.000 f  
    BUFGCTRL_X0Y2        BUFG                         0.000     4.000 f  clk_IBUF_BUFG_inst/O
                         net (fo=302, routed)         2.106     6.106    datapath/video_inst/mmcm_adv_inst_display_clocks/inst/clk_in1
    MMCME2_ADV_X1Y0      MMCME2_ADV (Prop_mmcme2_adv_CLKIN1_CLKOUT1)
                                                     -4.900     1.207 f  datapath/video_inst/mmcm_adv_inst_display_clocks/inst/mmcm_adv_inst/CLKOUT1
                         net (fo=1, routed)           2.697     3.904    datapath/video_inst/mmcm_adv_inst_display_clocks/inst/clk_out2_clk_wiz_0
    BUFGCTRL_X0Y0        BUFG (Prop_bufg_I_O)         0.096     4.000 f  datapath/video_inst/mmcm_adv_inst_display_clocks/inst/clkout2_buf/O
                         net (fo=44, routed)          1.835     5.835    datapath/video_inst/inst_dvid/clk_out2
    OLOGIC_X1Y140        ODDR                                         f  datapath/video_inst/inst_dvid/ODDR2_blue/C
  -------------------------------------------------------------------    -------------------
    OLOGIC_X1Y140        ODDR (Prop_oddr_C_Q)         0.472     6.307 r  datapath/video_inst/inst_dvid/ODDR2_blue/Q
                         net (fo=1, routed)           0.001     6.308    datapath/video_inst/blue_s
    W1                   OBUFDS (Prop_obufds_I_O)     1.884     8.192 r  datapath/video_inst/OBUFDS_blue/O
                         net (fo=0)                   0.000     8.192    tmds[0]
    W1                                                                r  tmds[0] (OUT)
  -------------------------------------------------------------------    -------------------

Slack:                    inf
  Source:                 datapath/video_inst/inst_dvid/ODDR2_clock/C
                            (falling edge-triggered cell ODDR clocked by clk_out2_clk_wiz_0  {rise@0.000ns fall@4.000ns period=8.000ns})
  Destination:            tmdsb[3]
                            (output port)
  Path Group:             (none)
  Path Type:              Max at Slow Process Corner
  Data Path Delay:        2.341ns  (logic 2.340ns (99.957%)  route 0.001ns (0.043%))
  Logic Levels:           1  (OBUFDS=1)
  Clock Uncertainty:      0.166ns  ((TSJ^2 + DJ^2)^1/2) / 2 + PE
    Total System Jitter     (TSJ):    0.050ns
    Discrete Jitter          (DJ):    0.125ns
    Phase Error              (PE):    0.099ns

    Location             Delay type                Incr(ns)  Path(ns)    Netlist Resource(s)
  -------------------------------------------------------------------    -------------------
                         (clock clk_out2_clk_wiz_0 fall edge)
                                                      4.000     4.000 f  
    BUFGCTRL_X0Y2        BUFG                         0.000     4.000 f  clk_IBUF_BUFG_inst/O
                         net (fo=302, routed)         2.106     6.106    datapath/video_inst/mmcm_adv_inst_display_clocks/inst/clk_in1
    MMCME2_ADV_X1Y0      MMCME2_ADV (Prop_mmcme2_adv_CLKIN1_CLKOUT1)
                                                     -4.900     1.207 f  datapath/video_inst/mmcm_adv_inst_display_clocks/inst/mmcm_adv_inst/CLKOUT1
                         net (fo=1, routed)           2.697     3.904    datapath/video_inst/mmcm_adv_inst_display_clocks/inst/clk_out2_clk_wiz_0
    BUFGCTRL_X0Y0        BUFG (Prop_bufg_I_O)         0.096     4.000 f  datapath/video_inst/mmcm_adv_inst_display_clocks/inst/clkout2_buf/O
                         net (fo=44, routed)          1.838     5.838    datapath/video_inst/inst_dvid/clk_out2
    OLOGIC_X1Y148        ODDR                                         f  datapath/video_inst/inst_dvid/ODDR2_clock/C
  -------------------------------------------------------------------    -------------------
    OLOGIC_X1Y148        ODDR (Prop_oddr_C_Q)         0.472     6.310 r  datapath/video_inst/inst_dvid/ODDR2_clock/Q
                         net (fo=1, routed)           0.001     6.311    datapath/video_inst/clock_s
    T1                   OBUFDS (Prop_obufds_I_OB)    1.868     8.179 r  datapath/video_inst/OBUFDS_clock/OB
                         net (fo=0)                   0.000     8.179    tmdsb[3]
    U1                                                                r  tmdsb[3] (OUT)
  -------------------------------------------------------------------    -------------------

Slack:                    inf
  Source:                 datapath/video_inst/inst_dvid/ODDR2_clock/C
                            (falling edge-triggered cell ODDR clocked by clk_out2_clk_wiz_0  {rise@0.000ns fall@4.000ns period=8.000ns})
  Destination:            tmds[3]
                            (output port)
  Path Group:             (none)
  Path Type:              Max at Slow Process Corner
  Data Path Delay:        2.340ns  (logic 2.339ns (99.957%)  route 0.001ns (0.043%))
  Logic Levels:           1  (OBUFDS=1)
  Clock Uncertainty:      0.166ns  ((TSJ^2 + DJ^2)^1/2) / 2 + PE
    Total System Jitter     (TSJ):    0.050ns
    Discrete Jitter          (DJ):    0.125ns
    Phase Error              (PE):    0.099ns

    Location             Delay type                Incr(ns)  Path(ns)    Netlist Resource(s)
  -------------------------------------------------------------------    -------------------
                         (clock clk_out2_clk_wiz_0 fall edge)
                                                      4.000     4.000 f  
    BUFGCTRL_X0Y2        BUFG                         0.000     4.000 f  clk_IBUF_BUFG_inst/O
                         net (fo=302, routed)         2.106     6.106    datapath/video_inst/mmcm_adv_inst_display_clocks/inst/clk_in1
    MMCME2_ADV_X1Y0      MMCME2_ADV (Prop_mmcme2_adv_CLKIN1_CLKOUT1)
                                                     -4.900     1.207 f  datapath/video_inst/mmcm_adv_inst_display_clocks/inst/mmcm_adv_inst/CLKOUT1
                         net (fo=1, routed)           2.697     3.904    datapath/video_inst/mmcm_adv_inst_display_clocks/inst/clk_out2_clk_wiz_0
    BUFGCTRL_X0Y0        BUFG (Prop_bufg_I_O)         0.096     4.000 f  datapath/video_inst/mmcm_adv_inst_display_clocks/inst/clkout2_buf/O
                         net (fo=44, routed)          1.838     5.838    datapath/video_inst/inst_dvid/clk_out2
    OLOGIC_X1Y148        ODDR                                         f  datapath/video_inst/inst_dvid/ODDR2_clock/C
  -------------------------------------------------------------------    -------------------
    OLOGIC_X1Y148        ODDR (Prop_oddr_C_Q)         0.472     6.310 r  datapath/video_inst/inst_dvid/ODDR2_clock/Q
                         net (fo=1, routed)           0.001     6.311    datapath/video_inst/clock_s
    T1                   OBUFDS (Prop_obufds_I_O)     1.867     8.178 r  datapath/video_inst/OBUFDS_clock/O
                         net (fo=0)                   0.000     8.178    tmds[3]
    T1                                                                r  tmds[3] (OUT)
  -------------------------------------------------------------------    -------------------





Min Delay Paths
--------------------------------------------------------------------------------------
Slack:                    inf
  Source:                 datapath/video_inst/inst_dvid/ODDR2_clock/C
                            (rising edge-triggered cell ODDR clocked by clk_out2_clk_wiz_0  {rise@0.000ns fall@4.000ns period=8.000ns})
  Destination:            tmds[3]
                            (output port)
  Path Group:             (none)
  Path Type:              Min at Fast Process Corner
  Data Path Delay:        0.994ns  (logic 0.993ns (99.899%)  route 0.001ns (0.101%))
  Logic Levels:           1  (OBUFDS=1)
  Clock Uncertainty:      0.166ns  ((TSJ^2 + DJ^2)^1/2) / 2 + PE
    Total System Jitter     (TSJ):    0.050ns
    Discrete Jitter          (DJ):    0.125ns
    Phase Error              (PE):    0.099ns

    Location             Delay type                Incr(ns)  Path(ns)    Netlist Resource(s)
  -------------------------------------------------------------------    -------------------
                         (clock clk_out2_clk_wiz_0 rise edge)
                                                      0.000     0.000 r  
    BUFGCTRL_X0Y2        BUFG                         0.000     0.000 r  clk_IBUF_BUFG_inst/O
                         net (fo=302, routed)         0.745     0.745    datapath/video_inst/mmcm_adv_inst_display_clocks/inst/clk_in1
    MMCME2_ADV_X1Y0      MMCME2_ADV (Prop_mmcme2_adv_CLKIN1_CLKOUT1)
                                                     -1.683    -0.938 r  datapath/video_inst/mmcm_adv_inst_display_clocks/inst/mmcm_adv_inst/CLKOUT1
                         net (fo=1, routed)           0.912    -0.026    datapath/video_inst/mmcm_adv_inst_display_clocks/inst/clk_out2_clk_wiz_0
    BUFGCTRL_X0Y0        BUFG (Prop_bufg_I_O)         0.026    -0.000 r  datapath/video_inst/mmcm_adv_inst_display_clocks/inst/clkout2_buf/O
                         net (fo=44, routed)          0.640     0.640    datapath/video_inst/inst_dvid/clk_out2
    OLOGIC_X1Y148        ODDR                                         r  datapath/video_inst/inst_dvid/ODDR2_clock/C
  -------------------------------------------------------------------    -------------------
    OLOGIC_X1Y148        ODDR (Prop_oddr_C_Q)         0.177     0.817 r  datapath/video_inst/inst_dvid/ODDR2_clock/Q
                         net (fo=1, routed)           0.001     0.818    datapath/video_inst/clock_s
    T1                   OBUFDS (Prop_obufds_I_O)     0.816     1.634 r  datapath/video_inst/OBUFDS_clock/O
                         net (fo=0)                   0.000     1.634    tmds[3]
    T1                                                                r  tmds[3] (OUT)
  -------------------------------------------------------------------    -------------------

Slack:                    inf
  Source:                 datapath/video_inst/inst_dvid/ODDR2_clock/C
                            (rising edge-triggered cell ODDR clocked by clk_out2_clk_wiz_0  {rise@0.000ns fall@4.000ns period=8.000ns})
  Destination:            tmdsb[3]
                            (output port)
  Path Group:             (none)
  Path Type:              Min at Fast Process Corner
  Data Path Delay:        0.995ns  (logic 0.994ns (99.899%)  route 0.001ns (0.101%))
  Logic Levels:           1  (OBUFDS=1)
  Clock Uncertainty:      0.166ns  ((TSJ^2 + DJ^2)^1/2) / 2 + PE
    Total System Jitter     (TSJ):    0.050ns
    Discrete Jitter          (DJ):    0.125ns
    Phase Error              (PE):    0.099ns

    Location             Delay type                Incr(ns)  Path(ns)    Netlist Resource(s)
  -------------------------------------------------------------------    -------------------
                         (clock clk_out2_clk_wiz_0 rise edge)
                                                      0.000     0.000 r  
    BUFGCTRL_X0Y2        BUFG                         0.000     0.000 r  clk_IBUF_BUFG_inst/O
                         net (fo=302, routed)         0.745     0.745    datapath/video_inst/mmcm_adv_inst_display_clocks/inst/clk_in1
    MMCME2_ADV_X1Y0      MMCME2_ADV (Prop_mmcme2_adv_CLKIN1_CLKOUT1)
                                                     -1.683    -0.938 r  datapath/video_inst/mmcm_adv_inst_display_clocks/inst/mmcm_adv_inst/CLKOUT1
                         net (fo=1, routed)           0.912    -0.026    datapath/video_inst/mmcm_adv_inst_display_clocks/inst/clk_out2_clk_wiz_0
    BUFGCTRL_X0Y0        BUFG (Prop_bufg_I_O)         0.026    -0.000 r  datapath/video_inst/mmcm_adv_inst_display_clocks/inst/clkout2_buf/O
                         net (fo=44, routed)          0.640     0.640    datapath/video_inst/inst_dvid/clk_out2
    OLOGIC_X1Y148        ODDR                                         r  datapath/video_inst/inst_dvid/ODDR2_clock/C
  -------------------------------------------------------------------    -------------------
    OLOGIC_X1Y148        ODDR (Prop_oddr_C_Q)         0.177     0.817 r  datapath/video_inst/inst_dvid/ODDR2_clock/Q
                         net (fo=1, routed)           0.001     0.818    datapath/video_inst/clock_s
    T1                   OBUFDS (Prop_obufds_I_OB)    0.817     1.635 r  datapath/video_inst/OBUFDS_clock/OB
                         net (fo=0)                   0.000     1.635    tmdsb[3]
    U1                                                                r  tmdsb[3] (OUT)
  -------------------------------------------------------------------    -------------------

Slack:                    inf
  Source:                 datapath/video_inst/inst_dvid/ODDR2_blue/C
                            (rising edge-triggered cell ODDR clocked by clk_out2_clk_wiz_0  {rise@0.000ns fall@4.000ns period=8.000ns})
  Destination:            tmds[0]
                            (output port)
  Path Group:             (none)
  Path Type:              Min at Fast Process Corner
  Data Path Delay:        1.010ns  (logic 1.009ns (99.901%)  route 0.001ns (0.099%))
  Logic Levels:           1  (OBUFDS=1)
  Clock Uncertainty:      0.166ns  ((TSJ^2 + DJ^2)^1/2) / 2 + PE
    Total System Jitter     (TSJ):    0.050ns
    Discrete Jitter          (DJ):    0.125ns
    Phase Error              (PE):    0.099ns

    Location             Delay type                Incr(ns)  Path(ns)    Netlist Resource(s)
  -------------------------------------------------------------------    -------------------
                         (clock clk_out2_clk_wiz_0 rise edge)
                                                      0.000     0.000 r  
    BUFGCTRL_X0Y2        BUFG                         0.000     0.000 r  clk_IBUF_BUFG_inst/O
                         net (fo=302, routed)         0.745     0.745    datapath/video_inst/mmcm_adv_inst_display_clocks/inst/clk_in1
    MMCME2_ADV_X1Y0      MMCME2_ADV (Prop_mmcme2_adv_CLKIN1_CLKOUT1)
                                                     -1.683    -0.938 r  datapath/video_inst/mmcm_adv_inst_display_clocks/inst/mmcm_adv_inst/CLKOUT1
                         net (fo=1, routed)           0.912    -0.026    datapath/video_inst/mmcm_adv_inst_display_clocks/inst/clk_out2_clk_wiz_0
    BUFGCTRL_X0Y0        BUFG (Prop_bufg_I_O)         0.026    -0.000 r  datapath/video_inst/mmcm_adv_inst_display_clocks/inst/clkout2_buf/O
                         net (fo=44, routed)          0.638     0.638    datapath/video_inst/inst_dvid/clk_out2
    OLOGIC_X1Y140        ODDR                                         r  datapath/video_inst/inst_dvid/ODDR2_blue/C
  -------------------------------------------------------------------    -------------------
    OLOGIC_X1Y140        ODDR (Prop_oddr_C_Q)         0.177     0.815 r  datapath/video_inst/inst_dvid/ODDR2_blue/Q
                         net (fo=1, routed)           0.001     0.816    datapath/video_inst/blue_s
    W1                   OBUFDS (Prop_obufds_I_O)     0.832     1.648 r  datapath/video_inst/OBUFDS_blue/O
                         net (fo=0)                   0.000     1.648    tmds[0]
    W1                                                                r  tmds[0] (OUT)
  -------------------------------------------------------------------    -------------------

Slack:                    inf
  Source:                 datapath/video_inst/inst_dvid/ODDR2_blue/C
                            (rising edge-triggered cell ODDR clocked by clk_out2_clk_wiz_0  {rise@0.000ns fall@4.000ns period=8.000ns})
  Destination:            tmdsb[0]
                            (output port)
  Path Group:             (none)
  Path Type:              Min at Fast Process Corner
  Data Path Delay:        1.011ns  (logic 1.010ns (99.901%)  route 0.001ns (0.099%))
  Logic Levels:           1  (OBUFDS=1)
  Clock Uncertainty:      0.166ns  ((TSJ^2 + DJ^2)^1/2) / 2 + PE
    Total System Jitter     (TSJ):    0.050ns
    Discrete Jitter          (DJ):    0.125ns
    Phase Error              (PE):    0.099ns

    Location             Delay type                Incr(ns)  Path(ns)    Netlist Resource(s)
  -------------------------------------------------------------------    -------------------
                         (clock clk_out2_clk_wiz_0 rise edge)
                                                      0.000     0.000 r  
    BUFGCTRL_X0Y2        BUFG                         0.000     0.000 r  clk_IBUF_BUFG_inst/O
                         net (fo=302, routed)         0.745     0.745    datapath/video_inst/mmcm_adv_inst_display_clocks/inst/clk_in1
    MMCME2_ADV_X1Y0      MMCME2_ADV (Prop_mmcme2_adv_CLKIN1_CLKOUT1)
                                                     -1.683    -0.938 r  datapath/video_inst/mmcm_adv_inst_display_clocks/inst/mmcm_adv_inst/CLKOUT1
                         net (fo=1, routed)           0.912    -0.026    datapath/video_inst/mmcm_adv_inst_display_clocks/inst/clk_out2_clk_wiz_0
    BUFGCTRL_X0Y0        BUFG (Prop_bufg_I_O)         0.026    -0.000 r  datapath/video_inst/mmcm_adv_inst_display_clocks/inst/clkout2_buf/O
                         net (fo=44, routed)          0.638     0.638    datapath/video_inst/inst_dvid/clk_out2
    OLOGIC_X1Y140        ODDR                                         r  datapath/video_inst/inst_dvid/ODDR2_blue/C
  -------------------------------------------------------------------    -------------------
    OLOGIC_X1Y140        ODDR (Prop_oddr_C_Q)         0.177     0.815 r  datapath/video_inst/inst_dvid/ODDR2_blue/Q
                         net (fo=1, routed)           0.001     0.816    datapath/video_inst/blue_s
    W1                   OBUFDS (Prop_obufds_I_OB)    0.833     1.649 r  datapath/video_inst/OBUFDS_blue/OB
                         net (fo=0)                   0.000     1.649    tmdsb[0]
    Y1                                                                r  tmdsb[0] (OUT)
  -------------------------------------------------------------------    -------------------

Slack:                    inf
  Source:                 datapath/video_inst/inst_dvid/ODDR2_green/C
                            (rising edge-triggered cell ODDR clocked by clk_out2_clk_wiz_0  {rise@0.000ns fall@4.000ns period=8.000ns})
  Destination:            tmds[1]
                            (output port)
  Path Group:             (none)
  Path Type:              Min at Fast Process Corner
  Data Path Delay:        1.022ns  (logic 1.021ns (99.902%)  route 0.001ns (0.098%))
  Logic Levels:           1  (OBUFDS=1)
  Clock Uncertainty:      0.166ns  ((TSJ^2 + DJ^2)^1/2) / 2 + PE
    Total System Jitter     (TSJ):    0.050ns
    Discrete Jitter          (DJ):    0.125ns
    Phase Error              (PE):    0.099ns

    Location             Delay type                Incr(ns)  Path(ns)    Netlist Resource(s)
  -------------------------------------------------------------------    -------------------
                         (clock clk_out2_clk_wiz_0 rise edge)
                                                      0.000     0.000 r  
    BUFGCTRL_X0Y2        BUFG                         0.000     0.000 r  clk_IBUF_BUFG_inst/O
                         net (fo=302, routed)         0.745     0.745    datapath/video_inst/mmcm_adv_inst_display_clocks/inst/clk_in1
    MMCME2_ADV_X1Y0      MMCME2_ADV (Prop_mmcme2_adv_CLKIN1_CLKOUT1)
                                                     -1.683    -0.938 r  datapath/video_inst/mmcm_adv_inst_display_clocks/inst/mmcm_adv_inst/CLKOUT1
                         net (fo=1, routed)           0.912    -0.026    datapath/video_inst/mmcm_adv_inst_display_clocks/inst/clk_out2_clk_wiz_0
    BUFGCTRL_X0Y0        BUFG (Prop_bufg_I_O)         0.026    -0.000 r  datapath/video_inst/mmcm_adv_inst_display_clocks/inst/clkout2_buf/O
                         net (fo=44, routed)          0.636     0.636    datapath/video_inst/inst_dvid/clk_out2
    OLOGIC_X1Y136        ODDR                                         r  datapath/video_inst/inst_dvid/ODDR2_green/C
  -------------------------------------------------------------------    -------------------
    OLOGIC_X1Y136        ODDR (Prop_oddr_C_Q)         0.177     0.813 r  datapath/video_inst/inst_dvid/ODDR2_green/Q
                         net (fo=1, routed)           0.001     0.814    datapath/video_inst/green_s
    AA1                  OBUFDS (Prop_obufds_I_O)     0.844     1.657 r  datapath/video_inst/OBUFDS_red/O
                         net (fo=0)                   0.000     1.657    tmds[1]
    AA1                                                               r  tmds[1] (OUT)
  -------------------------------------------------------------------    -------------------

Slack:                    inf
  Source:                 datapath/video_inst/inst_dvid/ODDR2_green/C
                            (rising edge-triggered cell ODDR clocked by clk_out2_clk_wiz_0  {rise@0.000ns fall@4.000ns period=8.000ns})
  Destination:            tmdsb[1]
                            (output port)
  Path Group:             (none)
  Path Type:              Min at Fast Process Corner
  Data Path Delay:        1.023ns  (logic 1.022ns (99.902%)  route 0.001ns (0.098%))
  Logic Levels:           1  (OBUFDS=1)
  Clock Uncertainty:      0.166ns  ((TSJ^2 + DJ^2)^1/2) / 2 + PE
    Total System Jitter     (TSJ):    0.050ns
    Discrete Jitter          (DJ):    0.125ns
    Phase Error              (PE):    0.099ns

    Location             Delay type                Incr(ns)  Path(ns)    Netlist Resource(s)
  -------------------------------------------------------------------    -------------------
                         (clock clk_out2_clk_wiz_0 rise edge)
                                                      0.000     0.000 r  
    BUFGCTRL_X0Y2        BUFG                         0.000     0.000 r  clk_IBUF_BUFG_inst/O
                         net (fo=302, routed)         0.745     0.745    datapath/video_inst/mmcm_adv_inst_display_clocks/inst/clk_in1
    MMCME2_ADV_X1Y0      MMCME2_ADV (Prop_mmcme2_adv_CLKIN1_CLKOUT1)
                                                     -1.683    -0.938 r  datapath/video_inst/mmcm_adv_inst_display_clocks/inst/mmcm_adv_inst/CLKOUT1
                         net (fo=1, routed)           0.912    -0.026    datapath/video_inst/mmcm_adv_inst_display_clocks/inst/clk_out2_clk_wiz_0
    BUFGCTRL_X0Y0        BUFG (Prop_bufg_I_O)         0.026    -0.000 r  datapath/video_inst/mmcm_adv_inst_display_clocks/inst/clkout2_buf/O
                         net (fo=44, routed)          0.636     0.636    datapath/video_inst/inst_dvid/clk_out2
    OLOGIC_X1Y136        ODDR                                         r  datapath/video_inst/inst_dvid/ODDR2_green/C
  -------------------------------------------------------------------    -------------------
    OLOGIC_X1Y136        ODDR (Prop_oddr_C_Q)         0.177     0.813 r  datapath/video_inst/inst_dvid/ODDR2_green/Q
                         net (fo=1, routed)           0.001     0.814    datapath/video_inst/green_s
    AA1                  OBUFDS (Prop_obufds_I_OB)    0.845     1.658 r  datapath/video_inst/OBUFDS_red/OB
                         net (fo=0)                   0.000     1.658    tmdsb[1]
    AB1                                                               r  tmdsb[1] (OUT)
  -------------------------------------------------------------------    -------------------

Slack:                    inf
  Source:                 datapath/video_inst/inst_dvid/ODDR2_red/C
                            (rising edge-triggered cell ODDR clocked by clk_out2_clk_wiz_0  {rise@0.000ns fall@4.000ns period=8.000ns})
  Destination:            tmds[2]
                            (output port)
  Path Group:             (none)
  Path Type:              Min at Fast Process Corner
  Data Path Delay:        1.023ns  (logic 1.022ns (99.902%)  route 0.001ns (0.098%))
  Logic Levels:           1  (OBUFDS=1)
  Clock Uncertainty:      0.166ns  ((TSJ^2 + DJ^2)^1/2) / 2 + PE
    Total System Jitter     (TSJ):    0.050ns
    Discrete Jitter          (DJ):    0.125ns
    Phase Error              (PE):    0.099ns

    Location             Delay type                Incr(ns)  Path(ns)    Netlist Resource(s)
  -------------------------------------------------------------------    -------------------
                         (clock clk_out2_clk_wiz_0 rise edge)
                                                      0.000     0.000 r  
    BUFGCTRL_X0Y2        BUFG                         0.000     0.000 r  clk_IBUF_BUFG_inst/O
                         net (fo=302, routed)         0.745     0.745    datapath/video_inst/mmcm_adv_inst_display_clocks/inst/clk_in1
    MMCME2_ADV_X1Y0      MMCME2_ADV (Prop_mmcme2_adv_CLKIN1_CLKOUT1)
                                                     -1.683    -0.938 r  datapath/video_inst/mmcm_adv_inst_display_clocks/inst/mmcm_adv_inst/CLKOUT1
                         net (fo=1, routed)           0.912    -0.026    datapath/video_inst/mmcm_adv_inst_display_clocks/inst/clk_out2_clk_wiz_0
    BUFGCTRL_X0Y0        BUFG (Prop_bufg_I_O)         0.026    -0.000 r  datapath/video_inst/mmcm_adv_inst_display_clocks/inst/clkout2_buf/O
                         net (fo=44, routed)          0.636     0.636    datapath/video_inst/inst_dvid/clk_out2
    OLOGIC_X1Y134        ODDR                                         r  datapath/video_inst/inst_dvid/ODDR2_red/C
  -------------------------------------------------------------------    -------------------
    OLOGIC_X1Y134        ODDR (Prop_oddr_C_Q)         0.177     0.813 r  datapath/video_inst/inst_dvid/ODDR2_red/Q
                         net (fo=1, routed)           0.001     0.814    datapath/video_inst/red_s
    AB3                  OBUFDS (Prop_obufds_I_O)     0.845     1.659 r  datapath/video_inst/OBUFDS_green/O
                         net (fo=0)                   0.000     1.659    tmds[2]
    AB3                                                               r  tmds[2] (OUT)
  -------------------------------------------------------------------    -------------------

Slack:                    inf
  Source:                 datapath/video_inst/inst_dvid/ODDR2_red/C
                            (rising edge-triggered cell ODDR clocked by clk_out2_clk_wiz_0  {rise@0.000ns fall@4.000ns period=8.000ns})
  Destination:            tmdsb[2]
                            (output port)
  Path Group:             (none)
  Path Type:              Min at Fast Process Corner
  Data Path Delay:        1.024ns  (logic 1.023ns (99.902%)  route 0.001ns (0.098%))
  Logic Levels:           1  (OBUFDS=1)
  Clock Uncertainty:      0.166ns  ((TSJ^2 + DJ^2)^1/2) / 2 + PE
    Total System Jitter     (TSJ):    0.050ns
    Discrete Jitter          (DJ):    0.125ns
    Phase Error              (PE):    0.099ns

    Location             Delay type                Incr(ns)  Path(ns)    Netlist Resource(s)
  -------------------------------------------------------------------    -------------------
                         (clock clk_out2_clk_wiz_0 rise edge)
                                                      0.000     0.000 r  
    BUFGCTRL_X0Y2        BUFG                         0.000     0.000 r  clk_IBUF_BUFG_inst/O
                         net (fo=302, routed)         0.745     0.745    datapath/video_inst/mmcm_adv_inst_display_clocks/inst/clk_in1
    MMCME2_ADV_X1Y0      MMCME2_ADV (Prop_mmcme2_adv_CLKIN1_CLKOUT1)
                                                     -1.683    -0.938 r  datapath/video_inst/mmcm_adv_inst_display_clocks/inst/mmcm_adv_inst/CLKOUT1
                         net (fo=1, routed)           0.912    -0.026    datapath/video_inst/mmcm_adv_inst_display_clocks/inst/clk_out2_clk_wiz_0
    BUFGCTRL_X0Y0        BUFG (Prop_bufg_I_O)         0.026    -0.000 r  datapath/video_inst/mmcm_adv_inst_display_clocks/inst/clkout2_buf/O
                         net (fo=44, routed)          0.636     0.636    datapath/video_inst/inst_dvid/clk_out2
    OLOGIC_X1Y134        ODDR                                         r  datapath/video_inst/inst_dvid/ODDR2_red/C
  -------------------------------------------------------------------    -------------------
    OLOGIC_X1Y134        ODDR (Prop_oddr_C_Q)         0.177     0.813 r  datapath/video_inst/inst_dvid/ODDR2_red/Q
                         net (fo=1, routed)           0.001     0.814    datapath/video_inst/red_s
    AB3                  OBUFDS (Prop_obufds_I_OB)    0.846     1.660 r  datapath/video_inst/OBUFDS_green/OB
                         net (fo=0)                   0.000     1.660    tmdsb[2]
    AB2                                                               r  tmdsb[2] (OUT)
  -------------------------------------------------------------------    -------------------





--------------------------------------------------------------------------------------
Path Group:  (none)
From Clock:  clk_out2_clk_wiz_1
  To Clock:  

Max Delay             2 Endpoints
Min Delay             2 Endpoints
--------------------------------------------------------------------------------------


Max Delay Paths
--------------------------------------------------------------------------------------
Slack:                    inf
  Source:                 datapath/Audio_Codec/initialize_audio/twi_controller/rSda_reg/C
                            (rising edge-triggered cell FDRE clocked by clk_out2_clk_wiz_1  {rise@0.000ns fall@10.000ns period=20.000ns})
  Destination:            sda
                            (output port)
  Path Group:             (none)
  Path Type:              Max at Slow Process Corner
  Data Path Delay:        5.832ns  (logic 4.066ns (69.720%)  route 1.766ns (30.280%))
  Logic Levels:           1  (OBUFT=1)
  Clock Uncertainty:      0.178ns  ((TSJ^2 + DJ^2)^1/2) / 2 + PE
    Total System Jitter     (TSJ):    0.050ns
    Discrete Jitter          (DJ):    0.152ns
    Phase Error              (PE):    0.099ns

    Location             Delay type                Incr(ns)  Path(ns)    Netlist Resource(s)
  -------------------------------------------------------------------    -------------------
                         (clock clk_out2_clk_wiz_1 rise edge)
                                                      0.000     0.000 r  
    BUFGCTRL_X0Y2        BUFG                         0.000     0.000 r  clk_IBUF_BUFG_inst/O
                         net (fo=302, routed)         1.761     1.761    datapath/Audio_Codec/audiocodec_master_clock/inst/clk_in1
    MMCME2_ADV_X0Y2      MMCME2_ADV (Prop_mmcme2_adv_CLKIN1_CLKOUT1)
                                                     -3.701    -1.939 r  datapath/Audio_Codec/audiocodec_master_clock/inst/mmcm_adv_inst/CLKOUT1
                         net (fo=1, routed)           1.843    -0.096    datapath/Audio_Codec/audiocodec_master_clock/inst/clk_out2_clk_wiz_1
    BUFGCTRL_X0Y3        BUFG (Prop_bufg_I_O)         0.096    -0.000 r  datapath/Audio_Codec/audiocodec_master_clock/inst/clkout2_buf/O
                         net (fo=115, routed)         1.821     1.821    datapath/Audio_Codec/initialize_audio/twi_controller/CLK
    SLICE_X162Y118       FDRE                                         r  datapath/Audio_Codec/initialize_audio/twi_controller/rSda_reg/C
  -------------------------------------------------------------------    -------------------
    SLICE_X162Y118       FDRE (Prop_fdre_C_Q)         0.518     2.339 f  datapath/Audio_Codec/initialize_audio/twi_controller/rSda_reg/Q
                         net (fo=3, routed)           1.766     4.105    sda_IOBUF_inst/T
    V5                   OBUFT (TriStatE_obuft_T_O)
                                                      3.548     7.653 r  sda_IOBUF_inst/OBUFT/O
                         net (fo=1, unset)            0.000     7.653    sda
    V5                                                                r  sda (INOUT)
  -------------------------------------------------------------------    -------------------

Slack:                    inf
  Source:                 datapath/Audio_Codec/initialize_audio/twi_controller/rScl_reg/C
                            (rising edge-triggered cell FDRE clocked by clk_out2_clk_wiz_1  {rise@0.000ns fall@10.000ns period=20.000ns})
  Destination:            scl
                            (output port)
  Path Group:             (none)
  Path Type:              Max at Slow Process Corner
  Data Path Delay:        5.708ns  (logic 4.083ns (71.527%)  route 1.625ns (28.473%))
  Logic Levels:           1  (OBUFT=1)
  Clock Uncertainty:      0.178ns  ((TSJ^2 + DJ^2)^1/2) / 2 + PE
    Total System Jitter     (TSJ):    0.050ns
    Discrete Jitter          (DJ):    0.152ns
    Phase Error              (PE):    0.099ns

    Location             Delay type                Incr(ns)  Path(ns)    Netlist Resource(s)
  -------------------------------------------------------------------    -------------------
                         (clock clk_out2_clk_wiz_1 rise edge)
                                                      0.000     0.000 r  
    BUFGCTRL_X0Y2        BUFG                         0.000     0.000 r  clk_IBUF_BUFG_inst/O
                         net (fo=302, routed)         1.761     1.761    datapath/Audio_Codec/audiocodec_master_clock/inst/clk_in1
    MMCME2_ADV_X0Y2      MMCME2_ADV (Prop_mmcme2_adv_CLKIN1_CLKOUT1)
                                                     -3.701    -1.939 r  datapath/Audio_Codec/audiocodec_master_clock/inst/mmcm_adv_inst/CLKOUT1
                         net (fo=1, routed)           1.843    -0.096    datapath/Audio_Codec/audiocodec_master_clock/inst/clk_out2_clk_wiz_1
    BUFGCTRL_X0Y3        BUFG (Prop_bufg_I_O)         0.096    -0.000 r  datapath/Audio_Codec/audiocodec_master_clock/inst/clkout2_buf/O
                         net (fo=115, routed)         1.820     1.820    datapath/Audio_Codec/initialize_audio/twi_controller/CLK
    SLICE_X162Y119       FDRE                                         r  datapath/Audio_Codec/initialize_audio/twi_controller/rScl_reg/C
  -------------------------------------------------------------------    -------------------
    SLICE_X162Y119       FDRE (Prop_fdre_C_Q)         0.518     2.338 f  datapath/Audio_Codec/initialize_audio/twi_controller/rScl_reg/Q
                         net (fo=3, routed)           1.625     3.964    scl_IOBUF_inst/T
    W5                   OBUFT (TriStatE_obuft_T_O)
                                                      3.565     7.529 r  scl_IOBUF_inst/OBUFT/O
                         net (fo=1, unset)            0.000     7.529    scl
    W5                                                                r  scl (INOUT)
  -------------------------------------------------------------------    -------------------





Min Delay Paths
--------------------------------------------------------------------------------------
Slack:                    inf
  Source:                 datapath/Audio_Codec/initialize_audio/twi_controller/rScl_reg/C
                            (rising edge-triggered cell FDRE clocked by clk_out2_clk_wiz_1  {rise@0.000ns fall@10.000ns period=20.000ns})
  Destination:            scl
                            (output port)
  Path Group:             (none)
  Path Type:              Min at Fast Process Corner
  Data Path Delay:        1.590ns  (logic 0.988ns (62.126%)  route 0.602ns (37.874%))
  Logic Levels:           1  (OBUFT=1)
  Clock Uncertainty:      0.178ns  ((TSJ^2 + DJ^2)^1/2) / 2 + PE
    Total System Jitter     (TSJ):    0.050ns
    Discrete Jitter          (DJ):    0.152ns
    Phase Error              (PE):    0.099ns

    Location             Delay type                Incr(ns)  Path(ns)    Netlist Resource(s)
  -------------------------------------------------------------------    -------------------
                         (clock clk_out2_clk_wiz_1 rise edge)
                                                      0.000     0.000 r  
    BUFGCTRL_X0Y2        BUFG                         0.000     0.000 r  clk_IBUF_BUFG_inst/O
                         net (fo=302, routed)         0.610     0.610    datapath/Audio_Codec/audiocodec_master_clock/inst/clk_in1
    MMCME2_ADV_X0Y2      MMCME2_ADV (Prop_mmcme2_adv_CLKIN1_CLKOUT1)
                                                     -1.180    -0.571 r  datapath/Audio_Codec/audiocodec_master_clock/inst/mmcm_adv_inst/CLKOUT1
                         net (fo=1, routed)           0.545    -0.026    datapath/Audio_Codec/audiocodec_master_clock/inst/clk_out2_clk_wiz_1
    BUFGCTRL_X0Y3        BUFG (Prop_bufg_I_O)         0.026     0.000 r  datapath/Audio_Codec/audiocodec_master_clock/inst/clkout2_buf/O
                         net (fo=115, routed)         0.640     0.640    datapath/Audio_Codec/initialize_audio/twi_controller/CLK
    SLICE_X162Y119       FDRE                                         r  datapath/Audio_Codec/initialize_audio/twi_controller/rScl_reg/C
  -------------------------------------------------------------------    -------------------
    SLICE_X162Y119       FDRE (Prop_fdre_C_Q)         0.164     0.804 r  datapath/Audio_Codec/initialize_audio/twi_controller/rScl_reg/Q
                         net (fo=3, routed)           0.602     1.406    scl_IOBUF_inst/T
    W5                   OBUFT (TriStatD_obuft_T_O)
                                                      0.824     2.230 r  scl_IOBUF_inst/OBUFT/O
                         net (fo=1, unset)            0.000     2.230    scl
    W5                                                                r  scl (INOUT)
  -------------------------------------------------------------------    -------------------

Slack:                    inf
  Source:                 datapath/Audio_Codec/initialize_audio/twi_controller/rSda_reg/C
                            (rising edge-triggered cell FDRE clocked by clk_out2_clk_wiz_1  {rise@0.000ns fall@10.000ns period=20.000ns})
  Destination:            sda
                            (output port)
  Path Group:             (none)
  Path Type:              Min at Fast Process Corner
  Data Path Delay:        1.643ns  (logic 0.988ns (60.141%)  route 0.655ns (39.859%))
  Logic Levels:           1  (OBUFT=1)
  Clock Uncertainty:      0.178ns  ((TSJ^2 + DJ^2)^1/2) / 2 + PE
    Total System Jitter     (TSJ):    0.050ns
    Discrete Jitter          (DJ):    0.152ns
    Phase Error              (PE):    0.099ns

    Location             Delay type                Incr(ns)  Path(ns)    Netlist Resource(s)
  -------------------------------------------------------------------    -------------------
                         (clock clk_out2_clk_wiz_1 rise edge)
                                                      0.000     0.000 r  
    BUFGCTRL_X0Y2        BUFG                         0.000     0.000 r  clk_IBUF_BUFG_inst/O
                         net (fo=302, routed)         0.610     0.610    datapath/Audio_Codec/audiocodec_master_clock/inst/clk_in1
    MMCME2_ADV_X0Y2      MMCME2_ADV (Prop_mmcme2_adv_CLKIN1_CLKOUT1)
                                                     -1.180    -0.571 r  datapath/Audio_Codec/audiocodec_master_clock/inst/mmcm_adv_inst/CLKOUT1
                         net (fo=1, routed)           0.545    -0.026    datapath/Audio_Codec/audiocodec_master_clock/inst/clk_out2_clk_wiz_1
    BUFGCTRL_X0Y3        BUFG (Prop_bufg_I_O)         0.026     0.000 r  datapath/Audio_Codec/audiocodec_master_clock/inst/clkout2_buf/O
                         net (fo=115, routed)         0.641     0.641    datapath/Audio_Codec/initialize_audio/twi_controller/CLK
    SLICE_X162Y118       FDRE                                         r  datapath/Audio_Codec/initialize_audio/twi_controller/rSda_reg/C
  -------------------------------------------------------------------    -------------------
    SLICE_X162Y118       FDRE (Prop_fdre_C_Q)         0.164     0.805 r  datapath/Audio_Codec/initialize_audio/twi_controller/rSda_reg/Q
                         net (fo=3, routed)           0.655     1.459    sda_IOBUF_inst/T
    V5                   OBUFT (TriStatD_obuft_T_O)
                                                      0.824     2.283 r  sda_IOBUF_inst/OBUFT/O
                         net (fo=1, unset)            0.000     2.283    sda
    V5                                                                r  sda (INOUT)
  -------------------------------------------------------------------    -------------------





--------------------------------------------------------------------------------------
Path Group:  (none)
From Clock:  clkfbout_clk_wiz_0
  To Clock:  

Max Delay             1 Endpoint
Min Delay             1 Endpoint
--------------------------------------------------------------------------------------


Max Delay Paths
--------------------------------------------------------------------------------------
Slack:                    inf
  Source:                 datapath/video_inst/mmcm_adv_inst_display_clocks/inst/mmcm_adv_inst/CLKFBOUT
                            (clock source 'clkfbout_clk_wiz_0'  {rise@0.000ns fall@5.000ns period=10.000ns})
  Destination:            datapath/video_inst/mmcm_adv_inst_display_clocks/inst/mmcm_adv_inst/CLKFBIN
  Path Group:             (none)
  Path Type:              Max at Slow Process Corner
  Data Path Delay:        4.900ns  (logic 0.096ns (1.959%)  route 4.804ns (98.041%))
  Logic Levels:           1  (BUFG=1)
  Clock Uncertainty:      0.148ns  ((TSJ^2 + DJ^2)^1/2) / 2 + PE
    Total System Jitter     (TSJ):    0.050ns
    Discrete Jitter          (DJ):    0.086ns
    Phase Error              (PE):    0.099ns

    Location             Delay type                Incr(ns)  Path(ns)    Netlist Resource(s)
  -------------------------------------------------------------------    -------------------
                         (clock clkfbout_clk_wiz_0 fall edge)
                                                      5.000     5.000 f  
    BUFGCTRL_X0Y2        BUFG                         0.000     5.000 f  clk_IBUF_BUFG_inst/O
                         net (fo=302, routed)         2.106     7.106    datapath/video_inst/mmcm_adv_inst_display_clocks/inst/clk_in1
  -------------------------------------------------------------------    -------------------
    MMCME2_ADV_X1Y0      MMCME2_ADV (Prop_mmcme2_adv_CLKIN1_CLKFBOUT)
                                                     -4.900     2.207 f  datapath/video_inst/mmcm_adv_inst_display_clocks/inst/mmcm_adv_inst/CLKFBOUT
                         net (fo=1, routed)           2.697     4.904    datapath/video_inst/mmcm_adv_inst_display_clocks/inst/clkfbout_clk_wiz_0
    BUFGCTRL_X0Y6        BUFG (Prop_bufg_I_O)         0.096     5.000 f  datapath/video_inst/mmcm_adv_inst_display_clocks/inst/clkf_buf/O
                         net (fo=1, routed)           2.106     7.106    datapath/video_inst/mmcm_adv_inst_display_clocks/inst/clkfbout_buf_clk_wiz_0
    MMCME2_ADV_X1Y0      MMCME2_ADV                                   f  datapath/video_inst/mmcm_adv_inst_display_clocks/inst/mmcm_adv_inst/CLKFBIN
  -------------------------------------------------------------------    -------------------





Min Delay Paths
--------------------------------------------------------------------------------------
Slack:                    inf
  Source:                 datapath/video_inst/mmcm_adv_inst_display_clocks/inst/mmcm_adv_inst/CLKFBOUT
                            (clock source 'clkfbout_clk_wiz_0'  {rise@0.000ns fall@5.000ns period=10.000ns})
  Destination:            datapath/video_inst/mmcm_adv_inst_display_clocks/inst/mmcm_adv_inst/CLKFBIN
  Path Group:             (none)
  Path Type:              Min at Fast Process Corner
  Data Path Delay:        1.683ns  (logic 0.026ns (1.545%)  route 1.657ns (98.455%))
  Logic Levels:           1  (BUFG=1)
  Clock Uncertainty:      0.148ns  ((TSJ^2 + DJ^2)^1/2) / 2 + PE
    Total System Jitter     (TSJ):    0.050ns
    Discrete Jitter          (DJ):    0.086ns
    Phase Error              (PE):    0.099ns

    Location             Delay type                Incr(ns)  Path(ns)    Netlist Resource(s)
  -------------------------------------------------------------------    -------------------
                         (clock clkfbout_clk_wiz_0 rise edge)
                                                      0.000     0.000 r  
    BUFGCTRL_X0Y2        BUFG                         0.000     0.000 r  clk_IBUF_BUFG_inst/O
                         net (fo=302, routed)         0.745     0.745    datapath/video_inst/mmcm_adv_inst_display_clocks/inst/clk_in1
  -------------------------------------------------------------------    -------------------
    MMCME2_ADV_X1Y0      MMCME2_ADV (Prop_mmcme2_adv_CLKIN1_CLKFBOUT)
                                                     -1.683    -0.938 r  datapath/video_inst/mmcm_adv_inst_display_clocks/inst/mmcm_adv_inst/CLKFBOUT
                         net (fo=1, routed)           0.912    -0.026    datapath/video_inst/mmcm_adv_inst_display_clocks/inst/clkfbout_clk_wiz_0
    BUFGCTRL_X0Y6        BUFG (Prop_bufg_I_O)         0.026    -0.000 r  datapath/video_inst/mmcm_adv_inst_display_clocks/inst/clkf_buf/O
                         net (fo=1, routed)           0.745     0.745    datapath/video_inst/mmcm_adv_inst_display_clocks/inst/clkfbout_buf_clk_wiz_0
    MMCME2_ADV_X1Y0      MMCME2_ADV                                   r  datapath/video_inst/mmcm_adv_inst_display_clocks/inst/mmcm_adv_inst/CLKFBIN
  -------------------------------------------------------------------    -------------------





--------------------------------------------------------------------------------------
Path Group:  (none)
From Clock:  clkfbout_clk_wiz_1
  To Clock:  

Max Delay             1 Endpoint
Min Delay             1 Endpoint
--------------------------------------------------------------------------------------


Max Delay Paths
--------------------------------------------------------------------------------------
Slack:                    inf
  Source:                 datapath/Audio_Codec/audiocodec_master_clock/inst/mmcm_adv_inst/CLKFBOUT
                            (clock source 'clkfbout_clk_wiz_1'  {rise@0.000ns fall@5.000ns period=10.000ns})
  Destination:            datapath/Audio_Codec/audiocodec_master_clock/inst/mmcm_adv_inst/CLKFBIN
  Path Group:             (none)
  Path Type:              Max at Slow Process Corner
  Data Path Delay:        3.701ns  (logic 0.096ns (2.594%)  route 3.605ns (97.406%))
  Logic Levels:           1  (BUFG=1)
  Clock Uncertainty:      0.148ns  ((TSJ^2 + DJ^2)^1/2) / 2 + PE
    Total System Jitter     (TSJ):    0.050ns
    Discrete Jitter          (DJ):    0.086ns
    Phase Error              (PE):    0.099ns

    Location             Delay type                Incr(ns)  Path(ns)    Netlist Resource(s)
  -------------------------------------------------------------------    -------------------
                         (clock clkfbout_clk_wiz_1 fall edge)
                                                      5.000     5.000 f  
    BUFGCTRL_X0Y2        BUFG                         0.000     5.000 f  clk_IBUF_BUFG_inst/O
                         net (fo=302, routed)         1.761     6.761    datapath/Audio_Codec/audiocodec_master_clock/inst/clk_in1
  -------------------------------------------------------------------    -------------------
    MMCME2_ADV_X0Y2      MMCME2_ADV (Prop_mmcme2_adv_CLKIN1_CLKFBOUT)
                                                     -3.701     3.061 f  datapath/Audio_Codec/audiocodec_master_clock/inst/mmcm_adv_inst/CLKFBOUT
                         net (fo=1, routed)           1.843     4.904    datapath/Audio_Codec/audiocodec_master_clock/inst/clkfbout_clk_wiz_1
    BUFGCTRL_X0Y5        BUFG (Prop_bufg_I_O)         0.096     5.000 f  datapath/Audio_Codec/audiocodec_master_clock/inst/clkf_buf/O
                         net (fo=1, routed)           1.761     6.761    datapath/Audio_Codec/audiocodec_master_clock/inst/clkfbout_buf_clk_wiz_1
    MMCME2_ADV_X0Y2      MMCME2_ADV                                   f  datapath/Audio_Codec/audiocodec_master_clock/inst/mmcm_adv_inst/CLKFBIN
  -------------------------------------------------------------------    -------------------





Min Delay Paths
--------------------------------------------------------------------------------------
Slack:                    inf
  Source:                 datapath/Audio_Codec/audiocodec_master_clock/inst/mmcm_adv_inst/CLKFBOUT
                            (clock source 'clkfbout_clk_wiz_1'  {rise@0.000ns fall@5.000ns period=10.000ns})
  Destination:            datapath/Audio_Codec/audiocodec_master_clock/inst/mmcm_adv_inst/CLKFBIN
  Path Group:             (none)
  Path Type:              Min at Fast Process Corner
  Data Path Delay:        1.180ns  (logic 0.026ns (2.202%)  route 1.155ns (97.798%))
  Logic Levels:           1  (BUFG=1)
  Clock Uncertainty:      0.148ns  ((TSJ^2 + DJ^2)^1/2) / 2 + PE
    Total System Jitter     (TSJ):    0.050ns
    Discrete Jitter          (DJ):    0.086ns
    Phase Error              (PE):    0.099ns

    Location             Delay type                Incr(ns)  Path(ns)    Netlist Resource(s)
  -------------------------------------------------------------------    -------------------
                         (clock clkfbout_clk_wiz_1 rise edge)
                                                      0.000     0.000 r  
    BUFGCTRL_X0Y2        BUFG                         0.000     0.000 r  clk_IBUF_BUFG_inst/O
                         net (fo=302, routed)         0.610     0.610    datapath/Audio_Codec/audiocodec_master_clock/inst/clk_in1
  -------------------------------------------------------------------    -------------------
    MMCME2_ADV_X0Y2      MMCME2_ADV (Prop_mmcme2_adv_CLKIN1_CLKFBOUT)
                                                     -1.180    -0.571 r  datapath/Audio_Codec/audiocodec_master_clock/inst/mmcm_adv_inst/CLKFBOUT
                         net (fo=1, routed)           0.545    -0.026    datapath/Audio_Codec/audiocodec_master_clock/inst/clkfbout_clk_wiz_1
    BUFGCTRL_X0Y5        BUFG (Prop_bufg_I_O)         0.026     0.000 r  datapath/Audio_Codec/audiocodec_master_clock/inst/clkf_buf/O
                         net (fo=1, routed)           0.610     0.610    datapath/Audio_Codec/audiocodec_master_clock/inst/clkfbout_buf_clk_wiz_1
    MMCME2_ADV_X0Y2      MMCME2_ADV                                   r  datapath/Audio_Codec/audiocodec_master_clock/inst/mmcm_adv_inst/CLKFBIN
  -------------------------------------------------------------------    -------------------





--------------------------------------------------------------------------------------
Path Group:  (none)
From Clock:  
  To Clock:  clk_out1_clk_wiz_0

Max Delay            44 Endpoints
Min Delay            44 Endpoints
--------------------------------------------------------------------------------------


Max Delay Paths
--------------------------------------------------------------------------------------
Slack:                    inf
  Source:                 switch[0]
                            (input port)
  Destination:            datapath/video_inst/inst_dvid/TDMS_encoder_green/encoded_reg[9]/D
                            (rising edge-triggered cell FDRE clocked by clk_out1_clk_wiz_0  {rise@0.000ns fall@20.000ns period=40.000ns})
  Path Group:             (none)
  Path Type:              Setup (Max at Slow Process Corner)
  Data Path Delay:        11.933ns  (logic 2.096ns (17.564%)  route 9.837ns (82.436%))
  Logic Levels:           6  (IBUF=1 LUT2=1 LUT3=1 LUT4=1 LUT5=1 LUT6=1)
  Clock Path Skew:        1.632ns (DCD - SCD + CPR)
    Destination Clock Delay (DCD):    1.632ns
    Source Clock Delay      (SCD):    0.000ns
    Clock Pessimism Removal (CPR):    0.000ns
  Clock Uncertainty:      0.190ns  ((TSJ^2 + DJ^2)^1/2) / 2 + PE
    Total System Jitter     (TSJ):    0.050ns
    Discrete Jitter          (DJ):    0.175ns
    Phase Error              (PE):    0.099ns

    Location             Delay type                Incr(ns)  Path(ns)    Netlist Resource(s)
  -------------------------------------------------------------------    -------------------
    E22                                               0.000     0.000 f  switch[0] (IN)
                         net (fo=0)                   0.000     0.000    switch[0]
    E22                  IBUF (Prop_ibuf_I_O)         1.080     1.080 f  switch_IBUF[0]_inst/O
                         net (fo=2, routed)           7.690     8.770    datapath/video_inst/Inst_vga/vga_sig_gen/h_counter/switch_IBUF[0]
    SLICE_X152Y135       LUT3 (Prop_lut3_I0_O)        0.116     8.886 r  datapath/video_inst/Inst_vga/vga_sig_gen/h_counter/dc_bias[3]_i_5__0/O
                         net (fo=4, routed)           0.727     9.612    datapath/video_inst/Inst_vga/vga_sig_gen/h_counter/dc_bias[3]_i_5__0_n_0
    SLICE_X153Y135       LUT2 (Prop_lut2_I0_O)        0.328     9.940 r  datapath/video_inst/Inst_vga/vga_sig_gen/h_counter/dc_bias[2]_i_5/O
                         net (fo=2, routed)           0.276    10.216    datapath/video_inst/Inst_vga/vga_sig_gen/h_counter/dc_bias[2]_i_5_n_0
    SLICE_X153Y135       LUT6 (Prop_lut6_I1_O)        0.124    10.340 f  datapath/video_inst/Inst_vga/vga_sig_gen/h_counter/dc_bias[1]_i_2/O
                         net (fo=4, routed)           0.847    11.187    datapath/video_inst/inst_dvid/TDMS_encoder_green/dc_bias_reg[1]_0
    SLICE_X154Y136       LUT5 (Prop_lut5_I0_O)        0.117    11.304 f  datapath/video_inst/inst_dvid/TDMS_encoder_green/encoded[9]_i_2__0/O
                         net (fo=1, routed)           0.299    11.602    datapath/video_inst/inst_dvid/TDMS_encoder_green/encoded[9]_i_2__0_n_0
    SLICE_X155Y136       LUT4 (Prop_lut4_I0_O)        0.331    11.933 r  datapath/video_inst/inst_dvid/TDMS_encoder_green/encoded[9]_i_1/O
                         net (fo=1, routed)           0.000    11.933    datapath/video_inst/inst_dvid/TDMS_encoder_green/encoded[9]_i_1_n_0
    SLICE_X155Y136       FDRE                                         r  datapath/video_inst/inst_dvid/TDMS_encoder_green/encoded_reg[9]/D
  -------------------------------------------------------------------    -------------------

                         (clock clk_out1_clk_wiz_0 rise edge)
                                                      0.000     0.000 r  
    BUFGCTRL_X0Y2        BUFG                         0.000     0.000 r  clk_IBUF_BUFG_inst/O
                         net (fo=302, routed)         1.972     1.972    datapath/video_inst/mmcm_adv_inst_display_clocks/inst/clk_in1
    MMCME2_ADV_X1Y0      MMCME2_ADV (Prop_mmcme2_adv_CLKIN1_CLKOUT0)
                                                     -4.637    -2.665 r  datapath/video_inst/mmcm_adv_inst_display_clocks/inst/mmcm_adv_inst/CLKOUT0
                         net (fo=1, routed)           2.574    -0.091    datapath/video_inst/mmcm_adv_inst_display_clocks/inst/clk_out1_clk_wiz_0
    BUFGCTRL_X0Y4        BUFG (Prop_bufg_I_O)         0.091     0.000 r  datapath/video_inst/mmcm_adv_inst_display_clocks/inst/clkout1_buf/O
                         net (fo=65, routed)          1.632     1.632    datapath/video_inst/inst_dvid/TDMS_encoder_green/CLK
    SLICE_X155Y136       FDRE                                         r  datapath/video_inst/inst_dvid/TDMS_encoder_green/encoded_reg[9]/C

Slack:                    inf
  Source:                 switch[0]
                            (input port)
  Destination:            datapath/video_inst/inst_dvid/TDMS_encoder_green/dc_bias_reg[3]/D
                            (rising edge-triggered cell FDRE clocked by clk_out1_clk_wiz_0  {rise@0.000ns fall@20.000ns period=40.000ns})
  Path Group:             (none)
  Path Type:              Setup (Max at Slow Process Corner)
  Data Path Delay:        11.893ns  (logic 1.896ns (15.942%)  route 9.997ns (84.058%))
  Logic Levels:           6  (IBUF=1 LUT2=2 LUT3=1 LUT6=2)
  Clock Path Skew:        1.632ns (DCD - SCD + CPR)
    Destination Clock Delay (DCD):    1.632ns
    Source Clock Delay      (SCD):    0.000ns
    Clock Pessimism Removal (CPR):    0.000ns
  Clock Uncertainty:      0.190ns  ((TSJ^2 + DJ^2)^1/2) / 2 + PE
    Total System Jitter     (TSJ):    0.050ns
    Discrete Jitter          (DJ):    0.175ns
    Phase Error              (PE):    0.099ns

    Location             Delay type                Incr(ns)  Path(ns)    Netlist Resource(s)
  -------------------------------------------------------------------    -------------------
    E22                                               0.000     0.000 f  switch[0] (IN)
                         net (fo=0)                   0.000     0.000    switch[0]
    E22                  IBUF (Prop_ibuf_I_O)         1.080     1.080 f  switch_IBUF[0]_inst/O
                         net (fo=2, routed)           7.690     8.770    datapath/video_inst/Inst_vga/vga_sig_gen/h_counter/switch_IBUF[0]
    SLICE_X152Y135       LUT3 (Prop_lut3_I0_O)        0.116     8.886 r  datapath/video_inst/Inst_vga/vga_sig_gen/h_counter/dc_bias[3]_i_5__0/O
                         net (fo=4, routed)           0.727     9.612    datapath/video_inst/Inst_vga/vga_sig_gen/h_counter/dc_bias[3]_i_5__0_n_0
    SLICE_X153Y135       LUT2 (Prop_lut2_I0_O)        0.328     9.940 r  datapath/video_inst/Inst_vga/vga_sig_gen/h_counter/dc_bias[2]_i_5/O
                         net (fo=2, routed)           0.276    10.216    datapath/video_inst/Inst_vga/vga_sig_gen/h_counter/dc_bias[2]_i_5_n_0
    SLICE_X153Y135       LUT6 (Prop_lut6_I1_O)        0.124    10.340 f  datapath/video_inst/Inst_vga/vga_sig_gen/h_counter/dc_bias[1]_i_2/O
                         net (fo=4, routed)           0.625    10.965    datapath/video_inst/inst_dvid/TDMS_encoder_green/dc_bias_reg[1]_0
    SLICE_X154Y135       LUT2 (Prop_lut2_I1_O)        0.124    11.089 f  datapath/video_inst/inst_dvid/TDMS_encoder_green/dc_bias[3]_i_5/O
                         net (fo=1, routed)           0.680    11.769    datapath/video_inst/inst_dvid/TDMS_encoder_green/dc_bias[3]_i_5_n_0
    SLICE_X154Y135       LUT6 (Prop_lut6_I3_O)        0.124    11.893 r  datapath/video_inst/inst_dvid/TDMS_encoder_green/dc_bias[3]_i_1__1/O
                         net (fo=1, routed)           0.000    11.893    datapath/video_inst/inst_dvid/TDMS_encoder_green/dc_bias[3]_i_1__1_n_0
    SLICE_X154Y135       FDRE                                         r  datapath/video_inst/inst_dvid/TDMS_encoder_green/dc_bias_reg[3]/D
  -------------------------------------------------------------------    -------------------

                         (clock clk_out1_clk_wiz_0 rise edge)
                                                      0.000     0.000 r  
    BUFGCTRL_X0Y2        BUFG                         0.000     0.000 r  clk_IBUF_BUFG_inst/O
                         net (fo=302, routed)         1.972     1.972    datapath/video_inst/mmcm_adv_inst_display_clocks/inst/clk_in1
    MMCME2_ADV_X1Y0      MMCME2_ADV (Prop_mmcme2_adv_CLKIN1_CLKOUT0)
                                                     -4.637    -2.665 r  datapath/video_inst/mmcm_adv_inst_display_clocks/inst/mmcm_adv_inst/CLKOUT0
                         net (fo=1, routed)           2.574    -0.091    datapath/video_inst/mmcm_adv_inst_display_clocks/inst/clk_out1_clk_wiz_0
    BUFGCTRL_X0Y4        BUFG (Prop_bufg_I_O)         0.091     0.000 r  datapath/video_inst/mmcm_adv_inst_display_clocks/inst/clkout1_buf/O
                         net (fo=65, routed)          1.632     1.632    datapath/video_inst/inst_dvid/TDMS_encoder_green/CLK
    SLICE_X154Y135       FDRE                                         r  datapath/video_inst/inst_dvid/TDMS_encoder_green/dc_bias_reg[3]/C

Slack:                    inf
  Source:                 switch[0]
                            (input port)
  Destination:            datapath/video_inst/inst_dvid/TDMS_encoder_blue/encoded_reg[2]/D
                            (rising edge-triggered cell FDRE clocked by clk_out1_clk_wiz_0  {rise@0.000ns fall@20.000ns period=40.000ns})
  Path Group:             (none)
  Path Type:              Setup (Max at Slow Process Corner)
  Data Path Delay:        11.763ns  (logic 1.602ns (13.619%)  route 10.161ns (86.381%))
  Logic Levels:           5  (IBUF=1 LUT2=1 LUT4=1 LUT6=2)
  Clock Path Skew:        1.708ns (DCD - SCD + CPR)
    Destination Clock Delay (DCD):    1.708ns
    Source Clock Delay      (SCD):    0.000ns
    Clock Pessimism Removal (CPR):    0.000ns
  Clock Uncertainty:      0.190ns  ((TSJ^2 + DJ^2)^1/2) / 2 + PE
    Total System Jitter     (TSJ):    0.050ns
    Discrete Jitter          (DJ):    0.175ns
    Phase Error              (PE):    0.099ns

    Location             Delay type                Incr(ns)  Path(ns)    Netlist Resource(s)
  -------------------------------------------------------------------    -------------------
    E22                                               0.000     0.000 r  switch[0] (IN)
                         net (fo=0)                   0.000     0.000    switch[0]
    E22                  IBUF (Prop_ibuf_I_O)         1.080     1.080 r  switch_IBUF[0]_inst/O
                         net (fo=2, routed)           7.690     8.770    datapath/video_inst/inst_dvid/TDMS_encoder_blue/switch_IBUF[0]
    SLICE_X152Y135       LUT2 (Prop_lut2_I1_O)        0.124     8.894 r  datapath/video_inst/inst_dvid/TDMS_encoder_blue/dc_bias[3]_i_9__0/O
                         net (fo=1, routed)           0.670     9.564    datapath/video_inst/Inst_vga/vga_sig_gen/h_counter/encoded[2]_i_2
    SLICE_X152Y135       LUT6 (Prop_lut6_I0_O)        0.124     9.688 r  datapath/video_inst/Inst_vga/vga_sig_gen/h_counter/dc_bias[3]_i_8/O
                         net (fo=3, routed)           1.216    10.904    datapath/video_inst/inst_dvid/TDMS_encoder_blue/encoded_reg[4]_1
    SLICE_X156Y137       LUT6 (Prop_lut6_I0_O)        0.124    11.028 r  datapath/video_inst/inst_dvid/TDMS_encoder_blue/encoded[2]_i_2/O
                         net (fo=2, routed)           0.585    11.613    datapath/video_inst/Inst_vga/vga_sig_gen/encoded_reg[2]
    SLICE_X156Y138       LUT4 (Prop_lut4_I3_O)        0.150    11.763 r  datapath/video_inst/Inst_vga/vga_sig_gen/encoded[2]_i_1/O
                         net (fo=1, routed)           0.000    11.763    datapath/video_inst/inst_dvid/TDMS_encoder_blue/encoded_reg[2]_0
    SLICE_X156Y138       FDRE                                         r  datapath/video_inst/inst_dvid/TDMS_encoder_blue/encoded_reg[2]/D
  -------------------------------------------------------------------    -------------------

                         (clock clk_out1_clk_wiz_0 rise edge)
                                                      0.000     0.000 r  
    BUFGCTRL_X0Y2        BUFG                         0.000     0.000 r  clk_IBUF_BUFG_inst/O
                         net (fo=302, routed)         1.972     1.972    datapath/video_inst/mmcm_adv_inst_display_clocks/inst/clk_in1
    MMCME2_ADV_X1Y0      MMCME2_ADV (Prop_mmcme2_adv_CLKIN1_CLKOUT0)
                                                     -4.637    -2.665 r  datapath/video_inst/mmcm_adv_inst_display_clocks/inst/mmcm_adv_inst/CLKOUT0
                         net (fo=1, routed)           2.574    -0.091    datapath/video_inst/mmcm_adv_inst_display_clocks/inst/clk_out1_clk_wiz_0
    BUFGCTRL_X0Y4        BUFG (Prop_bufg_I_O)         0.091     0.000 r  datapath/video_inst/mmcm_adv_inst_display_clocks/inst/clkout1_buf/O
                         net (fo=65, routed)          1.708     1.708    datapath/video_inst/inst_dvid/TDMS_encoder_blue/CLK
    SLICE_X156Y138       FDRE                                         r  datapath/video_inst/inst_dvid/TDMS_encoder_blue/encoded_reg[2]/C

Slack:                    inf
  Source:                 switch[0]
                            (input port)
  Destination:            datapath/video_inst/inst_dvid/TDMS_encoder_blue/encoded_reg[0]/D
                            (rising edge-triggered cell FDRE clocked by clk_out1_clk_wiz_0  {rise@0.000ns fall@20.000ns period=40.000ns})
  Path Group:             (none)
  Path Type:              Setup (Max at Slow Process Corner)
  Data Path Delay:        11.737ns  (logic 1.576ns (13.427%)  route 10.161ns (86.573%))
  Logic Levels:           5  (IBUF=1 LUT2=1 LUT4=1 LUT6=2)
  Clock Path Skew:        1.708ns (DCD - SCD + CPR)
    Destination Clock Delay (DCD):    1.708ns
    Source Clock Delay      (SCD):    0.000ns
    Clock Pessimism Removal (CPR):    0.000ns
  Clock Uncertainty:      0.190ns  ((TSJ^2 + DJ^2)^1/2) / 2 + PE
    Total System Jitter     (TSJ):    0.050ns
    Discrete Jitter          (DJ):    0.175ns
    Phase Error              (PE):    0.099ns

    Location             Delay type                Incr(ns)  Path(ns)    Netlist Resource(s)
  -------------------------------------------------------------------    -------------------
    E22                                               0.000     0.000 r  switch[0] (IN)
                         net (fo=0)                   0.000     0.000    switch[0]
    E22                  IBUF (Prop_ibuf_I_O)         1.080     1.080 r  switch_IBUF[0]_inst/O
                         net (fo=2, routed)           7.690     8.770    datapath/video_inst/inst_dvid/TDMS_encoder_blue/switch_IBUF[0]
    SLICE_X152Y135       LUT2 (Prop_lut2_I1_O)        0.124     8.894 r  datapath/video_inst/inst_dvid/TDMS_encoder_blue/dc_bias[3]_i_9__0/O
                         net (fo=1, routed)           0.670     9.564    datapath/video_inst/Inst_vga/vga_sig_gen/h_counter/encoded[2]_i_2
    SLICE_X152Y135       LUT6 (Prop_lut6_I0_O)        0.124     9.688 r  datapath/video_inst/Inst_vga/vga_sig_gen/h_counter/dc_bias[3]_i_8/O
                         net (fo=3, routed)           1.216    10.904    datapath/video_inst/inst_dvid/TDMS_encoder_blue/encoded_reg[4]_1
    SLICE_X156Y137       LUT6 (Prop_lut6_I0_O)        0.124    11.028 r  datapath/video_inst/inst_dvid/TDMS_encoder_blue/encoded[2]_i_2/O
                         net (fo=2, routed)           0.585    11.613    datapath/video_inst/Inst_vga/vga_sig_gen/encoded_reg[2]
    SLICE_X156Y138       LUT4 (Prop_lut4_I3_O)        0.124    11.737 r  datapath/video_inst/Inst_vga/vga_sig_gen/encoded[0]_i_1/O
                         net (fo=1, routed)           0.000    11.737    datapath/video_inst/inst_dvid/TDMS_encoder_blue/encoded_reg[0]_0
    SLICE_X156Y138       FDRE                                         r  datapath/video_inst/inst_dvid/TDMS_encoder_blue/encoded_reg[0]/D
  -------------------------------------------------------------------    -------------------

                         (clock clk_out1_clk_wiz_0 rise edge)
                                                      0.000     0.000 r  
    BUFGCTRL_X0Y2        BUFG                         0.000     0.000 r  clk_IBUF_BUFG_inst/O
                         net (fo=302, routed)         1.972     1.972    datapath/video_inst/mmcm_adv_inst_display_clocks/inst/clk_in1
    MMCME2_ADV_X1Y0      MMCME2_ADV (Prop_mmcme2_adv_CLKIN1_CLKOUT0)
                                                     -4.637    -2.665 r  datapath/video_inst/mmcm_adv_inst_display_clocks/inst/mmcm_adv_inst/CLKOUT0
                         net (fo=1, routed)           2.574    -0.091    datapath/video_inst/mmcm_adv_inst_display_clocks/inst/clk_out1_clk_wiz_0
    BUFGCTRL_X0Y4        BUFG (Prop_bufg_I_O)         0.091     0.000 r  datapath/video_inst/mmcm_adv_inst_display_clocks/inst/clkout1_buf/O
                         net (fo=65, routed)          1.708     1.708    datapath/video_inst/inst_dvid/TDMS_encoder_blue/CLK
    SLICE_X156Y138       FDRE                                         r  datapath/video_inst/inst_dvid/TDMS_encoder_blue/encoded_reg[0]/C

Slack:                    inf
  Source:                 switch[0]
                            (input port)
  Destination:            datapath/video_inst/inst_dvid/TDMS_encoder_blue/encoded_reg[4]/D
                            (rising edge-triggered cell FDRE clocked by clk_out1_clk_wiz_0  {rise@0.000ns fall@20.000ns period=40.000ns})
  Path Group:             (none)
  Path Type:              Setup (Max at Slow Process Corner)
  Data Path Delay:        11.662ns  (logic 1.604ns (13.754%)  route 10.058ns (86.246%))
  Logic Levels:           5  (IBUF=1 LUT2=1 LUT5=2 LUT6=1)
  Clock Path Skew:        1.708ns (DCD - SCD + CPR)
    Destination Clock Delay (DCD):    1.708ns
    Source Clock Delay      (SCD):    0.000ns
    Clock Pessimism Removal (CPR):    0.000ns
  Clock Uncertainty:      0.190ns  ((TSJ^2 + DJ^2)^1/2) / 2 + PE
    Total System Jitter     (TSJ):    0.050ns
    Discrete Jitter          (DJ):    0.175ns
    Phase Error              (PE):    0.099ns

    Location             Delay type                Incr(ns)  Path(ns)    Netlist Resource(s)
  -------------------------------------------------------------------    -------------------
    E22                                               0.000     0.000 r  switch[0] (IN)
                         net (fo=0)                   0.000     0.000    switch[0]
    E22                  IBUF (Prop_ibuf_I_O)         1.080     1.080 r  switch_IBUF[0]_inst/O
                         net (fo=2, routed)           7.690     8.770    datapath/video_inst/inst_dvid/TDMS_encoder_blue/switch_IBUF[0]
    SLICE_X152Y135       LUT2 (Prop_lut2_I1_O)        0.124     8.894 r  datapath/video_inst/inst_dvid/TDMS_encoder_blue/dc_bias[3]_i_9__0/O
                         net (fo=1, routed)           0.670     9.564    datapath/video_inst/Inst_vga/vga_sig_gen/h_counter/encoded[2]_i_2
    SLICE_X152Y135       LUT6 (Prop_lut6_I0_O)        0.124     9.688 r  datapath/video_inst/Inst_vga/vga_sig_gen/h_counter/dc_bias[3]_i_8/O
                         net (fo=3, routed)           1.060    10.748    datapath/video_inst/inst_dvid/TDMS_encoder_blue/encoded_reg[4]_1
    SLICE_X156Y137       LUT5 (Prop_lut5_I0_O)        0.124    10.872 r  datapath/video_inst/inst_dvid/TDMS_encoder_blue/encoded[4]_i_2/O
                         net (fo=2, routed)           0.638    11.510    datapath/video_inst/Inst_vga/vga_sig_gen/encoded_reg[4]_0
    SLICE_X156Y138       LUT5 (Prop_lut5_I2_O)        0.152    11.662 r  datapath/video_inst/Inst_vga/vga_sig_gen/encoded[4]_i_1/O
                         net (fo=1, routed)           0.000    11.662    datapath/video_inst/inst_dvid/TDMS_encoder_blue/encoded_reg[4]_0
    SLICE_X156Y138       FDRE                                         r  datapath/video_inst/inst_dvid/TDMS_encoder_blue/encoded_reg[4]/D
  -------------------------------------------------------------------    -------------------

                         (clock clk_out1_clk_wiz_0 rise edge)
                                                      0.000     0.000 r  
    BUFGCTRL_X0Y2        BUFG                         0.000     0.000 r  clk_IBUF_BUFG_inst/O
                         net (fo=302, routed)         1.972     1.972    datapath/video_inst/mmcm_adv_inst_display_clocks/inst/clk_in1
    MMCME2_ADV_X1Y0      MMCME2_ADV (Prop_mmcme2_adv_CLKIN1_CLKOUT0)
                                                     -4.637    -2.665 r  datapath/video_inst/mmcm_adv_inst_display_clocks/inst/mmcm_adv_inst/CLKOUT0
                         net (fo=1, routed)           2.574    -0.091    datapath/video_inst/mmcm_adv_inst_display_clocks/inst/clk_out1_clk_wiz_0
    BUFGCTRL_X0Y4        BUFG (Prop_bufg_I_O)         0.091     0.000 r  datapath/video_inst/mmcm_adv_inst_display_clocks/inst/clkout1_buf/O
                         net (fo=65, routed)          1.708     1.708    datapath/video_inst/inst_dvid/TDMS_encoder_blue/CLK
    SLICE_X156Y138       FDRE                                         r  datapath/video_inst/inst_dvid/TDMS_encoder_blue/encoded_reg[4]/C

Slack:                    inf
  Source:                 switch[0]
                            (input port)
  Destination:            datapath/video_inst/inst_dvid/TDMS_encoder_blue/encoded_reg[1]/D
                            (rising edge-triggered cell FDRE clocked by clk_out1_clk_wiz_0  {rise@0.000ns fall@20.000ns period=40.000ns})
  Path Group:             (none)
  Path Type:              Setup (Max at Slow Process Corner)
  Data Path Delay:        11.634ns  (logic 1.576ns (13.546%)  route 10.058ns (86.454%))
  Logic Levels:           5  (IBUF=1 LUT2=1 LUT5=2 LUT6=1)
  Clock Path Skew:        1.708ns (DCD - SCD + CPR)
    Destination Clock Delay (DCD):    1.708ns
    Source Clock Delay      (SCD):    0.000ns
    Clock Pessimism Removal (CPR):    0.000ns
  Clock Uncertainty:      0.190ns  ((TSJ^2 + DJ^2)^1/2) / 2 + PE
    Total System Jitter     (TSJ):    0.050ns
    Discrete Jitter          (DJ):    0.175ns
    Phase Error              (PE):    0.099ns

    Location             Delay type                Incr(ns)  Path(ns)    Netlist Resource(s)
  -------------------------------------------------------------------    -------------------
    E22                                               0.000     0.000 r  switch[0] (IN)
                         net (fo=0)                   0.000     0.000    switch[0]
    E22                  IBUF (Prop_ibuf_I_O)         1.080     1.080 r  switch_IBUF[0]_inst/O
                         net (fo=2, routed)           7.690     8.770    datapath/video_inst/inst_dvid/TDMS_encoder_blue/switch_IBUF[0]
    SLICE_X152Y135       LUT2 (Prop_lut2_I1_O)        0.124     8.894 r  datapath/video_inst/inst_dvid/TDMS_encoder_blue/dc_bias[3]_i_9__0/O
                         net (fo=1, routed)           0.670     9.564    datapath/video_inst/Inst_vga/vga_sig_gen/h_counter/encoded[2]_i_2
    SLICE_X152Y135       LUT6 (Prop_lut6_I0_O)        0.124     9.688 r  datapath/video_inst/Inst_vga/vga_sig_gen/h_counter/dc_bias[3]_i_8/O
                         net (fo=3, routed)           1.060    10.748    datapath/video_inst/inst_dvid/TDMS_encoder_blue/encoded_reg[4]_1
    SLICE_X156Y137       LUT5 (Prop_lut5_I0_O)        0.124    10.872 r  datapath/video_inst/inst_dvid/TDMS_encoder_blue/encoded[4]_i_2/O
                         net (fo=2, routed)           0.638    11.510    datapath/video_inst/Inst_vga/vga_sig_gen/encoded_reg[4]_0
    SLICE_X156Y138       LUT5 (Prop_lut5_I2_O)        0.124    11.634 r  datapath/video_inst/Inst_vga/vga_sig_gen/encoded[1]_i_1/O
                         net (fo=1, routed)           0.000    11.634    datapath/video_inst/inst_dvid/TDMS_encoder_blue/encoded_reg[1]_0
    SLICE_X156Y138       FDRE                                         r  datapath/video_inst/inst_dvid/TDMS_encoder_blue/encoded_reg[1]/D
  -------------------------------------------------------------------    -------------------

                         (clock clk_out1_clk_wiz_0 rise edge)
                                                      0.000     0.000 r  
    BUFGCTRL_X0Y2        BUFG                         0.000     0.000 r  clk_IBUF_BUFG_inst/O
                         net (fo=302, routed)         1.972     1.972    datapath/video_inst/mmcm_adv_inst_display_clocks/inst/clk_in1
    MMCME2_ADV_X1Y0      MMCME2_ADV (Prop_mmcme2_adv_CLKIN1_CLKOUT0)
                                                     -4.637    -2.665 r  datapath/video_inst/mmcm_adv_inst_display_clocks/inst/mmcm_adv_inst/CLKOUT0
                         net (fo=1, routed)           2.574    -0.091    datapath/video_inst/mmcm_adv_inst_display_clocks/inst/clk_out1_clk_wiz_0
    BUFGCTRL_X0Y4        BUFG (Prop_bufg_I_O)         0.091     0.000 r  datapath/video_inst/mmcm_adv_inst_display_clocks/inst/clkout1_buf/O
                         net (fo=65, routed)          1.708     1.708    datapath/video_inst/inst_dvid/TDMS_encoder_blue/CLK
    SLICE_X156Y138       FDRE                                         r  datapath/video_inst/inst_dvid/TDMS_encoder_blue/encoded_reg[1]/C

Slack:                    inf
  Source:                 switch[0]
                            (input port)
  Destination:            datapath/video_inst/inst_dvid/TDMS_encoder_red/encoded_reg[8]/D
                            (rising edge-triggered cell FDRE clocked by clk_out1_clk_wiz_0  {rise@0.000ns fall@20.000ns period=40.000ns})
  Path Group:             (none)
  Path Type:              Setup (Max at Slow Process Corner)
  Data Path Delay:        11.465ns  (logic 1.678ns (14.635%)  route 9.787ns (85.365%))
  Logic Levels:           4  (IBUF=1 LUT2=1 LUT3=1 LUT5=1)
  Clock Path Skew:        1.708ns (DCD - SCD + CPR)
    Destination Clock Delay (DCD):    1.708ns
    Source Clock Delay      (SCD):    0.000ns
    Clock Pessimism Removal (CPR):    0.000ns
  Clock Uncertainty:      0.190ns  ((TSJ^2 + DJ^2)^1/2) / 2 + PE
    Total System Jitter     (TSJ):    0.050ns
    Discrete Jitter          (DJ):    0.175ns
    Phase Error              (PE):    0.099ns

    Location             Delay type                Incr(ns)  Path(ns)    Netlist Resource(s)
  -------------------------------------------------------------------    -------------------
    E22                                               0.000     0.000 f  switch[0] (IN)
                         net (fo=0)                   0.000     0.000    switch[0]
    E22                  IBUF (Prop_ibuf_I_O)         1.080     1.080 f  switch_IBUF[0]_inst/O
                         net (fo=2, routed)           7.690     8.770    datapath/video_inst/Inst_vga/vga_sig_gen/h_counter/switch_IBUF[0]
    SLICE_X152Y135       LUT3 (Prop_lut3_I0_O)        0.116     8.886 r  datapath/video_inst/Inst_vga/vga_sig_gen/h_counter/dc_bias[3]_i_5__0/O
                         net (fo=4, routed)           0.691     9.576    datapath/video_inst/Inst_vga/vga_sig_gen/h_counter/dc_bias[3]_i_5__0_n_0
    SLICE_X153Y135       LUT5 (Prop_lut5_I1_O)        0.328     9.904 f  datapath/video_inst/Inst_vga/vga_sig_gen/h_counter/dc_bias[3]_i_3/O
                         net (fo=14, routed)          1.407    11.311    datapath/video_inst/Inst_vga/vga_sig_gen/h_counter/w_processQ_reg[6]_0
    SLICE_X156Y138       LUT2 (Prop_lut2_I1_O)        0.154    11.465 r  datapath/video_inst/Inst_vga/vga_sig_gen/h_counter/TDMS_encoder_red/encoded[8]_i_1/O
                         net (fo=1, routed)           0.000    11.465    datapath/video_inst/inst_dvid/TDMS_encoder_red/encoded_reg[8]_0
    SLICE_X156Y138       FDRE                                         r  datapath/video_inst/inst_dvid/TDMS_encoder_red/encoded_reg[8]/D
  -------------------------------------------------------------------    -------------------

                         (clock clk_out1_clk_wiz_0 rise edge)
                                                      0.000     0.000 r  
    BUFGCTRL_X0Y2        BUFG                         0.000     0.000 r  clk_IBUF_BUFG_inst/O
                         net (fo=302, routed)         1.972     1.972    datapath/video_inst/mmcm_adv_inst_display_clocks/inst/clk_in1
    MMCME2_ADV_X1Y0      MMCME2_ADV (Prop_mmcme2_adv_CLKIN1_CLKOUT0)
                                                     -4.637    -2.665 r  datapath/video_inst/mmcm_adv_inst_display_clocks/inst/mmcm_adv_inst/CLKOUT0
                         net (fo=1, routed)           2.574    -0.091    datapath/video_inst/mmcm_adv_inst_display_clocks/inst/clk_out1_clk_wiz_0
    BUFGCTRL_X0Y4        BUFG (Prop_bufg_I_O)         0.091     0.000 r  datapath/video_inst/mmcm_adv_inst_display_clocks/inst/clkout1_buf/O
                         net (fo=65, routed)          1.708     1.708    datapath/video_inst/inst_dvid/TDMS_encoder_red/CLK
    SLICE_X156Y138       FDRE                                         r  datapath/video_inst/inst_dvid/TDMS_encoder_red/encoded_reg[8]/C

Slack:                    inf
  Source:                 switch[0]
                            (input port)
  Destination:            datapath/video_inst/inst_dvid/TDMS_encoder_green/encoded_reg[8]/D
                            (rising edge-triggered cell FDRE clocked by clk_out1_clk_wiz_0  {rise@0.000ns fall@20.000ns period=40.000ns})
  Path Group:             (none)
  Path Type:              Setup (Max at Slow Process Corner)
  Data Path Delay:        11.435ns  (logic 1.648ns (14.411%)  route 9.787ns (85.589%))
  Logic Levels:           4  (IBUF=1 LUT3=1 LUT4=1 LUT5=1)
  Clock Path Skew:        1.708ns (DCD - SCD + CPR)
    Destination Clock Delay (DCD):    1.708ns
    Source Clock Delay      (SCD):    0.000ns
    Clock Pessimism Removal (CPR):    0.000ns
  Clock Uncertainty:      0.190ns  ((TSJ^2 + DJ^2)^1/2) / 2 + PE
    Total System Jitter     (TSJ):    0.050ns
    Discrete Jitter          (DJ):    0.175ns
    Phase Error              (PE):    0.099ns

    Location             Delay type                Incr(ns)  Path(ns)    Netlist Resource(s)
  -------------------------------------------------------------------    -------------------
    E22                                               0.000     0.000 f  switch[0] (IN)
                         net (fo=0)                   0.000     0.000    switch[0]
    E22                  IBUF (Prop_ibuf_I_O)         1.080     1.080 f  switch_IBUF[0]_inst/O
                         net (fo=2, routed)           7.690     8.770    datapath/video_inst/Inst_vga/vga_sig_gen/h_counter/switch_IBUF[0]
    SLICE_X152Y135       LUT3 (Prop_lut3_I0_O)        0.116     8.886 r  datapath/video_inst/Inst_vga/vga_sig_gen/h_counter/dc_bias[3]_i_5__0/O
                         net (fo=4, routed)           0.691     9.576    datapath/video_inst/Inst_vga/vga_sig_gen/h_counter/dc_bias[3]_i_5__0_n_0
    SLICE_X153Y135       LUT5 (Prop_lut5_I1_O)        0.328     9.904 f  datapath/video_inst/Inst_vga/vga_sig_gen/h_counter/dc_bias[3]_i_3/O
                         net (fo=14, routed)          1.407    11.311    datapath/video_inst/Inst_vga/vga_sig_gen/h_counter/w_processQ_reg[6]_0
    SLICE_X156Y138       LUT4 (Prop_lut4_I2_O)        0.124    11.435 r  datapath/video_inst/Inst_vga/vga_sig_gen/h_counter/TDMS_encoder_green/encoded[8]_i_1/O
                         net (fo=1, routed)           0.000    11.435    datapath/video_inst/inst_dvid/TDMS_encoder_green/encoded_reg[8]_0
    SLICE_X156Y138       FDRE                                         r  datapath/video_inst/inst_dvid/TDMS_encoder_green/encoded_reg[8]/D
  -------------------------------------------------------------------    -------------------

                         (clock clk_out1_clk_wiz_0 rise edge)
                                                      0.000     0.000 r  
    BUFGCTRL_X0Y2        BUFG                         0.000     0.000 r  clk_IBUF_BUFG_inst/O
                         net (fo=302, routed)         1.972     1.972    datapath/video_inst/mmcm_adv_inst_display_clocks/inst/clk_in1
    MMCME2_ADV_X1Y0      MMCME2_ADV (Prop_mmcme2_adv_CLKIN1_CLKOUT0)
                                                     -4.637    -2.665 r  datapath/video_inst/mmcm_adv_inst_display_clocks/inst/mmcm_adv_inst/CLKOUT0
                         net (fo=1, routed)           2.574    -0.091    datapath/video_inst/mmcm_adv_inst_display_clocks/inst/clk_out1_clk_wiz_0
    BUFGCTRL_X0Y4        BUFG (Prop_bufg_I_O)         0.091     0.000 r  datapath/video_inst/mmcm_adv_inst_display_clocks/inst/clkout1_buf/O
                         net (fo=65, routed)          1.708     1.708    datapath/video_inst/inst_dvid/TDMS_encoder_green/CLK
    SLICE_X156Y138       FDRE                                         r  datapath/video_inst/inst_dvid/TDMS_encoder_green/encoded_reg[8]/C

Slack:                    inf
  Source:                 switch[0]
                            (input port)
  Destination:            datapath/video_inst/inst_dvid/TDMS_encoder_blue/encoded_reg[9]/D
                            (rising edge-triggered cell FDRE clocked by clk_out1_clk_wiz_0  {rise@0.000ns fall@20.000ns period=40.000ns})
  Path Group:             (none)
  Path Type:              Setup (Max at Slow Process Corner)
  Data Path Delay:        11.320ns  (logic 1.772ns (15.654%)  route 9.548ns (84.346%))
  Logic Levels:           5  (IBUF=1 LUT2=1 LUT3=1 LUT5=1 LUT6=1)
  Clock Path Skew:        1.707ns (DCD - SCD + CPR)
    Destination Clock Delay (DCD):    1.707ns
    Source Clock Delay      (SCD):    0.000ns
    Clock Pessimism Removal (CPR):    0.000ns
  Clock Uncertainty:      0.190ns  ((TSJ^2 + DJ^2)^1/2) / 2 + PE
    Total System Jitter     (TSJ):    0.050ns
    Discrete Jitter          (DJ):    0.175ns
    Phase Error              (PE):    0.099ns

    Location             Delay type                Incr(ns)  Path(ns)    Netlist Resource(s)
  -------------------------------------------------------------------    -------------------
    E22                                               0.000     0.000 r  switch[0] (IN)
                         net (fo=0)                   0.000     0.000    switch[0]
    E22                  IBUF (Prop_ibuf_I_O)         1.080     1.080 r  switch_IBUF[0]_inst/O
                         net (fo=2, routed)           7.690     8.770    datapath/video_inst/Inst_vga/vga_sig_gen/h_counter/switch_IBUF[0]
    SLICE_X152Y135       LUT3 (Prop_lut3_I0_O)        0.116     8.886 f  datapath/video_inst/Inst_vga/vga_sig_gen/h_counter/dc_bias[3]_i_5__0/O
                         net (fo=4, routed)           0.691     9.576    datapath/video_inst/Inst_vga/vga_sig_gen/h_counter/dc_bias[3]_i_5__0_n_0
    SLICE_X153Y135       LUT5 (Prop_lut5_I1_O)        0.328     9.904 r  datapath/video_inst/Inst_vga/vga_sig_gen/h_counter/dc_bias[3]_i_3/O
                         net (fo=14, routed)          0.863    10.767    datapath/video_inst/inst_dvid/TDMS_encoder_blue/dc_bias_reg[3]_2
    SLICE_X156Y137       LUT2 (Prop_lut2_I1_O)        0.124    10.891 f  datapath/video_inst/inst_dvid/TDMS_encoder_blue/dc_bias[0]_i_2/O
                         net (fo=2, routed)           0.305    11.196    datapath/video_inst/Inst_vga/vga_sig_gen/h_counter/encoded_reg[9]
    SLICE_X157Y137       LUT6 (Prop_lut6_I0_O)        0.124    11.320 r  datapath/video_inst/Inst_vga/vga_sig_gen/h_counter/TDMS_encoder_blue/encoded[9]_i_1/O
                         net (fo=1, routed)           0.000    11.320    datapath/video_inst/inst_dvid/TDMS_encoder_blue/encoded_reg[9]_0
    SLICE_X157Y137       FDRE                                         r  datapath/video_inst/inst_dvid/TDMS_encoder_blue/encoded_reg[9]/D
  -------------------------------------------------------------------    -------------------

                         (clock clk_out1_clk_wiz_0 rise edge)
                                                      0.000     0.000 r  
    BUFGCTRL_X0Y2        BUFG                         0.000     0.000 r  clk_IBUF_BUFG_inst/O
                         net (fo=302, routed)         1.972     1.972    datapath/video_inst/mmcm_adv_inst_display_clocks/inst/clk_in1
    MMCME2_ADV_X1Y0      MMCME2_ADV (Prop_mmcme2_adv_CLKIN1_CLKOUT0)
                                                     -4.637    -2.665 r  datapath/video_inst/mmcm_adv_inst_display_clocks/inst/mmcm_adv_inst/CLKOUT0
                         net (fo=1, routed)           2.574    -0.091    datapath/video_inst/mmcm_adv_inst_display_clocks/inst/clk_out1_clk_wiz_0
    BUFGCTRL_X0Y4        BUFG (Prop_bufg_I_O)         0.091     0.000 r  datapath/video_inst/mmcm_adv_inst_display_clocks/inst/clkout1_buf/O
                         net (fo=65, routed)          1.707     1.707    datapath/video_inst/inst_dvid/TDMS_encoder_blue/CLK
    SLICE_X157Y137       FDRE                                         r  datapath/video_inst/inst_dvid/TDMS_encoder_blue/encoded_reg[9]/C

Slack:                    inf
  Source:                 switch[0]
                            (input port)
  Destination:            datapath/video_inst/inst_dvid/TDMS_encoder_blue/dc_bias_reg[0]/D
                            (rising edge-triggered cell FDRE clocked by clk_out1_clk_wiz_0  {rise@0.000ns fall@20.000ns period=40.000ns})
  Path Group:             (none)
  Path Type:              Setup (Max at Slow Process Corner)
  Data Path Delay:        11.306ns  (logic 1.772ns (15.673%)  route 9.534ns (84.327%))
  Logic Levels:           5  (IBUF=1 LUT2=1 LUT3=1 LUT5=1 LUT6=1)
  Clock Path Skew:        1.707ns (DCD - SCD + CPR)
    Destination Clock Delay (DCD):    1.707ns
    Source Clock Delay      (SCD):    0.000ns
    Clock Pessimism Removal (CPR):    0.000ns
  Clock Uncertainty:      0.190ns  ((TSJ^2 + DJ^2)^1/2) / 2 + PE
    Total System Jitter     (TSJ):    0.050ns
    Discrete Jitter          (DJ):    0.175ns
    Phase Error              (PE):    0.099ns

    Location             Delay type                Incr(ns)  Path(ns)    Netlist Resource(s)
  -------------------------------------------------------------------    -------------------
    E22                                               0.000     0.000 r  switch[0] (IN)
                         net (fo=0)                   0.000     0.000    switch[0]
    E22                  IBUF (Prop_ibuf_I_O)         1.080     1.080 r  switch_IBUF[0]_inst/O
                         net (fo=2, routed)           7.690     8.770    datapath/video_inst/Inst_vga/vga_sig_gen/h_counter/switch_IBUF[0]
    SLICE_X152Y135       LUT3 (Prop_lut3_I0_O)        0.116     8.886 f  datapath/video_inst/Inst_vga/vga_sig_gen/h_counter/dc_bias[3]_i_5__0/O
                         net (fo=4, routed)           0.691     9.576    datapath/video_inst/Inst_vga/vga_sig_gen/h_counter/dc_bias[3]_i_5__0_n_0
    SLICE_X153Y135       LUT5 (Prop_lut5_I1_O)        0.328     9.904 r  datapath/video_inst/Inst_vga/vga_sig_gen/h_counter/dc_bias[3]_i_3/O
                         net (fo=14, routed)          0.863    10.767    datapath/video_inst/inst_dvid/TDMS_encoder_blue/dc_bias_reg[3]_2
    SLICE_X156Y137       LUT2 (Prop_lut2_I1_O)        0.124    10.891 r  datapath/video_inst/inst_dvid/TDMS_encoder_blue/dc_bias[0]_i_2/O
                         net (fo=2, routed)           0.290    11.182    datapath/video_inst/inst_dvid/TDMS_encoder_blue/dc_bias_reg[3]_0
    SLICE_X156Y137       LUT6 (Prop_lut6_I5_O)        0.124    11.306 r  datapath/video_inst/inst_dvid/TDMS_encoder_blue/dc_bias[0]_i_1/O
                         net (fo=1, routed)           0.000    11.306    datapath/video_inst/inst_dvid/TDMS_encoder_blue/dc_bias[0]_i_1_n_0
    SLICE_X156Y137       FDRE                                         r  datapath/video_inst/inst_dvid/TDMS_encoder_blue/dc_bias_reg[0]/D
  -------------------------------------------------------------------    -------------------

                         (clock clk_out1_clk_wiz_0 rise edge)
                                                      0.000     0.000 r  
    BUFGCTRL_X0Y2        BUFG                         0.000     0.000 r  clk_IBUF_BUFG_inst/O
                         net (fo=302, routed)         1.972     1.972    datapath/video_inst/mmcm_adv_inst_display_clocks/inst/clk_in1
    MMCME2_ADV_X1Y0      MMCME2_ADV (Prop_mmcme2_adv_CLKIN1_CLKOUT0)
                                                     -4.637    -2.665 r  datapath/video_inst/mmcm_adv_inst_display_clocks/inst/mmcm_adv_inst/CLKOUT0
                         net (fo=1, routed)           2.574    -0.091    datapath/video_inst/mmcm_adv_inst_display_clocks/inst/clk_out1_clk_wiz_0
    BUFGCTRL_X0Y4        BUFG (Prop_bufg_I_O)         0.091     0.000 r  datapath/video_inst/mmcm_adv_inst_display_clocks/inst/clkout1_buf/O
                         net (fo=65, routed)          1.707     1.707    datapath/video_inst/inst_dvid/TDMS_encoder_blue/CLK
    SLICE_X156Y137       FDRE                                         r  datapath/video_inst/inst_dvid/TDMS_encoder_blue/dc_bias_reg[0]/C





Min Delay Paths
--------------------------------------------------------------------------------------
Slack:                    inf
  Source:                 datapath/ch2_reg[active]/G
                            (positive level-sensitive latch)
  Destination:            datapath/video_inst/inst_dvid/TDMS_encoder_green/dc_bias_reg[0]/D
                            (rising edge-triggered cell FDRE clocked by clk_out1_clk_wiz_0  {rise@0.000ns fall@20.000ns period=40.000ns})
  Path Group:             (none)
  Path Type:              Hold (Min at Fast Process Corner)
  Data Path Delay:        0.929ns  (logic 0.219ns (23.564%)  route 0.710ns (76.436%))
  Logic Levels:           3  (LDCE=1 LUT3=1 LUT5=1)
  Clock Uncertainty:      0.190ns  ((TSJ^2 + DJ^2)^1/2) / 2 + PE
    Total System Jitter     (TSJ):    0.050ns
    Discrete Jitter          (DJ):    0.175ns
    Phase Error              (PE):    0.099ns

    Location             Delay type                Incr(ns)  Path(ns)    Netlist Resource(s)
  -------------------------------------------------------------------    -------------------
    SLICE_X155Y128       LDCE                         0.000     0.000 r  datapath/ch2_reg[active]/G
    SLICE_X155Y128       LDCE (EnToQ_ldce_G_Q)        0.129     0.129 r  datapath/ch2_reg[active]/Q
                         net (fo=2, routed)           0.350     0.479    datapath/video_inst/Inst_vga/vga_sig_gen/v_counter/dc_bias_reg[0]_0
    SLICE_X152Y136       LUT3 (Prop_lut3_I2_O)        0.045     0.524 r  datapath/video_inst/Inst_vga/vga_sig_gen/v_counter/dc_bias[1]_i_3/O
                         net (fo=6, routed)           0.360     0.884    datapath/video_inst/Inst_vga/vga_sig_gen/h_counter/dc_bias_reg[0]_1
    SLICE_X154Y136       LUT5 (Prop_lut5_I4_O)        0.045     0.929 r  datapath/video_inst/Inst_vga/vga_sig_gen/h_counter/dc_bias[0]_i_1__1/O
                         net (fo=1, routed)           0.000     0.929    datapath/video_inst/inst_dvid/TDMS_encoder_green/dc_bias_reg[0]_1[0]
    SLICE_X154Y136       FDRE                                         r  datapath/video_inst/inst_dvid/TDMS_encoder_green/dc_bias_reg[0]/D
  -------------------------------------------------------------------    -------------------

                         (clock clk_out1_clk_wiz_0 rise edge)
                                                      0.000     0.000 r  
    BUFGCTRL_X0Y2        BUFG                         0.000     0.000 r  clk_IBUF_BUFG_inst/O
                         net (fo=302, routed)         1.022     1.022    datapath/video_inst/mmcm_adv_inst_display_clocks/inst/clk_in1
    MMCME2_ADV_X1Y0      MMCME2_ADV (Prop_mmcme2_adv_CLKIN1_CLKOUT0)
                                                     -2.040    -1.018 r  datapath/video_inst/mmcm_adv_inst_display_clocks/inst/mmcm_adv_inst/CLKOUT0
                         net (fo=1, routed)           0.989    -0.029    datapath/video_inst/mmcm_adv_inst_display_clocks/inst/clk_out1_clk_wiz_0
    BUFGCTRL_X0Y4        BUFG (Prop_bufg_I_O)         0.029    -0.000 r  datapath/video_inst/mmcm_adv_inst_display_clocks/inst/clkout1_buf/O
                         net (fo=65, routed)          0.888     0.888    datapath/video_inst/inst_dvid/TDMS_encoder_green/CLK
    SLICE_X154Y136       FDRE                                         r  datapath/video_inst/inst_dvid/TDMS_encoder_green/dc_bias_reg[0]/C

Slack:                    inf
  Source:                 datapath/ch2_reg[active]/G
                            (positive level-sensitive latch)
  Destination:            datapath/video_inst/inst_dvid/TDMS_encoder_green/encoded_reg[8]/D
                            (rising edge-triggered cell FDRE clocked by clk_out1_clk_wiz_0  {rise@0.000ns fall@20.000ns period=40.000ns})
  Path Group:             (none)
  Path Type:              Hold (Min at Fast Process Corner)
  Data Path Delay:        0.963ns  (logic 0.219ns (22.733%)  route 0.744ns (77.267%))
  Logic Levels:           3  (LDCE=1 LUT3=1 LUT4=1)
  Clock Uncertainty:      0.190ns  ((TSJ^2 + DJ^2)^1/2) / 2 + PE
    Total System Jitter     (TSJ):    0.050ns
    Discrete Jitter          (DJ):    0.175ns
    Phase Error              (PE):    0.099ns

    Location             Delay type                Incr(ns)  Path(ns)    Netlist Resource(s)
  -------------------------------------------------------------------    -------------------
    SLICE_X155Y128       LDCE                         0.000     0.000 r  datapath/ch2_reg[active]/G
    SLICE_X155Y128       LDCE (EnToQ_ldce_G_Q)        0.129     0.129 f  datapath/ch2_reg[active]/Q
                         net (fo=2, routed)           0.350     0.479    datapath/video_inst/Inst_vga/vga_sig_gen/v_counter/dc_bias_reg[0]_0
    SLICE_X152Y136       LUT3 (Prop_lut3_I2_O)        0.045     0.524 f  datapath/video_inst/Inst_vga/vga_sig_gen/v_counter/dc_bias[1]_i_3/O
                         net (fo=6, routed)           0.394     0.918    datapath/video_inst/Inst_vga/vga_sig_gen/h_counter/dc_bias_reg[0]_1
    SLICE_X156Y138       LUT4 (Prop_lut4_I3_O)        0.045     0.963 r  datapath/video_inst/Inst_vga/vga_sig_gen/h_counter/TDMS_encoder_green/encoded[8]_i_1/O
                         net (fo=1, routed)           0.000     0.963    datapath/video_inst/inst_dvid/TDMS_encoder_green/encoded_reg[8]_0
    SLICE_X156Y138       FDRE                                         r  datapath/video_inst/inst_dvid/TDMS_encoder_green/encoded_reg[8]/D
  -------------------------------------------------------------------    -------------------

                         (clock clk_out1_clk_wiz_0 rise edge)
                                                      0.000     0.000 r  
    BUFGCTRL_X0Y2        BUFG                         0.000     0.000 r  clk_IBUF_BUFG_inst/O
                         net (fo=302, routed)         1.022     1.022    datapath/video_inst/mmcm_adv_inst_display_clocks/inst/clk_in1
    MMCME2_ADV_X1Y0      MMCME2_ADV (Prop_mmcme2_adv_CLKIN1_CLKOUT0)
                                                     -2.040    -1.018 r  datapath/video_inst/mmcm_adv_inst_display_clocks/inst/mmcm_adv_inst/CLKOUT0
                         net (fo=1, routed)           0.989    -0.029    datapath/video_inst/mmcm_adv_inst_display_clocks/inst/clk_out1_clk_wiz_0
    BUFGCTRL_X0Y4        BUFG (Prop_bufg_I_O)         0.029    -0.000 r  datapath/video_inst/mmcm_adv_inst_display_clocks/inst/clkout1_buf/O
                         net (fo=65, routed)          0.918     0.918    datapath/video_inst/inst_dvid/TDMS_encoder_green/CLK
    SLICE_X156Y138       FDRE                                         r  datapath/video_inst/inst_dvid/TDMS_encoder_green/encoded_reg[8]/C

Slack:                    inf
  Source:                 datapath/ch2_reg[active]/G
                            (positive level-sensitive latch)
  Destination:            datapath/video_inst/inst_dvid/TDMS_encoder_green/dc_bias_reg[1]/D
                            (rising edge-triggered cell FDRE clocked by clk_out1_clk_wiz_0  {rise@0.000ns fall@20.000ns period=40.000ns})
  Path Group:             (none)
  Path Type:              Hold (Min at Fast Process Corner)
  Data Path Delay:        0.968ns  (logic 0.219ns (22.615%)  route 0.749ns (77.385%))
  Logic Levels:           3  (LDCE=1 LUT3=1 LUT6=1)
  Clock Uncertainty:      0.190ns  ((TSJ^2 + DJ^2)^1/2) / 2 + PE
    Total System Jitter     (TSJ):    0.050ns
    Discrete Jitter          (DJ):    0.175ns
    Phase Error              (PE):    0.099ns

    Location             Delay type                Incr(ns)  Path(ns)    Netlist Resource(s)
  -------------------------------------------------------------------    -------------------
    SLICE_X155Y128       LDCE                         0.000     0.000 r  datapath/ch2_reg[active]/G
    SLICE_X155Y128       LDCE (EnToQ_ldce_G_Q)        0.129     0.129 r  datapath/ch2_reg[active]/Q
                         net (fo=2, routed)           0.350     0.479    datapath/video_inst/Inst_vga/vga_sig_gen/v_counter/dc_bias_reg[0]_0
    SLICE_X152Y136       LUT3 (Prop_lut3_I2_O)        0.045     0.524 r  datapath/video_inst/Inst_vga/vga_sig_gen/v_counter/dc_bias[1]_i_3/O
                         net (fo=6, routed)           0.399     0.923    datapath/video_inst/inst_dvid/TDMS_encoder_green/dc_bias_reg[1]_1
    SLICE_X154Y136       LUT6 (Prop_lut6_I2_O)        0.045     0.968 r  datapath/video_inst/inst_dvid/TDMS_encoder_green/dc_bias[1]_i_1__1/O
                         net (fo=1, routed)           0.000     0.968    datapath/video_inst/inst_dvid/TDMS_encoder_green/dc_bias[1]_i_1__1_n_0
    SLICE_X154Y136       FDRE                                         r  datapath/video_inst/inst_dvid/TDMS_encoder_green/dc_bias_reg[1]/D
  -------------------------------------------------------------------    -------------------

                         (clock clk_out1_clk_wiz_0 rise edge)
                                                      0.000     0.000 r  
    BUFGCTRL_X0Y2        BUFG                         0.000     0.000 r  clk_IBUF_BUFG_inst/O
                         net (fo=302, routed)         1.022     1.022    datapath/video_inst/mmcm_adv_inst_display_clocks/inst/clk_in1
    MMCME2_ADV_X1Y0      MMCME2_ADV (Prop_mmcme2_adv_CLKIN1_CLKOUT0)
                                                     -2.040    -1.018 r  datapath/video_inst/mmcm_adv_inst_display_clocks/inst/mmcm_adv_inst/CLKOUT0
                         net (fo=1, routed)           0.989    -0.029    datapath/video_inst/mmcm_adv_inst_display_clocks/inst/clk_out1_clk_wiz_0
    BUFGCTRL_X0Y4        BUFG (Prop_bufg_I_O)         0.029    -0.000 r  datapath/video_inst/mmcm_adv_inst_display_clocks/inst/clkout1_buf/O
                         net (fo=65, routed)          0.888     0.888    datapath/video_inst/inst_dvid/TDMS_encoder_green/CLK
    SLICE_X154Y136       FDRE                                         r  datapath/video_inst/inst_dvid/TDMS_encoder_green/dc_bias_reg[1]/C

Slack:                    inf
  Source:                 datapath/ch2_reg[active]/G
                            (positive level-sensitive latch)
  Destination:            datapath/video_inst/inst_dvid/TDMS_encoder_green/dc_bias_reg[2]/D
                            (rising edge-triggered cell FDRE clocked by clk_out1_clk_wiz_0  {rise@0.000ns fall@20.000ns period=40.000ns})
  Path Group:             (none)
  Path Type:              Hold (Min at Fast Process Corner)
  Data Path Delay:        0.979ns  (logic 0.264ns (26.957%)  route 0.715ns (73.043%))
  Logic Levels:           4  (LDCE=1 LUT2=1 LUT6=2)
  Clock Uncertainty:      0.190ns  ((TSJ^2 + DJ^2)^1/2) / 2 + PE
    Total System Jitter     (TSJ):    0.050ns
    Discrete Jitter          (DJ):    0.175ns
    Phase Error              (PE):    0.099ns

    Location             Delay type                Incr(ns)  Path(ns)    Netlist Resource(s)
  -------------------------------------------------------------------    -------------------
    SLICE_X155Y128       LDCE                         0.000     0.000 r  datapath/ch2_reg[active]/G
    SLICE_X155Y128       LDCE (EnToQ_ldce_G_Q)        0.129     0.129 r  datapath/ch2_reg[active]/Q
                         net (fo=2, routed)           0.332     0.461    datapath/video_inst/inst_dvid/TDMS_encoder_green/dc_bias[2]_i_3
    SLICE_X152Y136       LUT2 (Prop_lut2_I0_O)        0.045     0.506 f  datapath/video_inst/inst_dvid/TDMS_encoder_green/dc_bias[2]_i_6/O
                         net (fo=2, routed)           0.235     0.741    datapath/video_inst/Inst_vga/vga_sig_gen/h_counter/dc_bias_reg[2]_0
    SLICE_X152Y136       LUT6 (Prop_lut6_I4_O)        0.045     0.786 r  datapath/video_inst/Inst_vga/vga_sig_gen/h_counter/dc_bias[2]_i_3/O
                         net (fo=1, routed)           0.148     0.934    datapath/video_inst/inst_dvid/TDMS_encoder_green/dc_bias_reg[2]_1
    SLICE_X154Y136       LUT6 (Prop_lut6_I4_O)        0.045     0.979 r  datapath/video_inst/inst_dvid/TDMS_encoder_green/dc_bias[2]_i_1__0/O
                         net (fo=1, routed)           0.000     0.979    datapath/video_inst/inst_dvid/TDMS_encoder_green/dc_bias[2]_i_1__0_n_0
    SLICE_X154Y136       FDRE                                         r  datapath/video_inst/inst_dvid/TDMS_encoder_green/dc_bias_reg[2]/D
  -------------------------------------------------------------------    -------------------

                         (clock clk_out1_clk_wiz_0 rise edge)
                                                      0.000     0.000 r  
    BUFGCTRL_X0Y2        BUFG                         0.000     0.000 r  clk_IBUF_BUFG_inst/O
                         net (fo=302, routed)         1.022     1.022    datapath/video_inst/mmcm_adv_inst_display_clocks/inst/clk_in1
    MMCME2_ADV_X1Y0      MMCME2_ADV (Prop_mmcme2_adv_CLKIN1_CLKOUT0)
                                                     -2.040    -1.018 r  datapath/video_inst/mmcm_adv_inst_display_clocks/inst/mmcm_adv_inst/CLKOUT0
                         net (fo=1, routed)           0.989    -0.029    datapath/video_inst/mmcm_adv_inst_display_clocks/inst/clk_out1_clk_wiz_0
    BUFGCTRL_X0Y4        BUFG (Prop_bufg_I_O)         0.029    -0.000 r  datapath/video_inst/mmcm_adv_inst_display_clocks/inst/clkout1_buf/O
                         net (fo=65, routed)          0.888     0.888    datapath/video_inst/inst_dvid/TDMS_encoder_green/CLK
    SLICE_X154Y136       FDRE                                         r  datapath/video_inst/inst_dvid/TDMS_encoder_green/dc_bias_reg[2]/C

Slack:                    inf
  Source:                 datapath/ch2_reg[active]/G
                            (positive level-sensitive latch)
  Destination:            datapath/video_inst/inst_dvid/TDMS_encoder_green/encoded_reg[9]/D
                            (rising edge-triggered cell FDRE clocked by clk_out1_clk_wiz_0  {rise@0.000ns fall@20.000ns period=40.000ns})
  Path Group:             (none)
  Path Type:              Hold (Min at Fast Process Corner)
  Data Path Delay:        0.982ns  (logic 0.264ns (26.875%)  route 0.718ns (73.125%))
  Logic Levels:           4  (LDCE=1 LUT3=1 LUT4=1 LUT6=1)
  Clock Uncertainty:      0.190ns  ((TSJ^2 + DJ^2)^1/2) / 2 + PE
    Total System Jitter     (TSJ):    0.050ns
    Discrete Jitter          (DJ):    0.175ns
    Phase Error              (PE):    0.099ns

    Location             Delay type                Incr(ns)  Path(ns)    Netlist Resource(s)
  -------------------------------------------------------------------    -------------------
    SLICE_X155Y128       LDCE                         0.000     0.000 r  datapath/ch2_reg[active]/G
    SLICE_X155Y128       LDCE (EnToQ_ldce_G_Q)        0.129     0.129 r  datapath/ch2_reg[active]/Q
                         net (fo=2, routed)           0.350     0.479    datapath/video_inst/Inst_vga/vga_sig_gen/v_counter/dc_bias_reg[0]_0
    SLICE_X152Y136       LUT3 (Prop_lut3_I2_O)        0.045     0.524 r  datapath/video_inst/Inst_vga/vga_sig_gen/v_counter/dc_bias[1]_i_3/O
                         net (fo=6, routed)           0.233     0.757    datapath/video_inst/inst_dvid/TDMS_encoder_green/dc_bias_reg[1]_1
    SLICE_X155Y136       LUT6 (Prop_lut6_I1_O)        0.045     0.802 f  datapath/video_inst/inst_dvid/TDMS_encoder_green/encoded[9]_i_3/O
                         net (fo=1, routed)           0.135     0.937    datapath/video_inst/inst_dvid/TDMS_encoder_green/encoded[9]_i_3_n_0
    SLICE_X155Y136       LUT4 (Prop_lut4_I3_O)        0.045     0.982 r  datapath/video_inst/inst_dvid/TDMS_encoder_green/encoded[9]_i_1/O
                         net (fo=1, routed)           0.000     0.982    datapath/video_inst/inst_dvid/TDMS_encoder_green/encoded[9]_i_1_n_0
    SLICE_X155Y136       FDRE                                         r  datapath/video_inst/inst_dvid/TDMS_encoder_green/encoded_reg[9]/D
  -------------------------------------------------------------------    -------------------

                         (clock clk_out1_clk_wiz_0 rise edge)
                                                      0.000     0.000 r  
    BUFGCTRL_X0Y2        BUFG                         0.000     0.000 r  clk_IBUF_BUFG_inst/O
                         net (fo=302, routed)         1.022     1.022    datapath/video_inst/mmcm_adv_inst_display_clocks/inst/clk_in1
    MMCME2_ADV_X1Y0      MMCME2_ADV (Prop_mmcme2_adv_CLKIN1_CLKOUT0)
                                                     -2.040    -1.018 r  datapath/video_inst/mmcm_adv_inst_display_clocks/inst/mmcm_adv_inst/CLKOUT0
                         net (fo=1, routed)           0.989    -0.029    datapath/video_inst/mmcm_adv_inst_display_clocks/inst/clk_out1_clk_wiz_0
    BUFGCTRL_X0Y4        BUFG (Prop_bufg_I_O)         0.029    -0.000 r  datapath/video_inst/mmcm_adv_inst_display_clocks/inst/clkout1_buf/O
                         net (fo=65, routed)          0.888     0.888    datapath/video_inst/inst_dvid/TDMS_encoder_green/CLK
    SLICE_X155Y136       FDRE                                         r  datapath/video_inst/inst_dvid/TDMS_encoder_green/encoded_reg[9]/C

Slack:                    inf
  Source:                 datapath/ch2_reg[active]/G
                            (positive level-sensitive latch)
  Destination:            datapath/video_inst/inst_dvid/TDMS_encoder_green/dc_bias_reg[3]/D
                            (rising edge-triggered cell FDRE clocked by clk_out1_clk_wiz_0  {rise@0.000ns fall@20.000ns period=40.000ns})
  Path Group:             (none)
  Path Type:              Hold (Min at Fast Process Corner)
  Data Path Delay:        1.051ns  (logic 0.329ns (31.309%)  route 0.722ns (68.691%))
  Logic Levels:           4  (LDCE=1 LUT3=2 LUT6=1)
  Clock Uncertainty:      0.190ns  ((TSJ^2 + DJ^2)^1/2) / 2 + PE
    Total System Jitter     (TSJ):    0.050ns
    Discrete Jitter          (DJ):    0.175ns
    Phase Error              (PE):    0.099ns

    Location             Delay type                Incr(ns)  Path(ns)    Netlist Resource(s)
  -------------------------------------------------------------------    -------------------
    SLICE_X155Y128       LDCE                         0.000     0.000 r  datapath/ch2_reg[active]/G
    SLICE_X155Y128       LDCE (EnToQ_ldce_G_Q)        0.129     0.129 r  datapath/ch2_reg[active]/Q
                         net (fo=2, routed)           0.350     0.479    datapath/video_inst/Inst_vga/vga_sig_gen/v_counter/dc_bias_reg[0]_0
    SLICE_X152Y136       LUT3 (Prop_lut3_I2_O)        0.045     0.524 r  datapath/video_inst/Inst_vga/vga_sig_gen/v_counter/dc_bias[1]_i_3/O
                         net (fo=6, routed)           0.164     0.688    datapath/video_inst/Inst_vga/vga_sig_gen/v_counter/w_processQ_reg[6]_0
    SLICE_X153Y135       LUT3 (Prop_lut3_I0_O)        0.048     0.736 r  datapath/video_inst/Inst_vga/vga_sig_gen/v_counter/dc_bias[3]_i_6__0/O
                         net (fo=1, routed)           0.208     0.944    datapath/video_inst/inst_dvid/TDMS_encoder_green/dc_bias_reg[3]_1
    SLICE_X154Y135       LUT6 (Prop_lut6_I4_O)        0.107     1.051 r  datapath/video_inst/inst_dvid/TDMS_encoder_green/dc_bias[3]_i_1__1/O
                         net (fo=1, routed)           0.000     1.051    datapath/video_inst/inst_dvid/TDMS_encoder_green/dc_bias[3]_i_1__1_n_0
    SLICE_X154Y135       FDRE                                         r  datapath/video_inst/inst_dvid/TDMS_encoder_green/dc_bias_reg[3]/D
  -------------------------------------------------------------------    -------------------

                         (clock clk_out1_clk_wiz_0 rise edge)
                                                      0.000     0.000 r  
    BUFGCTRL_X0Y2        BUFG                         0.000     0.000 r  clk_IBUF_BUFG_inst/O
                         net (fo=302, routed)         1.022     1.022    datapath/video_inst/mmcm_adv_inst_display_clocks/inst/clk_in1
    MMCME2_ADV_X1Y0      MMCME2_ADV (Prop_mmcme2_adv_CLKIN1_CLKOUT0)
                                                     -2.040    -1.018 r  datapath/video_inst/mmcm_adv_inst_display_clocks/inst/mmcm_adv_inst/CLKOUT0
                         net (fo=1, routed)           0.989    -0.029    datapath/video_inst/mmcm_adv_inst_display_clocks/inst/clk_out1_clk_wiz_0
    BUFGCTRL_X0Y4        BUFG (Prop_bufg_I_O)         0.029    -0.000 r  datapath/video_inst/mmcm_adv_inst_display_clocks/inst/clkout1_buf/O
                         net (fo=65, routed)          0.888     0.888    datapath/video_inst/inst_dvid/TDMS_encoder_green/CLK
    SLICE_X154Y135       FDRE                                         r  datapath/video_inst/inst_dvid/TDMS_encoder_green/dc_bias_reg[3]/C

Slack:                    inf
  Source:                 datapath/ch1_reg[active]/G
                            (positive level-sensitive latch)
  Destination:            datapath/video_inst/inst_dvid/TDMS_encoder_blue/dc_bias_reg[2]/D
                            (rising edge-triggered cell FDRE clocked by clk_out1_clk_wiz_0  {rise@0.000ns fall@20.000ns period=40.000ns})
  Path Group:             (none)
  Path Type:              Hold (Min at Fast Process Corner)
  Data Path Delay:        1.322ns  (logic 0.331ns (25.037%)  route 0.991ns (74.963%))
  Logic Levels:           4  (LDCE=1 LUT3=1 LUT5=1 LUT6=1)
  Clock Uncertainty:      0.190ns  ((TSJ^2 + DJ^2)^1/2) / 2 + PE
    Total System Jitter     (TSJ):    0.050ns
    Discrete Jitter          (DJ):    0.175ns
    Phase Error              (PE):    0.099ns

    Location             Delay type                Incr(ns)  Path(ns)    Netlist Resource(s)
  -------------------------------------------------------------------    -------------------
    SLICE_X156Y131       LDCE                         0.000     0.000 r  datapath/ch1_reg[active]/G
    SLICE_X156Y131       LDCE (EnToQ_ldce_G_Q)        0.129     0.129 r  datapath/ch1_reg[active]/Q
                         net (fo=2, routed)           0.382     0.511    datapath/video_inst/Inst_vga/vga_sig_gen/h_counter/dc_bias[2]_i_5_0
    SLICE_X152Y135       LUT3 (Prop_lut3_I1_O)        0.046     0.557 f  datapath/video_inst/Inst_vga/vga_sig_gen/h_counter/dc_bias[3]_i_5__0/O
                         net (fo=4, routed)           0.253     0.810    datapath/video_inst/Inst_vga/vga_sig_gen/h_counter/dc_bias[3]_i_5__0_n_0
    SLICE_X153Y135       LUT5 (Prop_lut5_I1_O)        0.111     0.921 r  datapath/video_inst/Inst_vga/vga_sig_gen/h_counter/dc_bias[3]_i_3/O
                         net (fo=14, routed)          0.356     1.277    datapath/video_inst/inst_dvid/TDMS_encoder_blue/dc_bias_reg[3]_2
    SLICE_X156Y136       LUT6 (Prop_lut6_I4_O)        0.045     1.322 r  datapath/video_inst/inst_dvid/TDMS_encoder_blue/dc_bias[2]_i_1/O
                         net (fo=1, routed)           0.000     1.322    datapath/video_inst/inst_dvid/TDMS_encoder_blue/dc_bias[2]_i_1_n_0
    SLICE_X156Y136       FDRE                                         r  datapath/video_inst/inst_dvid/TDMS_encoder_blue/dc_bias_reg[2]/D
  -------------------------------------------------------------------    -------------------

                         (clock clk_out1_clk_wiz_0 rise edge)
                                                      0.000     0.000 r  
    BUFGCTRL_X0Y2        BUFG                         0.000     0.000 r  clk_IBUF_BUFG_inst/O
                         net (fo=302, routed)         1.022     1.022    datapath/video_inst/mmcm_adv_inst_display_clocks/inst/clk_in1
    MMCME2_ADV_X1Y0      MMCME2_ADV (Prop_mmcme2_adv_CLKIN1_CLKOUT0)
                                                     -2.040    -1.018 r  datapath/video_inst/mmcm_adv_inst_display_clocks/inst/mmcm_adv_inst/CLKOUT0
                         net (fo=1, routed)           0.989    -0.029    datapath/video_inst/mmcm_adv_inst_display_clocks/inst/clk_out1_clk_wiz_0
    BUFGCTRL_X0Y4        BUFG (Prop_bufg_I_O)         0.029    -0.000 r  datapath/video_inst/mmcm_adv_inst_display_clocks/inst/clkout1_buf/O
                         net (fo=65, routed)          0.915     0.915    datapath/video_inst/inst_dvid/TDMS_encoder_blue/CLK
    SLICE_X156Y136       FDRE                                         r  datapath/video_inst/inst_dvid/TDMS_encoder_blue/dc_bias_reg[2]/C

Slack:                    inf
  Source:                 datapath/ch1_reg[active]/G
                            (positive level-sensitive latch)
  Destination:            datapath/video_inst/inst_dvid/TDMS_encoder_blue/dc_bias_reg[3]/D
                            (rising edge-triggered cell FDRE clocked by clk_out1_clk_wiz_0  {rise@0.000ns fall@20.000ns period=40.000ns})
  Path Group:             (none)
  Path Type:              Hold (Min at Fast Process Corner)
  Data Path Delay:        1.323ns  (logic 0.331ns (25.018%)  route 0.992ns (74.982%))
  Logic Levels:           4  (LDCE=1 LUT3=1 LUT5=1 LUT6=1)
  Clock Uncertainty:      0.190ns  ((TSJ^2 + DJ^2)^1/2) / 2 + PE
    Total System Jitter     (TSJ):    0.050ns
    Discrete Jitter          (DJ):    0.175ns
    Phase Error              (PE):    0.099ns

    Location             Delay type                Incr(ns)  Path(ns)    Netlist Resource(s)
  -------------------------------------------------------------------    -------------------
    SLICE_X156Y131       LDCE                         0.000     0.000 r  datapath/ch1_reg[active]/G
    SLICE_X156Y131       LDCE (EnToQ_ldce_G_Q)        0.129     0.129 r  datapath/ch1_reg[active]/Q
                         net (fo=2, routed)           0.382     0.511    datapath/video_inst/Inst_vga/vga_sig_gen/h_counter/dc_bias[2]_i_5_0
    SLICE_X152Y135       LUT3 (Prop_lut3_I1_O)        0.046     0.557 f  datapath/video_inst/Inst_vga/vga_sig_gen/h_counter/dc_bias[3]_i_5__0/O
                         net (fo=4, routed)           0.253     0.810    datapath/video_inst/Inst_vga/vga_sig_gen/h_counter/dc_bias[3]_i_5__0_n_0
    SLICE_X153Y135       LUT5 (Prop_lut5_I1_O)        0.111     0.921 r  datapath/video_inst/Inst_vga/vga_sig_gen/h_counter/dc_bias[3]_i_3/O
                         net (fo=14, routed)          0.357     1.278    datapath/video_inst/inst_dvid/TDMS_encoder_blue/dc_bias_reg[3]_2
    SLICE_X156Y136       LUT6 (Prop_lut6_I3_O)        0.045     1.323 r  datapath/video_inst/inst_dvid/TDMS_encoder_blue/dc_bias[3]_i_1__0/O
                         net (fo=1, routed)           0.000     1.323    datapath/video_inst/inst_dvid/TDMS_encoder_blue/dc_bias[3]_i_1__0_n_0
    SLICE_X156Y136       FDRE                                         r  datapath/video_inst/inst_dvid/TDMS_encoder_blue/dc_bias_reg[3]/D
  -------------------------------------------------------------------    -------------------

                         (clock clk_out1_clk_wiz_0 rise edge)
                                                      0.000     0.000 r  
    BUFGCTRL_X0Y2        BUFG                         0.000     0.000 r  clk_IBUF_BUFG_inst/O
                         net (fo=302, routed)         1.022     1.022    datapath/video_inst/mmcm_adv_inst_display_clocks/inst/clk_in1
    MMCME2_ADV_X1Y0      MMCME2_ADV (Prop_mmcme2_adv_CLKIN1_CLKOUT0)
                                                     -2.040    -1.018 r  datapath/video_inst/mmcm_adv_inst_display_clocks/inst/mmcm_adv_inst/CLKOUT0
                         net (fo=1, routed)           0.989    -0.029    datapath/video_inst/mmcm_adv_inst_display_clocks/inst/clk_out1_clk_wiz_0
    BUFGCTRL_X0Y4        BUFG (Prop_bufg_I_O)         0.029    -0.000 r  datapath/video_inst/mmcm_adv_inst_display_clocks/inst/clkout1_buf/O
                         net (fo=65, routed)          0.915     0.915    datapath/video_inst/inst_dvid/TDMS_encoder_blue/CLK
    SLICE_X156Y136       FDRE                                         r  datapath/video_inst/inst_dvid/TDMS_encoder_blue/dc_bias_reg[3]/C

Slack:                    inf
  Source:                 datapath/ch1_reg[active]/G
                            (positive level-sensitive latch)
  Destination:            datapath/video_inst/inst_dvid/TDMS_encoder_green/encoded_reg[0]/D
                            (rising edge-triggered cell FDRE clocked by clk_out1_clk_wiz_0  {rise@0.000ns fall@20.000ns period=40.000ns})
  Path Group:             (none)
  Path Type:              Hold (Min at Fast Process Corner)
  Data Path Delay:        1.352ns  (logic 0.309ns (22.853%)  route 1.043ns (77.147%))
  Logic Levels:           5  (LDCE=1 LUT2=1 LUT4=1 LUT5=1 LUT6=1)
  Clock Uncertainty:      0.190ns  ((TSJ^2 + DJ^2)^1/2) / 2 + PE
    Total System Jitter     (TSJ):    0.050ns
    Discrete Jitter          (DJ):    0.175ns
    Phase Error              (PE):    0.099ns

    Location             Delay type                Incr(ns)  Path(ns)    Netlist Resource(s)
  -------------------------------------------------------------------    -------------------
    SLICE_X156Y131       LDCE                         0.000     0.000 r  datapath/ch1_reg[active]/G
    SLICE_X156Y131       LDCE (EnToQ_ldce_G_Q)        0.129     0.129 r  datapath/ch1_reg[active]/Q
                         net (fo=2, routed)           0.382     0.511    datapath/video_inst/inst_dvid/TDMS_encoder_blue/dc_bias[3]_i_8
    SLICE_X152Y135       LUT2 (Prop_lut2_I0_O)        0.045     0.556 r  datapath/video_inst/inst_dvid/TDMS_encoder_blue/dc_bias[3]_i_9__0/O
                         net (fo=1, routed)           0.225     0.782    datapath/video_inst/Inst_vga/vga_sig_gen/h_counter/encoded[2]_i_2
    SLICE_X152Y135       LUT6 (Prop_lut6_I0_O)        0.045     0.827 r  datapath/video_inst/Inst_vga/vga_sig_gen/h_counter/dc_bias[3]_i_8/O
                         net (fo=3, routed)           0.161     0.987    datapath/video_inst/inst_dvid/TDMS_encoder_green/dc_bias_reg[3]_0
    SLICE_X154Y135       LUT5 (Prop_lut5_I0_O)        0.045     1.032 r  datapath/video_inst/inst_dvid/TDMS_encoder_green/dc_bias[3]_i_3__1/O
                         net (fo=3, routed)           0.275     1.307    datapath/video_inst/inst_dvid/TDMS_encoder_green/dc_bias[3]_i_3__1_n_0
    SLICE_X157Y136       LUT4 (Prop_lut4_I0_O)        0.045     1.352 r  datapath/video_inst/inst_dvid/TDMS_encoder_green/encoded[0]_i_1__1/O
                         net (fo=1, routed)           0.000     1.352    datapath/video_inst/inst_dvid/TDMS_encoder_green/encoded[0]_i_1__1_n_0
    SLICE_X157Y136       FDRE                                         r  datapath/video_inst/inst_dvid/TDMS_encoder_green/encoded_reg[0]/D
  -------------------------------------------------------------------    -------------------

                         (clock clk_out1_clk_wiz_0 rise edge)
                                                      0.000     0.000 r  
    BUFGCTRL_X0Y2        BUFG                         0.000     0.000 r  clk_IBUF_BUFG_inst/O
                         net (fo=302, routed)         1.022     1.022    datapath/video_inst/mmcm_adv_inst_display_clocks/inst/clk_in1
    MMCME2_ADV_X1Y0      MMCME2_ADV (Prop_mmcme2_adv_CLKIN1_CLKOUT0)
                                                     -2.040    -1.018 r  datapath/video_inst/mmcm_adv_inst_display_clocks/inst/mmcm_adv_inst/CLKOUT0
                         net (fo=1, routed)           0.989    -0.029    datapath/video_inst/mmcm_adv_inst_display_clocks/inst/clk_out1_clk_wiz_0
    BUFGCTRL_X0Y4        BUFG (Prop_bufg_I_O)         0.029    -0.000 r  datapath/video_inst/mmcm_adv_inst_display_clocks/inst/clkout1_buf/O
                         net (fo=65, routed)          0.915     0.915    datapath/video_inst/inst_dvid/TDMS_encoder_green/CLK
    SLICE_X157Y136       FDRE                                         r  datapath/video_inst/inst_dvid/TDMS_encoder_green/encoded_reg[0]/C

Slack:                    inf
  Source:                 datapath/ch1_reg[active]/G
                            (positive level-sensitive latch)
  Destination:            datapath/video_inst/inst_dvid/TDMS_encoder_green/encoded_reg[2]/D
                            (rising edge-triggered cell FDRE clocked by clk_out1_clk_wiz_0  {rise@0.000ns fall@20.000ns period=40.000ns})
  Path Group:             (none)
  Path Type:              Hold (Min at Fast Process Corner)
  Data Path Delay:        1.356ns  (logic 0.313ns (23.081%)  route 1.043ns (76.919%))
  Logic Levels:           5  (LDCE=1 LUT2=1 LUT4=1 LUT5=1 LUT6=1)
  Clock Uncertainty:      0.190ns  ((TSJ^2 + DJ^2)^1/2) / 2 + PE
    Total System Jitter     (TSJ):    0.050ns
    Discrete Jitter          (DJ):    0.175ns
    Phase Error              (PE):    0.099ns

    Location             Delay type                Incr(ns)  Path(ns)    Netlist Resource(s)
  -------------------------------------------------------------------    -------------------
    SLICE_X156Y131       LDCE                         0.000     0.000 r  datapath/ch1_reg[active]/G
    SLICE_X156Y131       LDCE (EnToQ_ldce_G_Q)        0.129     0.129 r  datapath/ch1_reg[active]/Q
                         net (fo=2, routed)           0.382     0.511    datapath/video_inst/inst_dvid/TDMS_encoder_blue/dc_bias[3]_i_8
    SLICE_X152Y135       LUT2 (Prop_lut2_I0_O)        0.045     0.556 r  datapath/video_inst/inst_dvid/TDMS_encoder_blue/dc_bias[3]_i_9__0/O
                         net (fo=1, routed)           0.225     0.782    datapath/video_inst/Inst_vga/vga_sig_gen/h_counter/encoded[2]_i_2
    SLICE_X152Y135       LUT6 (Prop_lut6_I0_O)        0.045     0.827 r  datapath/video_inst/Inst_vga/vga_sig_gen/h_counter/dc_bias[3]_i_8/O
                         net (fo=3, routed)           0.161     0.987    datapath/video_inst/inst_dvid/TDMS_encoder_green/dc_bias_reg[3]_0
    SLICE_X154Y135       LUT5 (Prop_lut5_I0_O)        0.045     1.032 r  datapath/video_inst/inst_dvid/TDMS_encoder_green/dc_bias[3]_i_3__1/O
                         net (fo=3, routed)           0.275     1.307    datapath/video_inst/inst_dvid/TDMS_encoder_green/dc_bias[3]_i_3__1_n_0
    SLICE_X157Y136       LUT4 (Prop_lut4_I0_O)        0.049     1.356 r  datapath/video_inst/inst_dvid/TDMS_encoder_green/encoded[2]_i_1__1/O
                         net (fo=1, routed)           0.000     1.356    datapath/video_inst/inst_dvid/TDMS_encoder_green/encoded[2]_i_1__1_n_0
    SLICE_X157Y136       FDRE                                         r  datapath/video_inst/inst_dvid/TDMS_encoder_green/encoded_reg[2]/D
  -------------------------------------------------------------------    -------------------

                         (clock clk_out1_clk_wiz_0 rise edge)
                                                      0.000     0.000 r  
    BUFGCTRL_X0Y2        BUFG                         0.000     0.000 r  clk_IBUF_BUFG_inst/O
                         net (fo=302, routed)         1.022     1.022    datapath/video_inst/mmcm_adv_inst_display_clocks/inst/clk_in1
    MMCME2_ADV_X1Y0      MMCME2_ADV (Prop_mmcme2_adv_CLKIN1_CLKOUT0)
                                                     -2.040    -1.018 r  datapath/video_inst/mmcm_adv_inst_display_clocks/inst/mmcm_adv_inst/CLKOUT0
                         net (fo=1, routed)           0.989    -0.029    datapath/video_inst/mmcm_adv_inst_display_clocks/inst/clk_out1_clk_wiz_0
    BUFGCTRL_X0Y4        BUFG (Prop_bufg_I_O)         0.029    -0.000 r  datapath/video_inst/mmcm_adv_inst_display_clocks/inst/clkout1_buf/O
                         net (fo=65, routed)          0.915     0.915    datapath/video_inst/inst_dvid/TDMS_encoder_green/CLK
    SLICE_X157Y136       FDRE                                         r  datapath/video_inst/inst_dvid/TDMS_encoder_green/encoded_reg[2]/C





--------------------------------------------------------------------------------------
Path Group:  (none)
From Clock:  
  To Clock:  clk_out2_clk_wiz_1

Max Delay            30 Endpoints
Min Delay            30 Endpoints
--------------------------------------------------------------------------------------


Max Delay Paths
--------------------------------------------------------------------------------------
Slack:                    inf
  Source:                 reset_n
                            (input port)
  Destination:            datapath/Audio_Codec/initialize_audio/twi_controller/FSM_gray_state_reg[0]/CE
                            (rising edge-triggered cell FDRE clocked by clk_out2_clk_wiz_1  {rise@0.000ns fall@10.000ns period=20.000ns})
  Path Group:             (none)
  Path Type:              Setup (Max at Slow Process Corner)
  Data Path Delay:        7.519ns  (logic 1.434ns (19.069%)  route 6.085ns (80.931%))
  Logic Levels:           4  (IBUF=1 LUT5=1 LUT6=2)
  Clock Path Skew:        1.706ns (DCD - SCD + CPR)
    Destination Clock Delay (DCD):    1.706ns
    Source Clock Delay      (SCD):    0.000ns
    Clock Pessimism Removal (CPR):    0.000ns
  Clock Uncertainty:      0.178ns  ((TSJ^2 + DJ^2)^1/2) / 2 + PE
    Total System Jitter     (TSJ):    0.050ns
    Discrete Jitter          (DJ):    0.152ns
    Phase Error              (PE):    0.099ns

    Location             Delay type                Incr(ns)  Path(ns)    Netlist Resource(s)
  -------------------------------------------------------------------    -------------------
    G4                                                0.000     0.000 r  reset_n (IN)
                         net (fo=0)                   0.000     0.000    reset_n
    G4                   IBUF (Prop_ibuf_I_O)         1.062     1.062 r  reset_n_IBUF_inst/O
                         net (fo=48, routed)          4.730     5.791    datapath/Audio_Codec/initialize_audio/twi_controller/reset_n_IBUF
    SLICE_X161Y117       LUT5 (Prop_lut5_I4_O)        0.124     5.915 f  datapath/Audio_Codec/initialize_audio/twi_controller/FSM_gray_state[3]_i_10/O
                         net (fo=1, routed)           0.665     6.581    datapath/Audio_Codec/initialize_audio/twi_controller/FSM_gray_state[3]_i_10_n_0
    SLICE_X161Y117       LUT6 (Prop_lut6_I3_O)        0.124     6.705 r  datapath/Audio_Codec/initialize_audio/twi_controller/FSM_gray_state[3]_i_3/O
                         net (fo=1, routed)           0.348     7.052    datapath/Audio_Codec/initialize_audio/twi_controller/FSM_gray_state[3]_i_3_n_0
    SLICE_X160Y117       LUT6 (Prop_lut6_I0_O)        0.124     7.176 r  datapath/Audio_Codec/initialize_audio/twi_controller/FSM_gray_state[3]_i_1/O
                         net (fo=4, routed)           0.342     7.519    datapath/Audio_Codec/initialize_audio/twi_controller/FSM_gray_state[3]_i_1_n_0
    SLICE_X160Y116       FDRE                                         r  datapath/Audio_Codec/initialize_audio/twi_controller/FSM_gray_state_reg[0]/CE
  -------------------------------------------------------------------    -------------------

                         (clock clk_out2_clk_wiz_1 rise edge)
                                                      0.000     0.000 r  
    BUFGCTRL_X0Y2        BUFG                         0.000     0.000 r  clk_IBUF_BUFG_inst/O
                         net (fo=302, routed)         1.643     1.643    datapath/Audio_Codec/audiocodec_master_clock/inst/clk_in1
    MMCME2_ADV_X0Y2      MMCME2_ADV (Prop_mmcme2_adv_CLKIN1_CLKOUT1)
                                                     -3.494    -1.851 r  datapath/Audio_Codec/audiocodec_master_clock/inst/mmcm_adv_inst/CLKOUT1
                         net (fo=1, routed)           1.760    -0.091    datapath/Audio_Codec/audiocodec_master_clock/inst/clk_out2_clk_wiz_1
    BUFGCTRL_X0Y3        BUFG (Prop_bufg_I_O)         0.091     0.000 r  datapath/Audio_Codec/audiocodec_master_clock/inst/clkout2_buf/O
                         net (fo=115, routed)         1.706     1.706    datapath/Audio_Codec/initialize_audio/twi_controller/CLK
    SLICE_X160Y116       FDRE                                         r  datapath/Audio_Codec/initialize_audio/twi_controller/FSM_gray_state_reg[0]/C

Slack:                    inf
  Source:                 reset_n
                            (input port)
  Destination:            datapath/Audio_Codec/initialize_audio/twi_controller/FSM_gray_state_reg[1]/CE
                            (rising edge-triggered cell FDRE clocked by clk_out2_clk_wiz_1  {rise@0.000ns fall@10.000ns period=20.000ns})
  Path Group:             (none)
  Path Type:              Setup (Max at Slow Process Corner)
  Data Path Delay:        7.519ns  (logic 1.434ns (19.069%)  route 6.085ns (80.931%))
  Logic Levels:           4  (IBUF=1 LUT5=1 LUT6=2)
  Clock Path Skew:        1.706ns (DCD - SCD + CPR)
    Destination Clock Delay (DCD):    1.706ns
    Source Clock Delay      (SCD):    0.000ns
    Clock Pessimism Removal (CPR):    0.000ns
  Clock Uncertainty:      0.178ns  ((TSJ^2 + DJ^2)^1/2) / 2 + PE
    Total System Jitter     (TSJ):    0.050ns
    Discrete Jitter          (DJ):    0.152ns
    Phase Error              (PE):    0.099ns

    Location             Delay type                Incr(ns)  Path(ns)    Netlist Resource(s)
  -------------------------------------------------------------------    -------------------
    G4                                                0.000     0.000 r  reset_n (IN)
                         net (fo=0)                   0.000     0.000    reset_n
    G4                   IBUF (Prop_ibuf_I_O)         1.062     1.062 r  reset_n_IBUF_inst/O
                         net (fo=48, routed)          4.730     5.791    datapath/Audio_Codec/initialize_audio/twi_controller/reset_n_IBUF
    SLICE_X161Y117       LUT5 (Prop_lut5_I4_O)        0.124     5.915 f  datapath/Audio_Codec/initialize_audio/twi_controller/FSM_gray_state[3]_i_10/O
                         net (fo=1, routed)           0.665     6.581    datapath/Audio_Codec/initialize_audio/twi_controller/FSM_gray_state[3]_i_10_n_0
    SLICE_X161Y117       LUT6 (Prop_lut6_I3_O)        0.124     6.705 r  datapath/Audio_Codec/initialize_audio/twi_controller/FSM_gray_state[3]_i_3/O
                         net (fo=1, routed)           0.348     7.052    datapath/Audio_Codec/initialize_audio/twi_controller/FSM_gray_state[3]_i_3_n_0
    SLICE_X160Y117       LUT6 (Prop_lut6_I0_O)        0.124     7.176 r  datapath/Audio_Codec/initialize_audio/twi_controller/FSM_gray_state[3]_i_1/O
                         net (fo=4, routed)           0.342     7.519    datapath/Audio_Codec/initialize_audio/twi_controller/FSM_gray_state[3]_i_1_n_0
    SLICE_X160Y116       FDRE                                         r  datapath/Audio_Codec/initialize_audio/twi_controller/FSM_gray_state_reg[1]/CE
  -------------------------------------------------------------------    -------------------

                         (clock clk_out2_clk_wiz_1 rise edge)
                                                      0.000     0.000 r  
    BUFGCTRL_X0Y2        BUFG                         0.000     0.000 r  clk_IBUF_BUFG_inst/O
                         net (fo=302, routed)         1.643     1.643    datapath/Audio_Codec/audiocodec_master_clock/inst/clk_in1
    MMCME2_ADV_X0Y2      MMCME2_ADV (Prop_mmcme2_adv_CLKIN1_CLKOUT1)
                                                     -3.494    -1.851 r  datapath/Audio_Codec/audiocodec_master_clock/inst/mmcm_adv_inst/CLKOUT1
                         net (fo=1, routed)           1.760    -0.091    datapath/Audio_Codec/audiocodec_master_clock/inst/clk_out2_clk_wiz_1
    BUFGCTRL_X0Y3        BUFG (Prop_bufg_I_O)         0.091     0.000 r  datapath/Audio_Codec/audiocodec_master_clock/inst/clkout2_buf/O
                         net (fo=115, routed)         1.706     1.706    datapath/Audio_Codec/initialize_audio/twi_controller/CLK
    SLICE_X160Y116       FDRE                                         r  datapath/Audio_Codec/initialize_audio/twi_controller/FSM_gray_state_reg[1]/C

Slack:                    inf
  Source:                 reset_n
                            (input port)
  Destination:            datapath/Audio_Codec/initialize_audio/twi_controller/FSM_gray_state_reg[3]/CE
                            (rising edge-triggered cell FDRE clocked by clk_out2_clk_wiz_1  {rise@0.000ns fall@10.000ns period=20.000ns})
  Path Group:             (none)
  Path Type:              Setup (Max at Slow Process Corner)
  Data Path Delay:        7.519ns  (logic 1.434ns (19.069%)  route 6.085ns (80.931%))
  Logic Levels:           4  (IBUF=1 LUT5=1 LUT6=2)
  Clock Path Skew:        1.706ns (DCD - SCD + CPR)
    Destination Clock Delay (DCD):    1.706ns
    Source Clock Delay      (SCD):    0.000ns
    Clock Pessimism Removal (CPR):    0.000ns
  Clock Uncertainty:      0.178ns  ((TSJ^2 + DJ^2)^1/2) / 2 + PE
    Total System Jitter     (TSJ):    0.050ns
    Discrete Jitter          (DJ):    0.152ns
    Phase Error              (PE):    0.099ns

    Location             Delay type                Incr(ns)  Path(ns)    Netlist Resource(s)
  -------------------------------------------------------------------    -------------------
    G4                                                0.000     0.000 r  reset_n (IN)
                         net (fo=0)                   0.000     0.000    reset_n
    G4                   IBUF (Prop_ibuf_I_O)         1.062     1.062 r  reset_n_IBUF_inst/O
                         net (fo=48, routed)          4.730     5.791    datapath/Audio_Codec/initialize_audio/twi_controller/reset_n_IBUF
    SLICE_X161Y117       LUT5 (Prop_lut5_I4_O)        0.124     5.915 f  datapath/Audio_Codec/initialize_audio/twi_controller/FSM_gray_state[3]_i_10/O
                         net (fo=1, routed)           0.665     6.581    datapath/Audio_Codec/initialize_audio/twi_controller/FSM_gray_state[3]_i_10_n_0
    SLICE_X161Y117       LUT6 (Prop_lut6_I3_O)        0.124     6.705 r  datapath/Audio_Codec/initialize_audio/twi_controller/FSM_gray_state[3]_i_3/O
                         net (fo=1, routed)           0.348     7.052    datapath/Audio_Codec/initialize_audio/twi_controller/FSM_gray_state[3]_i_3_n_0
    SLICE_X160Y117       LUT6 (Prop_lut6_I0_O)        0.124     7.176 r  datapath/Audio_Codec/initialize_audio/twi_controller/FSM_gray_state[3]_i_1/O
                         net (fo=4, routed)           0.342     7.519    datapath/Audio_Codec/initialize_audio/twi_controller/FSM_gray_state[3]_i_1_n_0
    SLICE_X160Y116       FDRE                                         r  datapath/Audio_Codec/initialize_audio/twi_controller/FSM_gray_state_reg[3]/CE
  -------------------------------------------------------------------    -------------------

                         (clock clk_out2_clk_wiz_1 rise edge)
                                                      0.000     0.000 r  
    BUFGCTRL_X0Y2        BUFG                         0.000     0.000 r  clk_IBUF_BUFG_inst/O
                         net (fo=302, routed)         1.643     1.643    datapath/Audio_Codec/audiocodec_master_clock/inst/clk_in1
    MMCME2_ADV_X0Y2      MMCME2_ADV (Prop_mmcme2_adv_CLKIN1_CLKOUT1)
                                                     -3.494    -1.851 r  datapath/Audio_Codec/audiocodec_master_clock/inst/mmcm_adv_inst/CLKOUT1
                         net (fo=1, routed)           1.760    -0.091    datapath/Audio_Codec/audiocodec_master_clock/inst/clk_out2_clk_wiz_1
    BUFGCTRL_X0Y3        BUFG (Prop_bufg_I_O)         0.091     0.000 r  datapath/Audio_Codec/audiocodec_master_clock/inst/clkout2_buf/O
                         net (fo=115, routed)         1.706     1.706    datapath/Audio_Codec/initialize_audio/twi_controller/CLK
    SLICE_X160Y116       FDRE                                         r  datapath/Audio_Codec/initialize_audio/twi_controller/FSM_gray_state_reg[3]/C

Slack:                    inf
  Source:                 reset_n
                            (input port)
  Destination:            datapath/Audio_Codec/initialize_audio/twi_controller/FSM_gray_state_reg[2]/CE
                            (rising edge-triggered cell FDRE clocked by clk_out2_clk_wiz_1  {rise@0.000ns fall@10.000ns period=20.000ns})
  Path Group:             (none)
  Path Type:              Setup (Max at Slow Process Corner)
  Data Path Delay:        7.379ns  (logic 1.434ns (19.431%)  route 5.945ns (80.569%))
  Logic Levels:           4  (IBUF=1 LUT5=1 LUT6=2)
  Clock Path Skew:        1.705ns (DCD - SCD + CPR)
    Destination Clock Delay (DCD):    1.705ns
    Source Clock Delay      (SCD):    0.000ns
    Clock Pessimism Removal (CPR):    0.000ns
  Clock Uncertainty:      0.178ns  ((TSJ^2 + DJ^2)^1/2) / 2 + PE
    Total System Jitter     (TSJ):    0.050ns
    Discrete Jitter          (DJ):    0.152ns
    Phase Error              (PE):    0.099ns

    Location             Delay type                Incr(ns)  Path(ns)    Netlist Resource(s)
  -------------------------------------------------------------------    -------------------
    G4                                                0.000     0.000 r  reset_n (IN)
                         net (fo=0)                   0.000     0.000    reset_n
    G4                   IBUF (Prop_ibuf_I_O)         1.062     1.062 r  reset_n_IBUF_inst/O
                         net (fo=48, routed)          4.730     5.791    datapath/Audio_Codec/initialize_audio/twi_controller/reset_n_IBUF
    SLICE_X161Y117       LUT5 (Prop_lut5_I4_O)        0.124     5.915 f  datapath/Audio_Codec/initialize_audio/twi_controller/FSM_gray_state[3]_i_10/O
                         net (fo=1, routed)           0.665     6.581    datapath/Audio_Codec/initialize_audio/twi_controller/FSM_gray_state[3]_i_10_n_0
    SLICE_X161Y117       LUT6 (Prop_lut6_I3_O)        0.124     6.705 r  datapath/Audio_Codec/initialize_audio/twi_controller/FSM_gray_state[3]_i_3/O
                         net (fo=1, routed)           0.348     7.052    datapath/Audio_Codec/initialize_audio/twi_controller/FSM_gray_state[3]_i_3_n_0
    SLICE_X160Y117       LUT6 (Prop_lut6_I0_O)        0.124     7.176 r  datapath/Audio_Codec/initialize_audio/twi_controller/FSM_gray_state[3]_i_1/O
                         net (fo=4, routed)           0.202     7.379    datapath/Audio_Codec/initialize_audio/twi_controller/FSM_gray_state[3]_i_1_n_0
    SLICE_X160Y117       FDRE                                         r  datapath/Audio_Codec/initialize_audio/twi_controller/FSM_gray_state_reg[2]/CE
  -------------------------------------------------------------------    -------------------

                         (clock clk_out2_clk_wiz_1 rise edge)
                                                      0.000     0.000 r  
    BUFGCTRL_X0Y2        BUFG                         0.000     0.000 r  clk_IBUF_BUFG_inst/O
                         net (fo=302, routed)         1.643     1.643    datapath/Audio_Codec/audiocodec_master_clock/inst/clk_in1
    MMCME2_ADV_X0Y2      MMCME2_ADV (Prop_mmcme2_adv_CLKIN1_CLKOUT1)
                                                     -3.494    -1.851 r  datapath/Audio_Codec/audiocodec_master_clock/inst/mmcm_adv_inst/CLKOUT1
                         net (fo=1, routed)           1.760    -0.091    datapath/Audio_Codec/audiocodec_master_clock/inst/clk_out2_clk_wiz_1
    BUFGCTRL_X0Y3        BUFG (Prop_bufg_I_O)         0.091     0.000 r  datapath/Audio_Codec/audiocodec_master_clock/inst/clkout2_buf/O
                         net (fo=115, routed)         1.705     1.705    datapath/Audio_Codec/initialize_audio/twi_controller/CLK
    SLICE_X160Y117       FDRE                                         r  datapath/Audio_Codec/initialize_audio/twi_controller/FSM_gray_state_reg[2]/C

Slack:                    inf
  Source:                 reset_n
                            (input port)
  Destination:            datapath/Audio_Codec/initialize_audio/state_reg[3]/R
                            (rising edge-triggered cell FDRE clocked by clk_out2_clk_wiz_1  {rise@0.000ns fall@10.000ns period=20.000ns})
  Path Group:             (none)
  Path Type:              Setup (Max at Slow Process Corner)
  Data Path Delay:        7.022ns  (logic 1.214ns (17.286%)  route 5.808ns (82.714%))
  Logic Levels:           2  (IBUF=1 LUT1=1)
  Clock Path Skew:        1.701ns (DCD - SCD + CPR)
    Destination Clock Delay (DCD):    1.701ns
    Source Clock Delay      (SCD):    0.000ns
    Clock Pessimism Removal (CPR):    0.000ns
  Clock Uncertainty:      0.178ns  ((TSJ^2 + DJ^2)^1/2) / 2 + PE
    Total System Jitter     (TSJ):    0.050ns
    Discrete Jitter          (DJ):    0.152ns
    Phase Error              (PE):    0.099ns

    Location             Delay type                Incr(ns)  Path(ns)    Netlist Resource(s)
  -------------------------------------------------------------------    -------------------
    G4                                                0.000     0.000 f  reset_n (IN)
                         net (fo=0)                   0.000     0.000    reset_n
    G4                   IBUF (Prop_ibuf_I_O)         1.062     1.062 f  reset_n_IBUF_inst/O
                         net (fo=48, routed)          3.933     4.995    datapath/Audio_Codec/audio_inout/reset_n_IBUF
    SLICE_X153Y124       LUT1 (Prop_lut1_I0_O)        0.152     5.147 r  datapath/Audio_Codec/audio_inout/FSM_sequential_state[2]_i_1/O
                         net (fo=184, routed)         1.875     7.022    datapath/Audio_Codec/initialize_audio/initA_reg[0]_0
    SLICE_X160Y121       FDRE                                         r  datapath/Audio_Codec/initialize_audio/state_reg[3]/R
  -------------------------------------------------------------------    -------------------

                         (clock clk_out2_clk_wiz_1 rise edge)
                                                      0.000     0.000 r  
    BUFGCTRL_X0Y2        BUFG                         0.000     0.000 r  clk_IBUF_BUFG_inst/O
                         net (fo=302, routed)         1.643     1.643    datapath/Audio_Codec/audiocodec_master_clock/inst/clk_in1
    MMCME2_ADV_X0Y2      MMCME2_ADV (Prop_mmcme2_adv_CLKIN1_CLKOUT1)
                                                     -3.494    -1.851 r  datapath/Audio_Codec/audiocodec_master_clock/inst/mmcm_adv_inst/CLKOUT1
                         net (fo=1, routed)           1.760    -0.091    datapath/Audio_Codec/audiocodec_master_clock/inst/clk_out2_clk_wiz_1
    BUFGCTRL_X0Y3        BUFG (Prop_bufg_I_O)         0.091     0.000 r  datapath/Audio_Codec/audiocodec_master_clock/inst/clkout2_buf/O
                         net (fo=115, routed)         1.701     1.701    datapath/Audio_Codec/initialize_audio/CLK
    SLICE_X160Y121       FDRE                                         r  datapath/Audio_Codec/initialize_audio/state_reg[3]/C

Slack:                    inf
  Source:                 reset_n
                            (input port)
  Destination:            datapath/Audio_Codec/initialize_audio/initA_reg[0]/R
                            (rising edge-triggered cell FDRE clocked by clk_out2_clk_wiz_1  {rise@0.000ns fall@10.000ns period=20.000ns})
  Path Group:             (none)
  Path Type:              Setup (Max at Slow Process Corner)
  Data Path Delay:        6.881ns  (logic 1.214ns (17.641%)  route 5.667ns (82.359%))
  Logic Levels:           2  (IBUF=1 LUT1=1)
  Clock Path Skew:        1.698ns (DCD - SCD + CPR)
    Destination Clock Delay (DCD):    1.698ns
    Source Clock Delay      (SCD):    0.000ns
    Clock Pessimism Removal (CPR):    0.000ns
  Clock Uncertainty:      0.178ns  ((TSJ^2 + DJ^2)^1/2) / 2 + PE
    Total System Jitter     (TSJ):    0.050ns
    Discrete Jitter          (DJ):    0.152ns
    Phase Error              (PE):    0.099ns

    Location             Delay type                Incr(ns)  Path(ns)    Netlist Resource(s)
  -------------------------------------------------------------------    -------------------
    G4                                                0.000     0.000 f  reset_n (IN)
                         net (fo=0)                   0.000     0.000    reset_n
    G4                   IBUF (Prop_ibuf_I_O)         1.062     1.062 f  reset_n_IBUF_inst/O
                         net (fo=48, routed)          3.933     4.995    datapath/Audio_Codec/audio_inout/reset_n_IBUF
    SLICE_X153Y124       LUT1 (Prop_lut1_I0_O)        0.152     5.147 r  datapath/Audio_Codec/audio_inout/FSM_sequential_state[2]_i_1/O
                         net (fo=184, routed)         1.734     6.881    datapath/Audio_Codec/initialize_audio/initA_reg[0]_0
    SLICE_X160Y123       FDRE                                         r  datapath/Audio_Codec/initialize_audio/initA_reg[0]/R
  -------------------------------------------------------------------    -------------------

                         (clock clk_out2_clk_wiz_1 rise edge)
                                                      0.000     0.000 r  
    BUFGCTRL_X0Y2        BUFG                         0.000     0.000 r  clk_IBUF_BUFG_inst/O
                         net (fo=302, routed)         1.643     1.643    datapath/Audio_Codec/audiocodec_master_clock/inst/clk_in1
    MMCME2_ADV_X0Y2      MMCME2_ADV (Prop_mmcme2_adv_CLKIN1_CLKOUT1)
                                                     -3.494    -1.851 r  datapath/Audio_Codec/audiocodec_master_clock/inst/mmcm_adv_inst/CLKOUT1
                         net (fo=1, routed)           1.760    -0.091    datapath/Audio_Codec/audiocodec_master_clock/inst/clk_out2_clk_wiz_1
    BUFGCTRL_X0Y3        BUFG (Prop_bufg_I_O)         0.091     0.000 r  datapath/Audio_Codec/audiocodec_master_clock/inst/clkout2_buf/O
                         net (fo=115, routed)         1.698     1.698    datapath/Audio_Codec/initialize_audio/CLK
    SLICE_X160Y123       FDRE                                         r  datapath/Audio_Codec/initialize_audio/initA_reg[0]/C

Slack:                    inf
  Source:                 reset_n
                            (input port)
  Destination:            datapath/Audio_Codec/initialize_audio/initA_reg[1]/R
                            (rising edge-triggered cell FDRE clocked by clk_out2_clk_wiz_1  {rise@0.000ns fall@10.000ns period=20.000ns})
  Path Group:             (none)
  Path Type:              Setup (Max at Slow Process Corner)
  Data Path Delay:        6.881ns  (logic 1.214ns (17.641%)  route 5.667ns (82.359%))
  Logic Levels:           2  (IBUF=1 LUT1=1)
  Clock Path Skew:        1.698ns (DCD - SCD + CPR)
    Destination Clock Delay (DCD):    1.698ns
    Source Clock Delay      (SCD):    0.000ns
    Clock Pessimism Removal (CPR):    0.000ns
  Clock Uncertainty:      0.178ns  ((TSJ^2 + DJ^2)^1/2) / 2 + PE
    Total System Jitter     (TSJ):    0.050ns
    Discrete Jitter          (DJ):    0.152ns
    Phase Error              (PE):    0.099ns

    Location             Delay type                Incr(ns)  Path(ns)    Netlist Resource(s)
  -------------------------------------------------------------------    -------------------
    G4                                                0.000     0.000 f  reset_n (IN)
                         net (fo=0)                   0.000     0.000    reset_n
    G4                   IBUF (Prop_ibuf_I_O)         1.062     1.062 f  reset_n_IBUF_inst/O
                         net (fo=48, routed)          3.933     4.995    datapath/Audio_Codec/audio_inout/reset_n_IBUF
    SLICE_X153Y124       LUT1 (Prop_lut1_I0_O)        0.152     5.147 r  datapath/Audio_Codec/audio_inout/FSM_sequential_state[2]_i_1/O
                         net (fo=184, routed)         1.734     6.881    datapath/Audio_Codec/initialize_audio/initA_reg[0]_0
    SLICE_X160Y123       FDRE                                         r  datapath/Audio_Codec/initialize_audio/initA_reg[1]/R
  -------------------------------------------------------------------    -------------------

                         (clock clk_out2_clk_wiz_1 rise edge)
                                                      0.000     0.000 r  
    BUFGCTRL_X0Y2        BUFG                         0.000     0.000 r  clk_IBUF_BUFG_inst/O
                         net (fo=302, routed)         1.643     1.643    datapath/Audio_Codec/audiocodec_master_clock/inst/clk_in1
    MMCME2_ADV_X0Y2      MMCME2_ADV (Prop_mmcme2_adv_CLKIN1_CLKOUT1)
                                                     -3.494    -1.851 r  datapath/Audio_Codec/audiocodec_master_clock/inst/mmcm_adv_inst/CLKOUT1
                         net (fo=1, routed)           1.760    -0.091    datapath/Audio_Codec/audiocodec_master_clock/inst/clk_out2_clk_wiz_1
    BUFGCTRL_X0Y3        BUFG (Prop_bufg_I_O)         0.091     0.000 r  datapath/Audio_Codec/audiocodec_master_clock/inst/clkout2_buf/O
                         net (fo=115, routed)         1.698     1.698    datapath/Audio_Codec/initialize_audio/CLK
    SLICE_X160Y123       FDRE                                         r  datapath/Audio_Codec/initialize_audio/initA_reg[1]/C

Slack:                    inf
  Source:                 reset_n
                            (input port)
  Destination:            datapath/Audio_Codec/initialize_audio/initA_reg[2]/R
                            (rising edge-triggered cell FDRE clocked by clk_out2_clk_wiz_1  {rise@0.000ns fall@10.000ns period=20.000ns})
  Path Group:             (none)
  Path Type:              Setup (Max at Slow Process Corner)
  Data Path Delay:        6.881ns  (logic 1.214ns (17.641%)  route 5.667ns (82.359%))
  Logic Levels:           2  (IBUF=1 LUT1=1)
  Clock Path Skew:        1.698ns (DCD - SCD + CPR)
    Destination Clock Delay (DCD):    1.698ns
    Source Clock Delay      (SCD):    0.000ns
    Clock Pessimism Removal (CPR):    0.000ns
  Clock Uncertainty:      0.178ns  ((TSJ^2 + DJ^2)^1/2) / 2 + PE
    Total System Jitter     (TSJ):    0.050ns
    Discrete Jitter          (DJ):    0.152ns
    Phase Error              (PE):    0.099ns

    Location             Delay type                Incr(ns)  Path(ns)    Netlist Resource(s)
  -------------------------------------------------------------------    -------------------
    G4                                                0.000     0.000 f  reset_n (IN)
                         net (fo=0)                   0.000     0.000    reset_n
    G4                   IBUF (Prop_ibuf_I_O)         1.062     1.062 f  reset_n_IBUF_inst/O
                         net (fo=48, routed)          3.933     4.995    datapath/Audio_Codec/audio_inout/reset_n_IBUF
    SLICE_X153Y124       LUT1 (Prop_lut1_I0_O)        0.152     5.147 r  datapath/Audio_Codec/audio_inout/FSM_sequential_state[2]_i_1/O
                         net (fo=184, routed)         1.734     6.881    datapath/Audio_Codec/initialize_audio/initA_reg[0]_0
    SLICE_X160Y123       FDRE                                         r  datapath/Audio_Codec/initialize_audio/initA_reg[2]/R
  -------------------------------------------------------------------    -------------------

                         (clock clk_out2_clk_wiz_1 rise edge)
                                                      0.000     0.000 r  
    BUFGCTRL_X0Y2        BUFG                         0.000     0.000 r  clk_IBUF_BUFG_inst/O
                         net (fo=302, routed)         1.643     1.643    datapath/Audio_Codec/audiocodec_master_clock/inst/clk_in1
    MMCME2_ADV_X0Y2      MMCME2_ADV (Prop_mmcme2_adv_CLKIN1_CLKOUT1)
                                                     -3.494    -1.851 r  datapath/Audio_Codec/audiocodec_master_clock/inst/mmcm_adv_inst/CLKOUT1
                         net (fo=1, routed)           1.760    -0.091    datapath/Audio_Codec/audiocodec_master_clock/inst/clk_out2_clk_wiz_1
    BUFGCTRL_X0Y3        BUFG (Prop_bufg_I_O)         0.091     0.000 r  datapath/Audio_Codec/audiocodec_master_clock/inst/clkout2_buf/O
                         net (fo=115, routed)         1.698     1.698    datapath/Audio_Codec/initialize_audio/CLK
    SLICE_X160Y123       FDRE                                         r  datapath/Audio_Codec/initialize_audio/initA_reg[2]/C

Slack:                    inf
  Source:                 reset_n
                            (input port)
  Destination:            datapath/Audio_Codec/initialize_audio/initA_reg[3]/R
                            (rising edge-triggered cell FDRE clocked by clk_out2_clk_wiz_1  {rise@0.000ns fall@10.000ns period=20.000ns})
  Path Group:             (none)
  Path Type:              Setup (Max at Slow Process Corner)
  Data Path Delay:        6.881ns  (logic 1.214ns (17.641%)  route 5.667ns (82.359%))
  Logic Levels:           2  (IBUF=1 LUT1=1)
  Clock Path Skew:        1.698ns (DCD - SCD + CPR)
    Destination Clock Delay (DCD):    1.698ns
    Source Clock Delay      (SCD):    0.000ns
    Clock Pessimism Removal (CPR):    0.000ns
  Clock Uncertainty:      0.178ns  ((TSJ^2 + DJ^2)^1/2) / 2 + PE
    Total System Jitter     (TSJ):    0.050ns
    Discrete Jitter          (DJ):    0.152ns
    Phase Error              (PE):    0.099ns

    Location             Delay type                Incr(ns)  Path(ns)    Netlist Resource(s)
  -------------------------------------------------------------------    -------------------
    G4                                                0.000     0.000 f  reset_n (IN)
                         net (fo=0)                   0.000     0.000    reset_n
    G4                   IBUF (Prop_ibuf_I_O)         1.062     1.062 f  reset_n_IBUF_inst/O
                         net (fo=48, routed)          3.933     4.995    datapath/Audio_Codec/audio_inout/reset_n_IBUF
    SLICE_X153Y124       LUT1 (Prop_lut1_I0_O)        0.152     5.147 r  datapath/Audio_Codec/audio_inout/FSM_sequential_state[2]_i_1/O
                         net (fo=184, routed)         1.734     6.881    datapath/Audio_Codec/initialize_audio/initA_reg[0]_0
    SLICE_X160Y123       FDRE                                         r  datapath/Audio_Codec/initialize_audio/initA_reg[3]/R
  -------------------------------------------------------------------    -------------------

                         (clock clk_out2_clk_wiz_1 rise edge)
                                                      0.000     0.000 r  
    BUFGCTRL_X0Y2        BUFG                         0.000     0.000 r  clk_IBUF_BUFG_inst/O
                         net (fo=302, routed)         1.643     1.643    datapath/Audio_Codec/audiocodec_master_clock/inst/clk_in1
    MMCME2_ADV_X0Y2      MMCME2_ADV (Prop_mmcme2_adv_CLKIN1_CLKOUT1)
                                                     -3.494    -1.851 r  datapath/Audio_Codec/audiocodec_master_clock/inst/mmcm_adv_inst/CLKOUT1
                         net (fo=1, routed)           1.760    -0.091    datapath/Audio_Codec/audiocodec_master_clock/inst/clk_out2_clk_wiz_1
    BUFGCTRL_X0Y3        BUFG (Prop_bufg_I_O)         0.091     0.000 r  datapath/Audio_Codec/audiocodec_master_clock/inst/clkout2_buf/O
                         net (fo=115, routed)         1.698     1.698    datapath/Audio_Codec/initialize_audio/CLK
    SLICE_X160Y123       FDRE                                         r  datapath/Audio_Codec/initialize_audio/initA_reg[3]/C

Slack:                    inf
  Source:                 reset_n
                            (input port)
  Destination:            datapath/Audio_Codec/initialize_audio/initA_reg[5]/R
                            (rising edge-triggered cell FDRE clocked by clk_out2_clk_wiz_1  {rise@0.000ns fall@10.000ns period=20.000ns})
  Path Group:             (none)
  Path Type:              Setup (Max at Slow Process Corner)
  Data Path Delay:        6.881ns  (logic 1.214ns (17.641%)  route 5.667ns (82.359%))
  Logic Levels:           2  (IBUF=1 LUT1=1)
  Clock Path Skew:        1.698ns (DCD - SCD + CPR)
    Destination Clock Delay (DCD):    1.698ns
    Source Clock Delay      (SCD):    0.000ns
    Clock Pessimism Removal (CPR):    0.000ns
  Clock Uncertainty:      0.178ns  ((TSJ^2 + DJ^2)^1/2) / 2 + PE
    Total System Jitter     (TSJ):    0.050ns
    Discrete Jitter          (DJ):    0.152ns
    Phase Error              (PE):    0.099ns

    Location             Delay type                Incr(ns)  Path(ns)    Netlist Resource(s)
  -------------------------------------------------------------------    -------------------
    G4                                                0.000     0.000 f  reset_n (IN)
                         net (fo=0)                   0.000     0.000    reset_n
    G4                   IBUF (Prop_ibuf_I_O)         1.062     1.062 f  reset_n_IBUF_inst/O
                         net (fo=48, routed)          3.933     4.995    datapath/Audio_Codec/audio_inout/reset_n_IBUF
    SLICE_X153Y124       LUT1 (Prop_lut1_I0_O)        0.152     5.147 r  datapath/Audio_Codec/audio_inout/FSM_sequential_state[2]_i_1/O
                         net (fo=184, routed)         1.734     6.881    datapath/Audio_Codec/initialize_audio/initA_reg[0]_0
    SLICE_X160Y123       FDRE                                         r  datapath/Audio_Codec/initialize_audio/initA_reg[5]/R
  -------------------------------------------------------------------    -------------------

                         (clock clk_out2_clk_wiz_1 rise edge)
                                                      0.000     0.000 r  
    BUFGCTRL_X0Y2        BUFG                         0.000     0.000 r  clk_IBUF_BUFG_inst/O
                         net (fo=302, routed)         1.643     1.643    datapath/Audio_Codec/audiocodec_master_clock/inst/clk_in1
    MMCME2_ADV_X0Y2      MMCME2_ADV (Prop_mmcme2_adv_CLKIN1_CLKOUT1)
                                                     -3.494    -1.851 r  datapath/Audio_Codec/audiocodec_master_clock/inst/mmcm_adv_inst/CLKOUT1
                         net (fo=1, routed)           1.760    -0.091    datapath/Audio_Codec/audiocodec_master_clock/inst/clk_out2_clk_wiz_1
    BUFGCTRL_X0Y3        BUFG (Prop_bufg_I_O)         0.091     0.000 r  datapath/Audio_Codec/audiocodec_master_clock/inst/clkout2_buf/O
                         net (fo=115, routed)         1.698     1.698    datapath/Audio_Codec/initialize_audio/CLK
    SLICE_X160Y123       FDRE                                         r  datapath/Audio_Codec/initialize_audio/initA_reg[5]/C





Min Delay Paths
--------------------------------------------------------------------------------------
Slack:                    inf
  Source:                 sda
                            (input port)
  Destination:            datapath/Audio_Codec/initialize_audio/twi_controller/dSda_reg/D
                            (rising edge-triggered cell FDRE clocked by clk_out2_clk_wiz_1  {rise@0.000ns fall@10.000ns period=20.000ns})
  Path Group:             (none)
  Path Type:              Hold (Min at Fast Process Corner)
  Data Path Delay:        0.593ns  (logic 0.246ns (41.418%)  route 0.347ns (58.582%))
  Logic Levels:           1  (IBUF=1)
  Clock Path Skew:        0.913ns (DCD - SCD - CPR)
    Destination Clock Delay (DCD):    0.913ns
    Source Clock Delay      (SCD):    0.000ns
    Clock Pessimism Removal (CPR):    -0.000ns

    Location             Delay type                Incr(ns)  Path(ns)    Netlist Resource(s)
  -------------------------------------------------------------------    -------------------
    V5                                                0.000     0.000 r  sda (INOUT)
                         net (fo=1, unset)            0.000     0.000    sda_IOBUF_inst/IO
    V5                   IBUF (Prop_ibuf_I_O)         0.246     0.246 r  sda_IOBUF_inst/IBUF/O
                         net (fo=1, routed)           0.347     0.593    datapath/Audio_Codec/initialize_audio/twi_controller/sda_IBUF
    SLICE_X163Y117       FDRE                                         r  datapath/Audio_Codec/initialize_audio/twi_controller/dSda_reg/D
  -------------------------------------------------------------------    -------------------

                         (clock clk_out2_clk_wiz_1 rise edge)
                                                      0.000     0.000 r  
    BUFGCTRL_X0Y2        BUFG                         0.000     0.000 r  clk_IBUF_BUFG_inst/O
                         net (fo=302, routed)         0.879     0.879    datapath/Audio_Codec/audiocodec_master_clock/inst/clk_in1
    MMCME2_ADV_X0Y2      MMCME2_ADV (Prop_mmcme2_adv_CLKIN1_CLKOUT1)
                                                     -1.502    -0.624 r  datapath/Audio_Codec/audiocodec_master_clock/inst/mmcm_adv_inst/CLKOUT1
                         net (fo=1, routed)           0.595    -0.029    datapath/Audio_Codec/audiocodec_master_clock/inst/clk_out2_clk_wiz_1
    BUFGCTRL_X0Y3        BUFG (Prop_bufg_I_O)         0.029    -0.000 r  datapath/Audio_Codec/audiocodec_master_clock/inst/clkout2_buf/O
                         net (fo=115, routed)         0.913     0.913    datapath/Audio_Codec/initialize_audio/twi_controller/CLK
    SLICE_X163Y117       FDRE                                         r  datapath/Audio_Codec/initialize_audio/twi_controller/dSda_reg/C

Slack:                    inf
  Source:                 scl
                            (input port)
  Destination:            datapath/Audio_Codec/initialize_audio/twi_controller/dScl_reg/D
                            (rising edge-triggered cell FDRE clocked by clk_out2_clk_wiz_1  {rise@0.000ns fall@10.000ns period=20.000ns})
  Path Group:             (none)
  Path Type:              Hold (Min at Fast Process Corner)
  Data Path Delay:        0.610ns  (logic 0.263ns (43.053%)  route 0.347ns (56.947%))
  Logic Levels:           1  (IBUF=1)
  Clock Path Skew:        0.911ns (DCD - SCD - CPR)
    Destination Clock Delay (DCD):    0.911ns
    Source Clock Delay      (SCD):    0.000ns
    Clock Pessimism Removal (CPR):    -0.000ns

    Location             Delay type                Incr(ns)  Path(ns)    Netlist Resource(s)
  -------------------------------------------------------------------    -------------------
    W5                                                0.000     0.000 r  scl (INOUT)
                         net (fo=1, unset)            0.000     0.000    scl_IOBUF_inst/IO
    W5                   IBUF (Prop_ibuf_I_O)         0.263     0.263 r  scl_IOBUF_inst/IBUF/O
                         net (fo=1, routed)           0.347     0.610    datapath/Audio_Codec/initialize_audio/twi_controller/scl_IBUF
    SLICE_X163Y119       FDRE                                         r  datapath/Audio_Codec/initialize_audio/twi_controller/dScl_reg/D
  -------------------------------------------------------------------    -------------------

                         (clock clk_out2_clk_wiz_1 rise edge)
                                                      0.000     0.000 r  
    BUFGCTRL_X0Y2        BUFG                         0.000     0.000 r  clk_IBUF_BUFG_inst/O
                         net (fo=302, routed)         0.879     0.879    datapath/Audio_Codec/audiocodec_master_clock/inst/clk_in1
    MMCME2_ADV_X0Y2      MMCME2_ADV (Prop_mmcme2_adv_CLKIN1_CLKOUT1)
                                                     -1.502    -0.624 r  datapath/Audio_Codec/audiocodec_master_clock/inst/mmcm_adv_inst/CLKOUT1
                         net (fo=1, routed)           0.595    -0.029    datapath/Audio_Codec/audiocodec_master_clock/inst/clk_out2_clk_wiz_1
    BUFGCTRL_X0Y3        BUFG (Prop_bufg_I_O)         0.029    -0.000 r  datapath/Audio_Codec/audiocodec_master_clock/inst/clkout2_buf/O
                         net (fo=115, routed)         0.911     0.911    datapath/Audio_Codec/initialize_audio/twi_controller/CLK
    SLICE_X163Y119       FDRE                                         r  datapath/Audio_Codec/initialize_audio/twi_controller/dScl_reg/C

Slack:                    inf
  Source:                 reset_n
                            (input port)
  Destination:            datapath/Audio_Codec/initialize_audio/data_i_reg[0]/CE
                            (rising edge-triggered cell FDRE clocked by clk_out2_clk_wiz_1  {rise@0.000ns fall@10.000ns period=20.000ns})
  Path Group:             (none)
  Path Type:              Hold (Min at Fast Process Corner)
  Data Path Delay:        1.928ns  (logic 0.186ns (9.642%)  route 1.742ns (90.358%))
  Logic Levels:           1  (IBUF=1)
  Clock Path Skew:        0.908ns (DCD - SCD - CPR)
    Destination Clock Delay (DCD):    0.908ns
    Source Clock Delay      (SCD):    0.000ns
    Clock Pessimism Removal (CPR):    -0.000ns

    Location             Delay type                Incr(ns)  Path(ns)    Netlist Resource(s)
  -------------------------------------------------------------------    -------------------
    G4                                                0.000     0.000 r  reset_n (IN)
                         net (fo=0)                   0.000     0.000    reset_n
    G4                   IBUF (Prop_ibuf_I_O)         0.186     0.186 r  reset_n_IBUF_inst/O
                         net (fo=48, routed)          1.742     1.928    datapath/Audio_Codec/initialize_audio/reset_n_IBUF
    SLICE_X158Y121       FDRE                                         r  datapath/Audio_Codec/initialize_audio/data_i_reg[0]/CE
  -------------------------------------------------------------------    -------------------

                         (clock clk_out2_clk_wiz_1 rise edge)
                                                      0.000     0.000 r  
    BUFGCTRL_X0Y2        BUFG                         0.000     0.000 r  clk_IBUF_BUFG_inst/O
                         net (fo=302, routed)         0.879     0.879    datapath/Audio_Codec/audiocodec_master_clock/inst/clk_in1
    MMCME2_ADV_X0Y2      MMCME2_ADV (Prop_mmcme2_adv_CLKIN1_CLKOUT1)
                                                     -1.502    -0.624 r  datapath/Audio_Codec/audiocodec_master_clock/inst/mmcm_adv_inst/CLKOUT1
                         net (fo=1, routed)           0.595    -0.029    datapath/Audio_Codec/audiocodec_master_clock/inst/clk_out2_clk_wiz_1
    BUFGCTRL_X0Y3        BUFG (Prop_bufg_I_O)         0.029    -0.000 r  datapath/Audio_Codec/audiocodec_master_clock/inst/clkout2_buf/O
                         net (fo=115, routed)         0.908     0.908    datapath/Audio_Codec/initialize_audio/CLK
    SLICE_X158Y121       FDRE                                         r  datapath/Audio_Codec/initialize_audio/data_i_reg[0]/C

Slack:                    inf
  Source:                 reset_n
                            (input port)
  Destination:            datapath/Audio_Codec/initialize_audio/msg_reg/CE
                            (rising edge-triggered cell FDRE clocked by clk_out2_clk_wiz_1  {rise@0.000ns fall@10.000ns period=20.000ns})
  Path Group:             (none)
  Path Type:              Hold (Min at Fast Process Corner)
  Data Path Delay:        1.928ns  (logic 0.186ns (9.642%)  route 1.742ns (90.358%))
  Logic Levels:           1  (IBUF=1)
  Clock Path Skew:        0.908ns (DCD - SCD - CPR)
    Destination Clock Delay (DCD):    0.908ns
    Source Clock Delay      (SCD):    0.000ns
    Clock Pessimism Removal (CPR):    -0.000ns

    Location             Delay type                Incr(ns)  Path(ns)    Netlist Resource(s)
  -------------------------------------------------------------------    -------------------
    G4                                                0.000     0.000 r  reset_n (IN)
                         net (fo=0)                   0.000     0.000    reset_n
    G4                   IBUF (Prop_ibuf_I_O)         0.186     0.186 r  reset_n_IBUF_inst/O
                         net (fo=48, routed)          1.742     1.928    datapath/Audio_Codec/initialize_audio/reset_n_IBUF
    SLICE_X158Y121       FDRE                                         r  datapath/Audio_Codec/initialize_audio/msg_reg/CE
  -------------------------------------------------------------------    -------------------

                         (clock clk_out2_clk_wiz_1 rise edge)
                                                      0.000     0.000 r  
    BUFGCTRL_X0Y2        BUFG                         0.000     0.000 r  clk_IBUF_BUFG_inst/O
                         net (fo=302, routed)         0.879     0.879    datapath/Audio_Codec/audiocodec_master_clock/inst/clk_in1
    MMCME2_ADV_X0Y2      MMCME2_ADV (Prop_mmcme2_adv_CLKIN1_CLKOUT1)
                                                     -1.502    -0.624 r  datapath/Audio_Codec/audiocodec_master_clock/inst/mmcm_adv_inst/CLKOUT1
                         net (fo=1, routed)           0.595    -0.029    datapath/Audio_Codec/audiocodec_master_clock/inst/clk_out2_clk_wiz_1
    BUFGCTRL_X0Y3        BUFG (Prop_bufg_I_O)         0.029    -0.000 r  datapath/Audio_Codec/audiocodec_master_clock/inst/clkout2_buf/O
                         net (fo=115, routed)         0.908     0.908    datapath/Audio_Codec/initialize_audio/CLK
    SLICE_X158Y121       FDRE                                         r  datapath/Audio_Codec/initialize_audio/msg_reg/C

Slack:                    inf
  Source:                 reset_n
                            (input port)
  Destination:            datapath/Audio_Codec/initialize_audio/data_i_reg[4]/CE
                            (rising edge-triggered cell FDRE clocked by clk_out2_clk_wiz_1  {rise@0.000ns fall@10.000ns period=20.000ns})
  Path Group:             (none)
  Path Type:              Hold (Min at Fast Process Corner)
  Data Path Delay:        1.967ns  (logic 0.186ns (9.451%)  route 1.781ns (90.549%))
  Logic Levels:           1  (IBUF=1)
  Clock Path Skew:        0.909ns (DCD - SCD - CPR)
    Destination Clock Delay (DCD):    0.909ns
    Source Clock Delay      (SCD):    0.000ns
    Clock Pessimism Removal (CPR):    -0.000ns

    Location             Delay type                Incr(ns)  Path(ns)    Netlist Resource(s)
  -------------------------------------------------------------------    -------------------
    G4                                                0.000     0.000 r  reset_n (IN)
                         net (fo=0)                   0.000     0.000    reset_n
    G4                   IBUF (Prop_ibuf_I_O)         0.186     0.186 r  reset_n_IBUF_inst/O
                         net (fo=48, routed)          1.781     1.967    datapath/Audio_Codec/initialize_audio/reset_n_IBUF
    SLICE_X159Y120       FDRE                                         r  datapath/Audio_Codec/initialize_audio/data_i_reg[4]/CE
  -------------------------------------------------------------------    -------------------

                         (clock clk_out2_clk_wiz_1 rise edge)
                                                      0.000     0.000 r  
    BUFGCTRL_X0Y2        BUFG                         0.000     0.000 r  clk_IBUF_BUFG_inst/O
                         net (fo=302, routed)         0.879     0.879    datapath/Audio_Codec/audiocodec_master_clock/inst/clk_in1
    MMCME2_ADV_X0Y2      MMCME2_ADV (Prop_mmcme2_adv_CLKIN1_CLKOUT1)
                                                     -1.502    -0.624 r  datapath/Audio_Codec/audiocodec_master_clock/inst/mmcm_adv_inst/CLKOUT1
                         net (fo=1, routed)           0.595    -0.029    datapath/Audio_Codec/audiocodec_master_clock/inst/clk_out2_clk_wiz_1
    BUFGCTRL_X0Y3        BUFG (Prop_bufg_I_O)         0.029    -0.000 r  datapath/Audio_Codec/audiocodec_master_clock/inst/clkout2_buf/O
                         net (fo=115, routed)         0.909     0.909    datapath/Audio_Codec/initialize_audio/CLK
    SLICE_X159Y120       FDRE                                         r  datapath/Audio_Codec/initialize_audio/data_i_reg[4]/C

Slack:                    inf
  Source:                 reset_n
                            (input port)
  Destination:            datapath/Audio_Codec/initialize_audio/data_i_reg[6]/CE
                            (rising edge-triggered cell FDRE clocked by clk_out2_clk_wiz_1  {rise@0.000ns fall@10.000ns period=20.000ns})
  Path Group:             (none)
  Path Type:              Hold (Min at Fast Process Corner)
  Data Path Delay:        1.993ns  (logic 0.186ns (9.328%)  route 1.807ns (90.672%))
  Logic Levels:           1  (IBUF=1)
  Clock Path Skew:        0.907ns (DCD - SCD - CPR)
    Destination Clock Delay (DCD):    0.907ns
    Source Clock Delay      (SCD):    0.000ns
    Clock Pessimism Removal (CPR):    -0.000ns

    Location             Delay type                Incr(ns)  Path(ns)    Netlist Resource(s)
  -------------------------------------------------------------------    -------------------
    G4                                                0.000     0.000 r  reset_n (IN)
                         net (fo=0)                   0.000     0.000    reset_n
    G4                   IBUF (Prop_ibuf_I_O)         0.186     0.186 r  reset_n_IBUF_inst/O
                         net (fo=48, routed)          1.807     1.993    datapath/Audio_Codec/initialize_audio/reset_n_IBUF
    SLICE_X158Y122       FDRE                                         r  datapath/Audio_Codec/initialize_audio/data_i_reg[6]/CE
  -------------------------------------------------------------------    -------------------

                         (clock clk_out2_clk_wiz_1 rise edge)
                                                      0.000     0.000 r  
    BUFGCTRL_X0Y2        BUFG                         0.000     0.000 r  clk_IBUF_BUFG_inst/O
                         net (fo=302, routed)         0.879     0.879    datapath/Audio_Codec/audiocodec_master_clock/inst/clk_in1
    MMCME2_ADV_X0Y2      MMCME2_ADV (Prop_mmcme2_adv_CLKIN1_CLKOUT1)
                                                     -1.502    -0.624 r  datapath/Audio_Codec/audiocodec_master_clock/inst/mmcm_adv_inst/CLKOUT1
                         net (fo=1, routed)           0.595    -0.029    datapath/Audio_Codec/audiocodec_master_clock/inst/clk_out2_clk_wiz_1
    BUFGCTRL_X0Y3        BUFG (Prop_bufg_I_O)         0.029    -0.000 r  datapath/Audio_Codec/audiocodec_master_clock/inst/clkout2_buf/O
                         net (fo=115, routed)         0.907     0.907    datapath/Audio_Codec/initialize_audio/CLK
    SLICE_X158Y122       FDRE                                         r  datapath/Audio_Codec/initialize_audio/data_i_reg[6]/C

Slack:                    inf
  Source:                 reset_n
                            (input port)
  Destination:            datapath/Audio_Codec/initialize_audio/stb_reg/CE
                            (rising edge-triggered cell FDRE clocked by clk_out2_clk_wiz_1  {rise@0.000ns fall@10.000ns period=20.000ns})
  Path Group:             (none)
  Path Type:              Hold (Min at Fast Process Corner)
  Data Path Delay:        1.993ns  (logic 0.186ns (9.328%)  route 1.807ns (90.672%))
  Logic Levels:           1  (IBUF=1)
  Clock Path Skew:        0.907ns (DCD - SCD - CPR)
    Destination Clock Delay (DCD):    0.907ns
    Source Clock Delay      (SCD):    0.000ns
    Clock Pessimism Removal (CPR):    -0.000ns

    Location             Delay type                Incr(ns)  Path(ns)    Netlist Resource(s)
  -------------------------------------------------------------------    -------------------
    G4                                                0.000     0.000 r  reset_n (IN)
                         net (fo=0)                   0.000     0.000    reset_n
    G4                   IBUF (Prop_ibuf_I_O)         0.186     0.186 r  reset_n_IBUF_inst/O
                         net (fo=48, routed)          1.807     1.993    datapath/Audio_Codec/initialize_audio/reset_n_IBUF
    SLICE_X158Y122       FDRE                                         r  datapath/Audio_Codec/initialize_audio/stb_reg/CE
  -------------------------------------------------------------------    -------------------

                         (clock clk_out2_clk_wiz_1 rise edge)
                                                      0.000     0.000 r  
    BUFGCTRL_X0Y2        BUFG                         0.000     0.000 r  clk_IBUF_BUFG_inst/O
                         net (fo=302, routed)         0.879     0.879    datapath/Audio_Codec/audiocodec_master_clock/inst/clk_in1
    MMCME2_ADV_X0Y2      MMCME2_ADV (Prop_mmcme2_adv_CLKIN1_CLKOUT1)
                                                     -1.502    -0.624 r  datapath/Audio_Codec/audiocodec_master_clock/inst/mmcm_adv_inst/CLKOUT1
                         net (fo=1, routed)           0.595    -0.029    datapath/Audio_Codec/audiocodec_master_clock/inst/clk_out2_clk_wiz_1
    BUFGCTRL_X0Y3        BUFG (Prop_bufg_I_O)         0.029    -0.000 r  datapath/Audio_Codec/audiocodec_master_clock/inst/clkout2_buf/O
                         net (fo=115, routed)         0.907     0.907    datapath/Audio_Codec/initialize_audio/CLK
    SLICE_X158Y122       FDRE                                         r  datapath/Audio_Codec/initialize_audio/stb_reg/C

Slack:                    inf
  Source:                 reset_n
                            (input port)
  Destination:            datapath/Audio_Codec/initialize_audio/data_i_reg[2]/CE
                            (rising edge-triggered cell FDRE clocked by clk_out2_clk_wiz_1  {rise@0.000ns fall@10.000ns period=20.000ns})
  Path Group:             (none)
  Path Type:              Hold (Min at Fast Process Corner)
  Data Path Delay:        1.994ns  (logic 0.186ns (9.322%)  route 1.808ns (90.678%))
  Logic Levels:           1  (IBUF=1)
  Clock Path Skew:        0.909ns (DCD - SCD - CPR)
    Destination Clock Delay (DCD):    0.909ns
    Source Clock Delay      (SCD):    0.000ns
    Clock Pessimism Removal (CPR):    -0.000ns

    Location             Delay type                Incr(ns)  Path(ns)    Netlist Resource(s)
  -------------------------------------------------------------------    -------------------
    G4                                                0.000     0.000 r  reset_n (IN)
                         net (fo=0)                   0.000     0.000    reset_n
    G4                   IBUF (Prop_ibuf_I_O)         0.186     0.186 r  reset_n_IBUF_inst/O
                         net (fo=48, routed)          1.808     1.994    datapath/Audio_Codec/initialize_audio/reset_n_IBUF
    SLICE_X161Y121       FDRE                                         r  datapath/Audio_Codec/initialize_audio/data_i_reg[2]/CE
  -------------------------------------------------------------------    -------------------

                         (clock clk_out2_clk_wiz_1 rise edge)
                                                      0.000     0.000 r  
    BUFGCTRL_X0Y2        BUFG                         0.000     0.000 r  clk_IBUF_BUFG_inst/O
                         net (fo=302, routed)         0.879     0.879    datapath/Audio_Codec/audiocodec_master_clock/inst/clk_in1
    MMCME2_ADV_X0Y2      MMCME2_ADV (Prop_mmcme2_adv_CLKIN1_CLKOUT1)
                                                     -1.502    -0.624 r  datapath/Audio_Codec/audiocodec_master_clock/inst/mmcm_adv_inst/CLKOUT1
                         net (fo=1, routed)           0.595    -0.029    datapath/Audio_Codec/audiocodec_master_clock/inst/clk_out2_clk_wiz_1
    BUFGCTRL_X0Y3        BUFG (Prop_bufg_I_O)         0.029    -0.000 r  datapath/Audio_Codec/audiocodec_master_clock/inst/clkout2_buf/O
                         net (fo=115, routed)         0.909     0.909    datapath/Audio_Codec/initialize_audio/CLK
    SLICE_X161Y121       FDRE                                         r  datapath/Audio_Codec/initialize_audio/data_i_reg[2]/C

Slack:                    inf
  Source:                 reset_n
                            (input port)
  Destination:            datapath/Audio_Codec/initialize_audio/data_i_reg[7]/CE
                            (rising edge-triggered cell FDRE clocked by clk_out2_clk_wiz_1  {rise@0.000ns fall@10.000ns period=20.000ns})
  Path Group:             (none)
  Path Type:              Hold (Min at Fast Process Corner)
  Data Path Delay:        1.994ns  (logic 0.186ns (9.322%)  route 1.808ns (90.678%))
  Logic Levels:           1  (IBUF=1)
  Clock Path Skew:        0.909ns (DCD - SCD - CPR)
    Destination Clock Delay (DCD):    0.909ns
    Source Clock Delay      (SCD):    0.000ns
    Clock Pessimism Removal (CPR):    -0.000ns

    Location             Delay type                Incr(ns)  Path(ns)    Netlist Resource(s)
  -------------------------------------------------------------------    -------------------
    G4                                                0.000     0.000 r  reset_n (IN)
                         net (fo=0)                   0.000     0.000    reset_n
    G4                   IBUF (Prop_ibuf_I_O)         0.186     0.186 r  reset_n_IBUF_inst/O
                         net (fo=48, routed)          1.808     1.994    datapath/Audio_Codec/initialize_audio/reset_n_IBUF
    SLICE_X161Y121       FDRE                                         r  datapath/Audio_Codec/initialize_audio/data_i_reg[7]/CE
  -------------------------------------------------------------------    -------------------

                         (clock clk_out2_clk_wiz_1 rise edge)
                                                      0.000     0.000 r  
    BUFGCTRL_X0Y2        BUFG                         0.000     0.000 r  clk_IBUF_BUFG_inst/O
                         net (fo=302, routed)         0.879     0.879    datapath/Audio_Codec/audiocodec_master_clock/inst/clk_in1
    MMCME2_ADV_X0Y2      MMCME2_ADV (Prop_mmcme2_adv_CLKIN1_CLKOUT1)
                                                     -1.502    -0.624 r  datapath/Audio_Codec/audiocodec_master_clock/inst/mmcm_adv_inst/CLKOUT1
                         net (fo=1, routed)           0.595    -0.029    datapath/Audio_Codec/audiocodec_master_clock/inst/clk_out2_clk_wiz_1
    BUFGCTRL_X0Y3        BUFG (Prop_bufg_I_O)         0.029    -0.000 r  datapath/Audio_Codec/audiocodec_master_clock/inst/clkout2_buf/O
                         net (fo=115, routed)         0.909     0.909    datapath/Audio_Codec/initialize_audio/CLK
    SLICE_X161Y121       FDRE                                         r  datapath/Audio_Codec/initialize_audio/data_i_reg[7]/C

Slack:                    inf
  Source:                 reset_n
                            (input port)
  Destination:            datapath/Audio_Codec/initialize_audio/data_i_reg[3]/CE
                            (rising edge-triggered cell FDRE clocked by clk_out2_clk_wiz_1  {rise@0.000ns fall@10.000ns period=20.000ns})
  Path Group:             (none)
  Path Type:              Hold (Min at Fast Process Corner)
  Data Path Delay:        2.047ns  (logic 0.186ns (9.081%)  route 1.861ns (90.919%))
  Logic Levels:           1  (IBUF=1)
  Clock Path Skew:        0.910ns (DCD - SCD - CPR)
    Destination Clock Delay (DCD):    0.910ns
    Source Clock Delay      (SCD):    0.000ns
    Clock Pessimism Removal (CPR):    -0.000ns

    Location             Delay type                Incr(ns)  Path(ns)    Netlist Resource(s)
  -------------------------------------------------------------------    -------------------
    G4                                                0.000     0.000 r  reset_n (IN)
                         net (fo=0)                   0.000     0.000    reset_n
    G4                   IBUF (Prop_ibuf_I_O)         0.186     0.186 r  reset_n_IBUF_inst/O
                         net (fo=48, routed)          1.861     2.047    datapath/Audio_Codec/initialize_audio/reset_n_IBUF
    SLICE_X161Y120       FDRE                                         r  datapath/Audio_Codec/initialize_audio/data_i_reg[3]/CE
  -------------------------------------------------------------------    -------------------

                         (clock clk_out2_clk_wiz_1 rise edge)
                                                      0.000     0.000 r  
    BUFGCTRL_X0Y2        BUFG                         0.000     0.000 r  clk_IBUF_BUFG_inst/O
                         net (fo=302, routed)         0.879     0.879    datapath/Audio_Codec/audiocodec_master_clock/inst/clk_in1
    MMCME2_ADV_X0Y2      MMCME2_ADV (Prop_mmcme2_adv_CLKIN1_CLKOUT1)
                                                     -1.502    -0.624 r  datapath/Audio_Codec/audiocodec_master_clock/inst/mmcm_adv_inst/CLKOUT1
                         net (fo=1, routed)           0.595    -0.029    datapath/Audio_Codec/audiocodec_master_clock/inst/clk_out2_clk_wiz_1
    BUFGCTRL_X0Y3        BUFG (Prop_bufg_I_O)         0.029    -0.000 r  datapath/Audio_Codec/audiocodec_master_clock/inst/clkout2_buf/O
                         net (fo=115, routed)         0.910     0.910    datapath/Audio_Codec/initialize_audio/CLK
    SLICE_X161Y120       FDRE                                         r  datapath/Audio_Codec/initialize_audio/data_i_reg[3]/C





